close_missing_reason,earliest_available_missing_reason,earliest_event_minutes,event_count,favorite_strength,home_away_edge,latest_event_minutes,latest_pre_kickoff_missing_reason,league,match_id,odds_entropy,open_missing_reason,overround_close,overround_earliest_available,overround_latest_pre_kickoff,overround_open,q_away_close,q_away_earliest_available,q_away_latest_pre_kickoff,q_away_movement,q_away_open,q_draw_close,q_draw_earliest_available,q_draw_latest_pre_kickoff,q_draw_movement,q_draw_open,q_home_close,q_home_earliest_available,q_home_latest_pre_kickoff,q_home_movement,q_home_open,season,time_span_minutes,valid_pre_kickoff_euro_count,y_true
,,1683.0,5,0.7583093967993435,-0.7583093967993435,1.0,,world_cup,world_cup_1127595,0.5862152265306784,,1.068859649122807,1.071592775041051,1.068859649122807,1.071592775041051,0.8206811653672549,0.8044744100520993,0.8206811653672549,0.016206755315155585,0.8044744100520993,0.11694706606483381,0.13331290223720502,0.11694706606483381,-0.01636583617237121,0.13331290223720502,0.062371768567911365,0.06221268771069567,0.062371768567911365,0.0001590808572156932,0.06221268771069567,2015,1682.0,5,2
,,1290.0,3,0.7613435474366529,-0.7613435474366529,247.0,,world_cup,world_cup_1127595,0.5784682491939329,,1.1223544973544972,1.1180504856087254,1.1223544973544972,1.1180504856087254,0.8249852681202121,0.7845736786908603,0.8249852681202121,0.04041158942935186,0.7845736786908603,0.11137301119622865,0.1466252448700952,0.11137301119622865,-0.035252233673866554,0.1466252448700952,0.06364172068355922,0.06880107643904466,0.06364172068355922,-0.0051593557554854425,0.06880107643904466,2015,1043.0,3,2
,,1436.0,110,0.7451924165379966,-0.7451924165379966,1.0,,world_cup,world_cup_1127595,0.5946291769262344,,1.0800264860762268,1.0800069395761194,1.0800264860762268,1.0800069395761194,0.8193833795942024,0.7913845952103857,0.8193833795942024,0.027998784383816644,0.7913845952103857,0.1064256573495918,0.1361647024111987,0.1064256573495918,-0.029739045061606906,0.1361647024111987,0.07419096305620582,0.0724507023784156,0.07419096305620582,0.0017402606777902202,0.0724507023784156,2015,1435.0,110,2
,,2329.0,13,0.7932242961882973,-0.7932242961882973,0.0,,world_cup,world_cup_1127595,0.5372864569131633,,1.054594023545576,1.1016224188790562,1.054594023545576,1.1016224188790562,0.8391435305475583,0.8033203909492569,0.8391435305475583,0.03582313959830141,0.8033203909492569,0.11493723509318071,0.12103360556968802,0.11493723509318071,-0.0060963704765073096,0.12103360556968802,0.04591923435926106,0.07564600348105502,0.04591923435926106,-0.029726769121793957,0.07564600348105502,2015,2329.0,13,2
,,2043.0,3,0.3355866731047804,-0.3355866731047804,213.0,,world_cup,world_cup_1127596,1.0041358064981947,,1.0702842377260982,1.0696994424044608,1.0702842377260982,1.0696994424044608,0.5432158377595365,0.543512809103045,0.5432158377595365,-0.00029697134350847865,0.543512809103045,0.2491549975857074,0.25967834212701035,0.2491549975857074,-0.010523344541302965,0.25967834212701035,0.20762916465475614,0.19680884876994467,0.20762916465475614,0.010820315884811471,0.19680884876994467,2015,1830.0,3,2
,,2415.0,53,0.3028784943260449,-0.3028784943260449,4.0,,world_cup,world_cup_1127596,1.022741467511003,,1.0798256558267174,1.0799168152109329,1.0798256558267174,1.0799168152109329,0.520267091060061,0.5612104539202201,0.520267091060061,-0.040943362860159094,0.5612104539202201,0.2623443122059231,0.25722145804676755,0.2623443122059231,0.005122854159155532,0.25722145804676755,0.21738859673401606,0.18156808803301241,0.21738859673401606,0.035820508701003645,0.18156808803301241,2015,2411.0,53,2
,,2677.0,41,0.31978516522169287,-0.31978516522169287,0.0,,world_cup,world_cup_1127596,1.0143894399633622,,1.0536127516151148,1.1008403361344539,1.0536127516151148,1.1008403361344539,0.5302320202756746,0.5190839694656488,0.5302320202756746,0.011148050810025789,0.5190839694656488,0.25932112467034363,0.26717557251908397,0.25932112467034363,-0.007854447848740342,0.26717557251908397,0.21044685505398178,0.21374045801526714,0.21044685505398178,-0.0032936029612853635,0.21374045801526714,2015,2677.0,41,2
,,2523.0,10,0.65625,0.65625,53.0,,world_cup,world_cup_1127597,0.7277259541583039,,1.0666666666666667,1.0621600621600622,1.0666666666666667,1.0621600621600622,0.09375,0.10460863204096561,0.09375,-0.010858632040965613,0.10460863204096561,0.15625,0.1711777615215801,0.15625,-0.014927761521580096,0.1711777615215801,0.75,0.7242136064374541,0.75,0.025786393562545862,0.7242136064374541,2015,2470.0,10,1
,,2654.0,4,0.6121172209417188,0.6121172209417188,46.0,,world_cup,world_cup_1127597,0.7750293534318735,,1.1132697947214076,1.1162883631713556,1.1132697947214076,1.1162883631713556,0.11228185709581824,0.10539127944440466,0.11228185709581824,0.006890577651413585,0.10539127944440466,0.16331906486664471,0.1947447554950956,0.16331906486664471,-0.03142569062845088,0.1947447554950956,0.7243990780375371,0.6998639650604996,0.7243990780375371,0.024535112977037477,0.6998639650604996,2015,2608.0,4,1
,,1817.0,75,0.5954536745451955,0.5954536745451955,2.0,,world_cup,world_cup_1127597,0.7881645674279143,,1.0800057664261036,1.0799808429118773,1.0800057664261036,1.0799808429118773,0.1223145286884239,0.09977827050997784,0.1223145286884239,0.022536258178446067,0.09977827050997784,0.15991726807795664,0.16534684827367754,0.15991726807795664,-0.005429580195720901,0.16534684827367754,0.7177682032336193,0.7348748812163446,0.7177682032336193,-0.01710667798272525,0.7348748812163446,2015,1815.0,75,1
,,2475.0,20,0.6540272174642334,0.6540272174642334,0.0,,world_cup,world_cup_1127597,0.7293694362521123,,1.0505689270226746,1.1017628205128205,1.0505689270226746,1.1017628205128205,0.09547293864133062,0.11636363636363638,0.09547293864133062,-0.020890697722305757,0.11636363636363638,0.1550269052531053,0.17454545454545453,0.1550269052531053,-0.019518549292349224,0.17454545454545453,0.7495001561055641,0.7090909090909091,0.7495001561055641,0.04040924701465498,0.7090909090909091,2015,2475.0,20,1
,,3796.0,6,0.6027978623074505,0.6027978623074505,315.0,,world_cup,world_cup_1127599,0.7952827393160233,,1.0629908103592314,1.090868196131354,1.0629908103592314,1.090868196131354,0.10452687834014461,0.10185567010309278,0.10452687834014461,0.002671208237051831,0.10185567010309278,0.1881483810122603,0.19298969072164948,0.1881483810122603,-0.004841309709389174,0.19298969072164948,0.7073247406475951,0.7051546391752577,0.7073247406475951,0.002170101472337427,0.7051546391752577,2015,3481.0,6,1
,,2422.0,2,0.5770334928229665,0.5770334928229665,67.0,,world_cup,world_cup_1127599,0.8231184384692614,,1.1164529914529915,1.1167842811678428,1.1164529914529915,1.1167842811678428,0.11196172248803828,0.12266138025027877,0.11196172248803828,-0.010699657762240494,0.12266138025027877,0.1990430622009569,0.19898401685045222,0.1990430622009569,5.90453505046884e-05,0.19898401685045222,0.6889952153110047,0.678354602899269,0.6889952153110047,0.01064061241173575,0.678354602899269,2015,2355.0,2,1
,,3666.0,26,0.6097310600947428,0.6097310600947428,5.0,,world_cup,world_cup_1127599,0.791163252784611,,1.0800449883406256,1.0999461648618658,1.0800449883406256,1.0999461648618658,0.09705318210499551,0.11946588740055065,0.09705318210499551,-0.02241270529555514,0.11946588740055065,0.19616257569526635,0.22174034222394892,0.19616257569526635,-0.02557776652868257,0.22174034222394892,0.7067842421997382,0.6587937703755005,0.7067842421997382,0.04799047182423777,0.6587937703755005,2015,3661.0,26,1
,,3791.0,4,0.6061344461027688,0.6061344461027688,125.0,,world_cup,world_cup_1127599,0.7926599173127415,,1.0537955384368478,1.099949264332826,1.0537955384368478,1.099949264332826,0.10203770826353142,0.12453874538745388,0.10203770826353142,-0.022501037123922457,0.12453874538745388,0.18979013737016848,0.20202952029520296,0.18979013737016848,-0.012239382925034487,0.20202952029520296,0.7081721543663002,0.6734317343173432,0.7081721543663002,0.034740420048957055,0.6734317343173432,2015,3666.0,4,1
,,3976.0,10,0.19819481007897705,0.19819481007897705,495.0,,world_cup,world_cup_1127600,1.0638503943811566,,1.059700302885382,1.0928030303030303,1.059700302885382,1.0928030303030303,0.26212861978187285,0.3327556325823224,0.26212861978187285,-0.07062701280044953,0.3327556325823224,0.27754795035727714,0.2859618717504333,0.27754795035727714,-0.008413921393156165,0.2859618717504333,0.4603234298608499,0.38128249566724437,0.4603234298608499,0.07904093419360553,0.38128249566724437,2015,3481.0,10,1
,,3846.0,22,0.12416870520842299,0.12416870520842299,2.0,,world_cup,world_cup_1127600,1.0808215181687864,,1.0795019500278007,1.1005568608232315,1.0795019500278007,1.1005568608232315,0.2988235872598311,0.342879594865974,0.2988235872598311,-0.04405600760614292,0.342879594865974,0.27818412027191486,0.2753427049681306,0.27818412027191486,0.002841415303784234,0.2753427049681306,0.4229922924682541,0.3817777001658954,0.4229922924682541,0.04121459230235869,0.3817777001658954,2015,3844.0,22,1
,,3971.0,17,0.1589147286821705,0.1589147286821705,0.0,,world_cup,world_cup_1127600,1.074418176659456,,1.0490647872052048,1.1046568627450981,1.0490647872052048,1.1046568627450981,0.28036175710594313,0.3550033281562015,0.28036175710594313,-0.07464157105025837,0.3550033281562015,0.28036175710594313,0.28289327712447304,0.28036175710594313,-0.002531520018529909,0.28289327712447304,0.4392764857881136,0.3621033947193255,0.4392764857881136,0.07717309106878811,0.3621033947193255,2015,3971.0,17,1
,,1863.0,10,0.13385826771653547,0.13385826771653547,32.0,,world_cup,world_cup_1127601,1.0788208154107488,,1.061163101604278,1.0626780626780628,1.061163101604278,1.0626780626780628,0.29448818897637796,0.34852546916890076,0.29448818897637796,-0.054037280192522796,0.34852546916890076,0.2771653543307087,0.28954423592493295,0.2771653543307087,-0.012378881594224234,0.28954423592493295,0.42834645669291344,0.3619302949061662,0.42834645669291344,0.06641616178674725,0.3619302949061662,2015,1831.0,10,1
,,1470.0,4,0.13010181881472455,0.13010181881472455,339.0,,world_cup,world_cup_1127601,1.0792094828086003,,1.1150086116973534,1.116763565891473,1.1150086116973534,1.116763565891473,0.2969715429466539,0.3470715835140997,0.2969715429466539,-0.050100040567445825,0.3470715835140997,0.27595509529196766,0.2798264642082429,0.27595509529196766,-0.003871368916275264,0.2798264642082429,0.42707336176137844,0.37310195227765725,0.42707336176137844,0.0539714094837212,0.37310195227765725,2015,1131.0,4,1
,,2235.0,61,0.08626133691635879,0.08626133691635879,2.0,,world_cup,world_cup_1127601,1.0887037659018717,,1.0803988003472373,1.0803754955219498,1.0803988003472373,1.0803754955219498,0.31269734632180046,0.33295111903851876,0.31269734632180046,-0.0202537727167183,0.33295111903851876,0.2883439704400403,0.2892512846647131,0.2883439704400403,-0.0009073142246728283,0.2892512846647131,0.39895868323815925,0.3777975962967681,0.39895868323815925,0.021161086941391127,0.3777975962967681,2015,2233.0,61,1
,,2503.0,28,0.1132579852579853,0.1132579852579853,25.0,,world_cup,world_cup_1127601,1.0838966352277015,,1.052649002854308,1.1016682785299805,1.052649002854308,1.1016682785299805,0.3015823095823096,0.33007791067705483,0.3015823095823096,-0.02849560109474525,0.33007791067705483,0.2835773955773956,0.283660704488094,0.2835773955773956,-8.330891069840973e-05,0.283660704488094,0.4148402948402949,0.3862613848348514,0.4148402948402949,0.028578910005443492,0.3862613848348514,2015,2478.0,28,1
,,5236.0,6,0.40782122905027934,0.40782122905027934,19.0,,world_cup,world_cup_1127606,0.9608410593377792,,1.0654761904761905,1.0940709617180207,1.0654761904761905,1.0940709617180207,0.17877094972067037,0.17409857051418814,0.17877094972067037,0.0046723792064822245,0.17409857051418814,0.2346368715083799,0.22850437379987196,0.2346368715083799,0.0061324977085079335,0.22850437379987196,0.5865921787709497,0.5973970556859398,0.5865921787709497,-0.010804876914990102,0.5973970556859398,2015,5217.0,6,0
,,5106.0,31,0.3817344336906753,0.3817344336906753,3.0,,world_cup,world_cup_1127606,0.982488227137391,,1.0799711004909363,1.1001190960931513,1.0799711004909363,1.1001190960931513,0.1794478107092918,0.17281226106902062,0.1794478107092918,0.006635549640271188,0.17281226106902062,0.2593699448907411,0.23307499826232014,0.2593699448907411,0.026294946628420968,0.23307499826232014,0.5611822443999671,0.5941127406686592,0.5611822443999671,-0.032930496268692044,0.5941127406686592,2015,5103.0,31,0
,,5226.0,13,0.39015429831006615,0.39015429831006615,17.0,,world_cup,world_cup_1127606,0.9739472008489506,,1.0511275872721657,1.1009799814353893,1.0511275872721657,1.1009799814353893,0.18295371050698012,0.17809445646497057,0.18295371050698012,0.004859254042009542,0.17809445646497057,0.24393828067597356,0.2359173319406103,0.24393828067597356,0.00802094873536327,0.2359173319406103,0.5731080088170463,0.5859882115944192,0.5731080088170463,-0.012880202777372896,0.5859882115944192,2015,5209.0,13,0
,,2454.0,10,0.3686800894854586,-0.3686800894854586,16.0,,world_cup,world_cup_1127608,0.9829303210485103,,1.0629359543436907,1.0690763052208836,1.0629359543436907,1.0690763052208836,0.5667412378821775,0.5634861006761833,0.5667412378821775,0.0032551372059941297,0.5634861006761833,0.23519761372110362,0.2494365138993238,0.23519761372110362,-0.014238900178220187,0.2494365138993238,0.19806114839671882,0.18707738542449287,0.19806114839671882,0.010983762972225947,0.18707738542449287,2015,2438.0,10,1
,,2746.0,3,0.4304635761589405,-0.4304635761589405,1742.0,,world_cup,world_cup_1127608,0.9479987259814884,,1.1185185185185185,1.1174103109342628,1.1185185185185185,1.1174103109342628,0.5960264900662252,0.5664091213512146,0.5960264900662252,0.02961736871501064,0.5664091213512146,0.23841059602649006,0.24518531828353946,0.23841059602649006,-0.006774722257049393,0.24518531828353946,0.16556291390728475,0.1884055603652461,0.16556291390728475,-0.022842646457961358,0.1884055603652461,2015,1004.0,3,1
,,2369.0,58,0.3041259738834632,-0.3041259738834632,1.0,,world_cup,world_cup_1127608,1.0192422560688208,,1.0797291020938191,1.0800426437573196,1.0797291020938191,1.0800426437573196,0.5262262701635027,0.5715366464326243,0.5262262701635027,-0.0453103762691216,0.5715366464326243,0.25167343355645777,0.2436550966370661,0.25167343355645777,0.008018336919391661,0.2436550966370661,0.2221002962800395,0.18480825693030964,0.2221002962800395,0.037292039349729855,0.18480825693030964,2015,2368.0,58,1
,,2482.0,20,0.3446267352684205,0.3446267352684205,0.0,,world_cup,world_cup_1127608,0.9960867201175412,,1.0506935944512446,1.100108225108225,1.0506935944512446,1.100108225108225,0.20871760023298708,0.5509099852434826,0.20871760023298708,-0.3421923850104955,0.5509099852434826,0.23793806426560524,0.2597147073290703,0.23793806426560524,-0.02177664306346508,0.2597147073290703,0.5533443355014076,0.18937530742744715,0.5533443355014076,0.3639690280739605,0.18937530742744715,2015,2482.0,20,1
,,2229.0,6,0.1687170474516696,-0.1687170474516696,91.0,,world_cup,world_cup_1127610,1.0746830757919594,,1.0633305647840532,1.0616605616605617,1.0633305647840532,1.0616605616605617,0.4374145674672915,0.4485336400230017,0.4374145674672915,-0.011119072555710208,0.4485336400230017,0.2938879125170865,0.2898217366302473,0.2938879125170865,0.004066175886839218,0.2898217366302473,0.2686975200156219,0.26164462334675104,0.2686975200156219,0.007052896668870878,0.26164462334675104,2015,2138.0,6,2
,,2055.0,63,0.15127742379040676,-0.15127742379040676,3.0,,world_cup,world_cup_1127610,1.0802463543620149,,1.0799091398313494,1.0796575219652143,1.0799091398313494,1.0796575219652143,0.42283279928302214,0.44529790325929,0.42283279928302214,-0.02246510397626783,0.44529790325929,0.30561182522436253,0.28067261781191616,0.30561182522436253,0.024939207412446374,0.28067261781191616,0.2715553754926154,0.27402947892879387,0.2715553754926154,-0.0024741034361784875,0.27402947892879387,2015,2052.0,63,2
,,2247.0,32,0.1775763231569124,-0.1775763231569124,3.0,,world_cup,world_cup_1127610,1.073493206006856,,1.052262413287601,1.1024033437826541,1.052262413287601,1.1024033437826541,0.4379416077856286,0.41232227488151657,0.4379416077856286,0.025619332904112002,0.41232227488151657,0.30169310758565526,0.27488151658767773,0.30169310758565526,0.02681159099797753,0.27488151658767773,0.26036528462871616,0.3127962085308057,0.26036528462871616,-0.05243092390208953,0.3127962085308057,2015,2244.0,32,2
,,5056.0,7,0.208955223880597,0.208955223880597,148.0,,world_cup,world_cup_1127611,1.0585759813000457,,1.0634920634920635,1.0940709617180207,1.0634920634920635,1.0940709617180207,0.2611940298507463,0.17409857051418814,0.2611940298507463,0.08709545933655816,0.17409857051418814,0.26865671641791045,0.22850437379987196,0.26865671641791045,0.04015234261803849,0.22850437379987196,0.4701492537313433,0.5973970556859398,0.4701492537313433,-0.1272478019545965,0.5973970556859398,2015,4908.0,7,2
,,3682.0,4,0.19985974754558206,0.19985974754558206,80.0,,world_cup,world_cup_1127611,1.0648519735344202,,1.1150207209320508,1.1161856046766534,1.1150207209320508,1.1161856046766534,0.2577138849929874,0.21331151118385158,0.2577138849929874,0.04440237380913584,0.21331151118385158,0.2847124824684432,0.25968357883251497,0.2847124824684432,0.025028903635928246,0.25968357883251497,0.4575736325385695,0.5270049099836334,0.4575736325385695,-0.06943127744506389,0.5270049099836334,2015,3602.0,4,2
,,4926.0,69,0.16039095522424213,0.16039095522424213,4.0,,world_cup,world_cup_1127611,1.0754078137435936,,1.0798030991139285,1.100064971958755,1.0798030991139285,1.100064971958755,0.2764461992482872,0.1930015321504473,0.2764461992482872,0.08344466709783993,0.1930015321504473,0.2867166462791834,0.25606682152918503,0.2867166462791834,0.03064982474999839,0.25606682152918503,0.43683715447252935,0.5509316463203677,0.43683715447252935,-0.11409449184783838,0.5509316463203677,2015,4922.0,69,2
,,5046.0,38,0.17051347808742234,0.17051347808742234,0.0,,world_cup,world_cup_1127611,1.0714541612217034,,1.053456287597709,1.1014558372805794,1.053456287597709,1.1014558372805794,0.27514674873197703,0.18719367588932811,0.27514674873197703,0.08795307284264892,0.18719367588932811,0.2791930244486237,0.24537549407114626,0.2791930244486237,0.03381753037747745,0.24537549407114626,0.4456602268193994,0.5674308300395258,0.4456602268193994,-0.1217706032201264,0.5674308300395258,2015,5046.0,38,2
,,2845.0,4,0.563302752293578,-0.563302752293578,72.0,,world_cup,world_cup_1127620,0.8305637567809048,,1.0686274509803921,1.0649701176016966,1.0686274509803921,1.0649701176016966,0.6880733944954128,0.7223026792179579,0.6880733944954128,-0.03422928472254505,0.7223026792179579,0.1871559633027523,0.1788559015206372,0.1871559633027523,0.008300061782115092,0.1788559015206372,0.12477064220183487,0.09884141926140477,0.12477064220183487,0.025929222940430097,0.09884141926140477,2015,2773.0,4,0
,,2594.0,3,0.5774572852848282,-0.5774572852848282,127.0,,world_cup,world_cup_1127620,0.8145185034193142,,1.1173044217687074,1.1175710767552975,1.1173044217687074,1.1175710767552975,0.6992275200730622,0.727477783732333,0.6992275200730622,-0.028250263659270747,0.727477783732333,0.17900224513870394,0.16725190168051768,0.17900224513870394,0.011750343458186263,0.16725190168051768,0.12177023478823397,0.10527031458714936,0.12177023478823397,0.01649992020108461,0.10527031458714936,2015,2467.0,3,0
,,1730.0,72,0.500258173220643,-0.500258173220643,2.0,,world_cup,world_cup_1127620,0.8845165470338655,,1.0800241851218453,1.0799980888933922,1.0800241851218453,1.0799980888933922,0.6520459095397271,0.7290768223580392,0.6520459095397271,-0.07703091281831209,0.7290768223580392,0.19616635414118905,0.16534420792762677,0.19616635414118905,0.030822146213562274,0.16534420792762677,0.151787736319084,0.10557896971433409,0.151787736319084,0.0462087666047499,0.10557896971433409,2015,1728.0,72,0
,,2842.0,19,0.46649796135237426,-0.46649796135237426,0.0,,world_cup,world_cup_1127620,0.8958310887119785,,1.0537942376755396,1.10150819265144,1.0537942376755396,1.10150819265144,0.6455454817669931,0.7092548246231862,0.6455454817669931,-0.06370934285619312,0.7092548246231862,0.17540699781838814,0.17129173122975067,0.17540699781838814,0.004115266588637478,0.17129173122975067,0.17904752041461885,0.11945344414706295,0.17904752041461885,0.059594076267555904,0.11945344414706295,2015,2842.0,19,0
,,2289.0,7,0.15619389587073607,-0.15619389587073607,31.0,,world_cup,world_cup_1127622,1.0801923565560003,,1.0670498084291187,1.0631092553630697,1.0670498084291187,1.0631092553630697,0.41651705565529623,0.5140093406910212,0.41651705565529623,-0.09749228503572499,0.5140093406910212,0.32315978456014366,0.2687534552755911,0.32315978456014366,0.05440632928455258,0.2687534552755911,0.26032315978456017,0.21723720403338773,0.26032315978456017,0.04308595575117244,0.21723720403338773,2015,2258.0,7,2
,,2472.0,8,0.18046571798188873,-0.18046571798188873,38.0,,world_cup,world_cup_1127622,1.0739674538028097,,1.1205334493005725,1.1175434463105693,1.1205334493005725,1.1175434463105693,0.42496765847347995,0.4836863768697922,0.42496765847347995,-0.058718718396312264,0.4836863768697922,0.33053040103492887,0.27115751430579266,0.33053040103492887,0.05937288672913621,0.27115751430579266,0.2445019404915912,0.24515610882441527,0.2445019404915912,-0.0006541683328240566,0.24515610882441527,2015,2434.0,8,2
,,2311.0,60,0.10745581745594368,-0.10745581745594368,1.0,,world_cup,world_cup_1127622,1.0897950662528473,,1.0798531770007587,1.0801804012222507,1.0798531770007587,1.0801804012222507,0.3923948390245134,0.49506485924358246,0.3923948390245134,-0.10267002021906907,0.49506485924358246,0.3226661394069169,0.2763496378464177,0.3226661394069169,0.04631650156049921,0.2763496378464177,0.2849390215685697,0.22858550290999985,0.2849390215685697,0.05635351865856986,0.22858550290999985,2015,2310.0,60,2
,,2476.0,46,0.10694544580629661,-0.10694544580629661,0.0,,world_cup,world_cup_1127622,1.089553018972019,,1.053951367781155,1.1045031702688943,1.053951367781155,1.1045031702688943,0.3953376592165345,0.4416509532788603,0.3953376592165345,-0.04631329406232576,0.4416509532788603,0.31627012737322757,0.2662895453593128,0.31627012737322757,0.049980582013914754,0.2662895453593128,0.2883922134102379,0.29205950136182696,0.2883922134102379,-0.003667287951589049,0.29205950136182696,2015,2476.0,46,2
,,6496.0,5,0.889908256880734,0.889908256880734,877.0,,world_cup,world_cup_1127623,0.33755510901646657,,1.068627450980392,1.0960278053624626,1.068627450980392,1.0960278053624626,0.02752293577981652,0.0480202953701187,0.02752293577981652,-0.02049735959030218,0.0480202953701187,0.05504587155963304,0.09123856120322553,0.05504587155963304,-0.03619268964359249,0.09123856120322553,0.9174311926605506,0.8607411434266559,0.9174311926605506,0.05669004923389476,0.8607411434266559,2015,5619.0,5,0
,,5121.0,2,0.8442716363880137,0.8442716363880137,5070.0,,world_cup,world_cup_1127623,0.43178512820558057,,1.1188868886888688,1.1184928340268148,1.1188868886888688,1.1184928340268148,0.0406247905074747,0.04257429835076261,0.0406247905074747,-0.0019495078432879079,0.04257429835076261,0.07447878259703694,0.08940602653660149,0.07447878259703694,-0.014927243939564544,0.08940602653660149,0.8848964268954884,0.8680196751126358,0.8848964268954884,0.01687675178285264,0.8680196751126358,2015,51.0,2,0
,,6676.0,16,0.06748466257668712,0.06748466257668712,162.0,,world_cup,world_cup_1127624,1.0899493460683758,,1.0645245559038663,1.0955710955710956,1.0645245559038663,1.0955710955710956,0.3239263803680982,0.4148936170212766,0.3239263803680982,-0.09096723665317841,0.4148936170212766,0.2846625766871166,0.28085106382978725,0.2846625766871166,0.0038115128573293355,0.28085106382978725,0.3914110429447853,0.30425531914893617,0.3914110429447853,0.08715572379584913,0.30425531914893617,2015,6514.0,16,2
,,5301.0,5,0.08701472556894241,0.08701472556894241,97.0,,world_cup,world_cup_1127624,1.0854330592012935,,1.1193806193806195,1.1176529790660226,1.1193806193806195,1.1176529790660226,0.3190539937527889,0.38901395767672226,0.3190539937527889,-0.06995996392393333,0.38901395767672226,0.2748772869254797,0.2796037820801441,0.2748772869254797,-0.00472649515466439,0.2796037820801441,0.40606871932173133,0.3313822602431337,0.40606871932173133,0.07468645907859761,0.3313822602431337,2015,5204.0,5,2
,,6546.0,36,0.028931137534176865,0.028931137534176865,16.0,,world_cup,world_cup_1127624,1.0926257962544714,,1.079669103765489,1.0996507871507872,1.079669103765489,1.0996507871507872,0.3430406307623832,0.4096304533347125,0.3430406307623832,-0.06658982257232926,0.4096304533347125,0.28498760094105685,0.2841811270009568,0.28498760094105685,0.0008064739401000276,0.2841811270009568,0.3719717682965601,0.3061884196643305,0.3719717682965601,0.06578334863222957,0.3061884196643305,2015,6530.0,36,2
,,5552.0,14,0.04791000687897057,0.04791000687897057,1.0,,world_cup,world_cup_1127624,1.0939309955656398,,1.0525845032029442,1.099537037037037,1.0525845032029442,1.099537037037037,0.3276008578480961,0.37894736842105264,0.3276008578480961,-0.05134651057295653,0.37894736842105264,0.2968882774248371,0.28421052631578947,0.2968882774248371,0.01267775110904762,0.28421052631578947,0.3755108647270667,0.3368421052631579,0.3755108647270667,0.0386687594639088,0.3368421052631579,2015,5551.0,14,2
,,549.0,6,0.0410094637223975,-0.0410094637223975,0.0,,world_cup,world_cup_1149601,0.9987421379820252,,1.1083916083916083,1.1102212051868803,1.1083916083916083,1.1102212051868803,0.45110410094637227,0.4503607007901065,0.45110410094637227,0.0007434001562657833,0.4503607007901065,0.13880126182965302,0.15802129852284438,0.13880126182965302,-0.01922003669319136,0.15802129852284438,0.41009463722397477,0.39161800068704916,0.41009463722397477,0.018476636536925606,0.39161800068704916,2015,549.0,6,0
,,378.0,5,0.27728085867620744,0.27728085867620744,0.0,,world_cup,world_cup_1149602,0.9660836363566643,,1.1091269841269842,1.1102483533748262,1.1091269841269842,1.1102483533748262,0.28622540250447226,0.26886548561787355,0.28622540250447226,0.017359916886598714,0.26886548561787355,0.15026833631484793,0.13856913489536563,0.15026833631484793,0.011699201419482302,0.13856913489536563,0.5635062611806797,0.5925653794867609,0.5635062611806797,-0.02905911830608121,0.5925653794867609,2015,378.0,5,0
,,20439.0,11,0.10606920022688598,-0.10606920022688598,116.0,,world_cup,world_cup_1198380,1.0872192397759943,,1.0273892773892774,1.0644906310779945,1.0273892773892774,1.0644906310779945,0.4055587067498582,0.39637824509807906,0.4055587067498582,0.00918046165177916,0.39637824509807906,0.2949517867271696,0.27629895320071984,0.2949517867271696,0.018652833526449752,0.27629895320071984,0.29948950652297224,0.3273228017012012,0.29948950652297224,-0.027833295178228967,0.3273228017012012,2016,20323.0,11,0
,,12075.0,4,0.09273294694605438,-0.09273294694605438,854.0,,world_cup,world_cup_1198380,1.0859176777837423,,1.1179226475279107,1.1176361729689717,1.1179226475279107,1.1176361729689717,0.4065983058403923,0.4161607241417375,0.4065983058403923,-0.009562418301345188,0.4161607241417375,0.2795363352652697,0.27530632520145715,0.2795363352652697,0.004230010063812573,0.27530632520145715,0.3138653588943379,0.3085329506568054,0.3138653588943379,0.005332408237532504,0.3085329506568054,2016,11221.0,4,0
,,17160.0,49,0.07077361346034006,-0.07077361346034006,3.0,,world_cup,world_cup_1198380,1.0914313682552055,,1.081270996371057,1.078833478197885,1.081270996371057,1.078833478197885,0.38858719843318795,0.39612269732701105,0.38858719843318795,-0.0075354988938231005,0.39612269732701105,0.2935992165939642,0.28966472242037683,0.2935992165939642,0.003934494173587377,0.28966472242037683,0.3178135849728479,0.3142125802526121,0.3178135849728479,0.0036010047202357787,0.3142125802526121,2016,17157.0,49,0
,,18933.0,46,0.11126748903054895,-0.11126748903054895,0.0,,world_cup,world_cup_1198380,1.085532922381871,,1.077558521267485,1.0815018315018317,1.077558521267485,1.0815018315018317,0.4106300190413114,0.38526672311600335,0.4106300190413114,0.02536329592530806,0.38526672311600335,0.2900074509479262,0.2845046570702794,0.2900074509479262,0.005502793877646794,0.2845046570702794,0.29936253001076246,0.33022861981371715,0.29936253001076246,-0.030866089802954688,0.33022861981371715,2016,18933.0,46,0
,,20439.0,10,0.7474936938102322,0.7474936938102322,122.0,,world_cup,world_cup_1198381,0.6163050811344777,,1.0261498639410633,1.0654761904761905,1.0261498639410633,1.0654761904761905,0.05129034344479658,0.04469273743016759,0.05129034344479658,0.0065976060146289844,0.04469273743016759,0.14992561930017462,0.11731843575418995,0.14992561930017462,0.03260718354598467,0.11731843575418995,0.7987840372550288,0.8379888268156424,0.7987840372550288,-0.03920478956061357,0.8379888268156424,2016,20317.0,10,0
,,1906.0,2,0.6556291390728476,0.6556291390728476,520.0,,world_cup,world_cup_1198381,0.7329060367473241,,1.1185185185185187,1.1168091168091168,1.1185185185185187,1.1168091168091168,0.08940397350993376,0.06887755102040817,0.08940397350993376,0.02052642248952559,0.06887755102040817,0.16556291390728473,0.16581632653061223,0.16556291390728473,-0.00025341262332750913,0.16581632653061223,0.7450331125827814,0.7653061224489797,0.7450331125827814,-0.020273009866198288,0.7653061224489797,2016,1386.0,2,0
,,1369.0,57,0.6510936504565725,0.6510936504565725,1.0,,world_cup,world_cup_1198381,0.7372299919467427,,1.0850230414746544,1.0846371142981313,1.0850230414746544,1.0846371142981313,0.0921639413888299,0.07683061204046879,0.0921639413888299,0.01533332934836111,0.07683061204046879,0.16457846676576768,0.14184112992086548,0.16457846676576768,0.0227373368449022,0.14184112992086548,0.7432575918454024,0.7813282580386658,0.7432575918454024,-0.03807066619326338,0.7813282580386658,2016,1368.0,57,0
,,2115.0,13,0.6670730815186909,0.6670730815186909,0.0,,world_cup,world_cup_1198381,0.7203147515869842,,1.0824886495618202,1.0810768751945221,1.0824886495618202,1.0810768751945221,0.08398156502231219,0.06851878508708796,0.08398156502231219,0.015462779935224227,0.06851878508708796,0.16496378843668463,0.15416726644594791,0.16496378843668463,0.010796521990736718,0.15416726644594791,0.7510546465410032,0.7773139484669642,0.7510546465410032,-0.026259301925961043,0.7773139484669642,2016,2115.0,13,0
,,16204.0,6,0.8284496537027172,0.8284496537027172,485.0,,world_cup,world_cup_1198383,0.4737239028717148,,1.0313186813186812,1.071592775041051,1.0313186813186812,1.071592775041051,0.037293553542887596,0.06221268771069567,0.037293553542887596,-0.024919134167808075,0.06221268771069567,0.09696323921150773,0.13331290223720502,0.09696323921150773,-0.03634966302569728,0.13331290223720502,0.8657432072456047,0.8044744100520993,0.8657432072456047,0.06126879719350542,0.8044744100520993,2016,15719.0,6,0
,,3366.0,2,0.7815089402529438,0.7815089402529438,915.0,,world_cup,world_cup_1198383,0.5588605032244148,,1.117446393762183,1.1175057818893435,1.117446393762183,1.1175057818893435,0.0470998691670301,0.06391785401576057,0.0470998691670301,-0.01681798484873047,0.06391785401576057,0.1242913214129961,0.1225821857836504,0.1242913214129961,0.001709135629345701,0.1225821857836504,0.828608809419974,0.813499960200589,0.828608809419974,0.015108849219384934,0.813499960200589,2016,2451.0,2,0
,,2538.0,2,0.781673030197848,0.781673030197848,587.0,,world_cup,world_cup_1198383,0.5540786063489973,,1.0814564564564564,1.0800057372346528,1.0814564564564564,1.0800057372346528,0.05137105171815342,0.061728067146537766,0.05137105171815342,-0.010357015428384346,0.061728067146537766,0.1155848663658452,0.11155674785518872,0.1155848663658452,0.004028118510656473,0.11155674785518872,0.8330440819160013,0.8267151849982736,0.8330440819160013,0.006328896917727755,0.8267151849982736,2016,1951.0,2,0
,,4685.0,34,0.7577960830461461,0.7577960830461461,0.0,,world_cup,world_cup_1198383,0.5880339769450491,,1.0798275470841843,1.0807701070858964,1.0798275470841843,1.0807701070858964,0.061738253341178446,0.048698218614946776,0.061738253341178446,0.013040034726231671,0.048698218614946776,0.11872741027149702,0.11015073258142723,0.11872741027149702,0.008576677690069798,0.11015073258142723,0.8195343363873245,0.8411510488036261,0.8195343363873245,-0.021616712416301587,0.8411510488036261,2016,4685.0,34,0
,,16201.0,5,0.6824303797468354,0.6824303797468354,31.0,,world_cup,world_cup_1198384,0.7043669609746012,,1.0320861204013378,1.069672131147541,1.0320861204013378,1.069672131147541,0.07453164556962025,0.07790549169859515,0.07453164556962025,-0.0033738461289749,0.07790549169859515,0.16850632911392405,0.1558109833971903,0.16850632911392405,0.012695345716733752,0.1558109833971903,0.7569620253164556,0.7662835249042146,0.7569620253164556,-0.009321499587758963,0.7662835249042146,2016,16170.0,5,0
,,3366.0,2,0.6349292709466812,0.6349292709466812,931.0,,world_cup,world_cup_1198384,0.7543865758921926,,1.1159684274438373,1.1185185185185187,1.1159684274438373,1.1185185185185187,0.09956474428726876,0.08940397350993376,0.09956474428726876,0.010160770777335001,0.08940397350993376,0.16594124047878128,0.16556291390728473,0.16594124047878128,0.0003783265714965567,0.16556291390728473,0.73449401523395,0.7450331125827814,0.73449401523395,-0.010539097348831405,0.7450331125827814,2016,2435.0,2,0
,,4596.0,62,0.6324799793705141,0.6324799793705141,1.0,,world_cup,world_cup_1198384,0.7607967315819377,,1.080247486752835,1.0785313799963827,1.080247486752835,1.0785313799963827,0.09642852026417204,0.0955862624094446,0.09642852026417204,0.0008422578547274406,0.0955862624094446,0.1746629801011418,0.16266434129326535,0.1746629801011418,0.011998638807876466,0.16266434129326535,0.7289084996346862,0.7417493962972901,0.7289084996346862,-0.012840896662603907,0.7417493962972901,2016,4595.0,62,0
,,4691.0,19,0.6079838350410487,0.6079838350410487,0.0,,world_cup,world_cup_1198384,0.7846246274214546,,1.0815201025561607,1.081890209394454,1.0815201025561607,1.081890209394454,0.10877935467447336,0.09243082073547104,0.10877935467447336,0.01634853393900232,0.09243082073547104,0.17445745561000447,0.16215933462363338,0.17445745561000447,0.012298120986371092,0.16215933462363338,0.7167631897155221,0.7454098446408955,0.7167631897155221,-0.028646654925373438,0.7454098446408955,2016,4691.0,19,0
,,16202.0,8,0.6824303797468354,-0.6824303797468354,50.0,,world_cup,world_cup_1198385,0.7043669609746012,,1.0320861204013378,1.069672131147541,1.0320861204013378,1.069672131147541,0.7569620253164556,0.7662835249042146,0.7569620253164556,-0.009321499587758963,0.7662835249042146,0.16850632911392405,0.1558109833971903,0.16850632911392405,0.012695345716733752,0.1558109833971903,0.07453164556962025,0.07790549169859515,0.07453164556962025,-0.0033738461289749,0.07790549169859515,2016,16152.0,8,2
,,1874.0,3,0.6261726299910433,-0.6261726299910433,214.0,,world_cup,world_cup_1198385,0.7604341994734658,,1.1188999303753402,1.1184371184371185,1.1188999303753402,1.1184371184371185,0.7325696506859002,0.687772925764192,0.7325696506859002,0.044796724921708164,0.687772925764192,0.16103332861924294,0.212882096069869,0.16103332861924294,-0.051848767450626054,0.212882096069869,0.10639702069485692,0.09934497816593886,0.10639702069485692,0.007052042528918057,0.09934497816593886,2016,1660.0,3,2
,,1041.0,73,0.6568949040473178,-0.6568949040473178,21.0,,world_cup,world_cup_1198385,0.7283917507567778,,1.085421923184749,1.0798610413191023,1.085421923184749,1.0798610413191023,0.7490249761086861,0.7178643999441593,0.7490249761086861,0.031160576164526832,0.7178643999441593,0.1588449518299455,0.17808559152460873,0.1588449518299455,-0.01924063969466322,0.17808559152460873,0.0921300720613684,0.10405000853123207,0.0921300720613684,-0.011919936469863668,0.10405000853123207,2016,1020.0,73,2
,,1912.0,22,0.6439575487846628,-0.6439575487846628,0.0,,world_cup,world_cup_1198385,0.746080444135814,,1.0838589981447124,1.0827206801700424,1.0838589981447124,1.0827206801700424,0.7381033892502568,0.7159684050071596,0.7381033892502568,0.022134984243097122,0.7159684050071596,0.16775077028414928,0.18471984849184722,0.16775077028414928,-0.01696907820769794,0.18471984849184722,0.09414584046559396,0.09931174650099311,0.09414584046559396,-0.005165906035399154,0.09931174650099311,2016,1912.0,22,2
,,3455.0,14,0.5047012247927749,0.5047012247927749,30.0,,world_cup,world_cup_1198386,0.894473557174936,,1.0308305435995537,1.0777777777777777,1.0308305435995537,1.0777777777777777,0.12934554002226895,0.12371134020618557,0.12934554002226895,0.005634199816083374,0.12371134020618557,0.23660769516268712,0.23195876288659795,0.23660769516268712,0.004648932276089174,0.23195876288659795,0.6340467648150439,0.6443298969072165,0.6340467648150439,-0.010283132092172687,0.6443298969072165,2016,3425.0,14,0
,,2746.0,56,0.45008907985747215,0.45008907985747215,3.0,,world_cup,world_cup_1198386,0.9312588543053133,,1.0815926911447575,1.0793497282858986,1.0815926911447575,1.0793497282858986,0.1622039404736952,0.13235482356956946,0.1622039404736952,0.029849116904125755,0.13235482356956946,0.22550303919513728,0.2105644920424969,0.22550303919513728,0.014938547152640397,0.2105644920424969,0.6122930203311674,0.6570806843879335,0.6122930203311674,-0.04478766405676615,0.6570806843879335,2016,2743.0,56,0
,,3175.0,34,0.45131526013211004,0.45131526013211004,0.0,,world_cup,world_cup_1198386,0.9297254746088668,,1.078654107542054,1.0818323228395172,1.078654107542054,1.0818323228395172,0.16264583360369594,0.12491319799027814,0.16264583360369594,0.0377326356134178,0.12491319799027814,0.22339307266049804,0.21008128752910415,0.22339307266049804,0.013311785131393888,0.21008128752910415,0.613961093735806,0.6650055144806176,0.613961093735806,-0.051044420744811636,0.6650055144806176,2016,3175.0,34,0
,,3455.0,11,0.1284999072872242,-0.1284999072872242,55.0,,world_cup,world_cup_1198387,1.083667330400814,,1.0226798649827435,1.0629665692956831,1.0226798649827435,1.0629665692956831,0.41609493788244023,0.3969465648854962,0.41609493788244023,0.019148372996944052,0.3969465648854962,0.2963100315223438,0.313587786259542,0.2963100315223438,-0.01727775473719817,0.313587786259542,0.287595030595216,0.2894656488549619,0.287595030595216,-0.001870618259745882,0.2894656488549619,2016,3400.0,11,2
,,2002.0,2,0.11296194153337008,-0.11296194153337008,139.0,,world_cup,world_cup_1198387,1.0830895193884003,,1.116599329917225,1.1182599392431403,1.116599329917225,1.1182599392431403,0.41654715940430226,0.4258316510137804,0.41654715940430226,-0.00928449160947814,0.4258316510137804,0.2798676227247656,0.2884666022996577,0.2798676227247656,-0.008598979574892085,0.2884666022996577,0.3035852178709322,0.2857017466865619,0.3035852178709322,0.01788347118437028,0.2857017466865619,2016,1863.0,2,2
,,2746.0,78,0.07134624299828596,-0.07134624299828596,1.0,,world_cup,world_cup_1198387,1.0929040588503978,,1.080644449632954,1.0795250896057347,1.080644449632954,1.0795250896057347,0.3839725077725936,0.41170367296119526,0.3839725077725936,-0.027731165188601636,0.41170367296119526,0.3034012274530986,0.28947914505084044,0.3034012274530986,0.013922082402258174,0.28947914505084044,0.31262626477430766,0.2988171819879643,0.31262626477430766,0.013809082786343352,0.2988171819879643,2016,2745.0,78,2
,,3163.0,44,0.09750000000000009,-0.09750000000000009,0.0,,world_cup,world_cup_1198387,1.086545594160568,,1.0796221322537112,1.0789079040225829,1.0796221322537112,1.0789079040225829,0.40625000000000006,0.42516659171742777,0.40625000000000006,-0.01891659171742771,0.42516659171742777,0.28500000000000003,0.2896447406074977,0.28500000000000003,-0.004644740607497644,0.2896447406074977,0.30874999999999997,0.28518866767507467,0.30874999999999997,0.0235613323249253,0.28518866767507467,2016,3163.0,44,2
,,3455.0,9,0.6682052674450176,0.6682052674450176,34.0,,world_cup,world_cup_1198388,0.7208416717127172,,1.0264771460423634,1.0645833333333332,1.0264771460423634,1.0645833333333332,0.08118381754004887,0.07827788649706459,0.08118381754004887,0.0029059310429842833,0.07827788649706459,0.1694270974748846,0.18786692759295504,0.1694270974748846,-0.018439830118070433,0.18786692759295504,0.7493890849850665,0.7338551859099806,0.7493890849850665,0.015533899075085955,0.7338551859099806,2016,3421.0,9,1
,,2002.0,2,0.6095238095238096,0.6095238095238096,349.0,,world_cup,world_cup_1198388,0.7851358049267032,,1.1183431952662721,1.1180679785330947,1.1183431952662721,1.1180679785330947,0.10582010582010583,0.10400000000000001,0.10582010582010583,0.001820105820105819,0.10400000000000001,0.17883597883597885,0.20800000000000002,0.17883597883597885,-0.02916402116402117,0.20800000000000002,0.7153439153439154,0.6880000000000001,0.7153439153439154,0.027343915343915337,0.6880000000000001,2016,1653.0,2,1
,,2746.0,35,0.6292649018131264,0.6292649018131264,4.0,,world_cup,world_cup_1198388,0.7667935155723895,,1.0793692476990795,1.0806100217864922,1.0793692476990795,1.0806100217864922,0.09453745003765278,0.1088709677419355,0.09453745003765278,-0.01433351770428272,0.1088709677419355,0.18166019811156814,0.2056451612903226,0.18166019811156814,-0.023984963178754454,0.2056451612903226,0.7238023518507792,0.685483870967742,0.7238023518507792,0.03831848088303724,0.685483870967742,2016,2742.0,35,1
,,3163.0,18,0.6357577128261073,0.6357577128261073,8.0,,world_cup,world_cup_1198388,0.7605796090034487,,1.0509045661717415,1.0782820203312924,1.0509045661717415,1.0782820203312924,0.09062487527771497,0.10538649582736238,0.09062487527771497,-0.014761620549647414,0.10538649582736238,0.1829925366184629,0.1973193964427211,0.1829925366184629,-0.014326859824258187,0.1973193964427211,0.7263825881038223,0.6972941077299165,0.7263825881038223,0.029088480373905767,0.6972941077299165,2016,3155.0,18,1
,,19097.0,7,0.8545454545454546,-0.8545454545454546,51.0,,world_cup,world_cup_1198389,0.4256729035729739,,1.0294117647058822,1.0706349206349206,1.0294117647058822,1.0706349206349206,0.8831168831168832,0.8339510748702742,0.8831168831168832,0.04916580824660899,0.8339510748702742,0.08831168831168833,0.10378057820607857,0.08831168831168833,-0.015468889894390242,0.10378057820607857,0.028571428571428574,0.06226834692364715,0.028571428571428574,-0.03369691835221857,0.06226834692364715,2016,19046.0,7,1
,,3236.0,2,0.7788298951640176,-0.7788298951640176,104.0,,world_cup,world_cup_1198389,0.561424217773166,,1.1175359032501888,1.1175057818893435,1.1175359032501888,1.1175057818893435,0.8285424416638485,0.813499960200589,0.8285424416638485,0.015042481463259483,0.813499960200589,0.12174501183632062,0.1225821857836504,0.12174501183632062,-0.0008371739473297807,0.1225821857836504,0.049712546499830916,0.06391785401576057,0.049712546499830916,-0.014205307515929654,0.06391785401576057,2016,3132.0,2,1
,,266.0,2,0.8098895823331732,-0.8098895823331732,28.0,,world_cup,world_cup_1198389,0.5169889329566238,,1.102116402116402,1.1019480519480518,1.102116402116402,1.1019480519480518,0.8401344215074411,0.8249852681202122,0.8401344215074411,0.015149153387228886,0.8249852681202122,0.12962073931829093,0.12964054213317622,0.12962073931829093,-1.980281488528357e-05,0.12964054213317622,0.030244839174267884,0.04537418974661168,0.030244839174267884,-0.015129350572343794,0.04537418974661168,2016,238.0,2,1
,,4421.0,12,0.8316123907863383,-0.8316123907863383,0.0,,world_cup,world_cup_1198389,0.45965999190038404,,1.0797598627787306,1.050762624799136,1.0797598627787306,1.050762624799136,0.8737092930897538,0.8204221821099078,0.8737092930897538,0.05328711097984595,0.8204221821099078,0.08419380460683083,0.12359606899318089,0.08419380460683083,-0.039402264386350055,0.12359606899318089,0.042096902303415416,0.05598174889691135,0.042096902303415416,-0.013884846593495932,0.05598174889691135,2016,4421.0,12,1
,,19097.0,11,0.0853658536585366,0.0853658536585366,7.0,,world_cup,world_cup_1198390,1.091507782227652,,1.025,1.0607843137254902,1.025,1.0607843137254902,0.30487804878048785,0.2513863216266174,0.30487804878048785,0.05349172715387046,0.2513863216266174,0.30487804878048785,0.27726432532347506,0.30487804878048785,0.027613723457012795,0.27726432532347506,0.39024390243902446,0.47134935304990755,0.39024390243902446,-0.08110545061088309,0.47134935304990755,2016,19090.0,11,0
,,14697.0,4,0.11296194153337008,0.11296194153337008,49.0,,world_cup,world_cup_1198390,1.0830895193884003,,1.116599329917225,1.1163708086785011,1.116599329917225,1.1163708086785011,0.3035852178709322,0.26501766784452296,0.3035852178709322,0.038567550026409214,0.26501766784452296,0.2798676227247656,0.27561837455830385,0.2798676227247656,0.004249248166461772,0.27561837455830385,0.41654715940430226,0.45936395759717313,0.41654715940430226,-0.042816798192870875,0.45936395759717313,2016,14648.0,4,0
,,18778.0,53,0.05030662270887065,0.05030662270887065,2.0,,world_cup,world_cup_1198390,1.0940023074675833,,1.0811973862582787,1.0824518185770178,1.0811973862582787,1.0824518185770178,0.32566918911532095,0.2757697456492637,0.32566918911532095,0.049899443466057236,0.2757697456492637,0.2983549990604875,0.2757697456492637,0.2983549990604875,0.022585253411223805,0.2757697456492637,0.3759758118241916,0.4484605087014726,0.3759758118241916,-0.07248469687728099,0.4484605087014726,2016,18776.0,53,0
,,18757.0,48,0.0709021601016519,0.0709021601016519,0.0,,world_cup,world_cup_1198390,1.092296852548296,,1.0793833662497256,1.0800386132796105,1.0793833662497256,1.0800386132796105,0.31512071156289706,0.2564800062176971,0.31512071156289706,0.05864070534519994,0.2564800062176971,0.29885641677255403,0.2805735825593596,0.29885641677255403,0.018282834213194432,0.2805735825593596,0.38602287166454896,0.46294641122294333,0.38602287166454896,-0.07692353955839437,0.46294641122294333,2016,18757.0,48,0
,,16382.0,6,0.673469387755102,0.673469387755102,710.0,,world_cup,world_cup_1198391,0.7173700138093051,,1.027972027972028,1.06013986013986,1.027972027972028,1.06013986013986,0.07482993197278913,0.0857519788918206,0.07482993197278913,-0.010922046919031467,0.0857519788918206,0.17687074829931973,0.18865435356200533,0.17687074829931973,-0.011783605262685598,0.18865435356200533,0.7482993197278911,0.7255936675461742,0.7482993197278911,0.02270565218171694,0.7255936675461742,2016,15672.0,6,0
,,11983.0,3,0.619464704350091,0.619464704350091,5.0,,world_cup,world_cup_1198391,0.7754289387150496,,1.1194459631857119,1.1182712879760377,1.1194459631857119,1.1182712879760377,0.10093774420421983,0.09413025177929134,0.10093774420421983,0.0068074924249284935,0.09413025177929134,0.1786598072414691,0.17884747838065357,0.1786598072414691,-0.00018767113918446987,0.17884747838065357,0.7204024485543109,0.727022269840055,0.7204024485543109,-0.006619821285744121,0.727022269840055,2016,11978.0,3,0
,,16064.0,68,0.6408865768283571,0.6408865768283571,7.0,,world_cup,world_cup_1198391,0.7520552347998737,,1.0823300389338126,1.081141081141081,1.0823300389338126,1.081141081141081,0.0923932593596945,0.10164271047227927,0.0923932593596945,-0.009249451112584767,0.10164271047227927,0.1743269044522538,0.1868583162217659,0.1743269044522538,-0.012531411769512113,0.1868583162217659,0.7332798361880516,0.7114989733059548,0.7332798361880516,0.021780862882096796,0.7114989733059548,2016,16057.0,68,0
,,16046.0,43,0.6523016650342803,0.6523016650342803,0.0,,world_cup,world_cup_1198391,0.7389005055710652,,1.0804232804232803,1.0783013073615864,1.0804232804232803,1.0783013073615864,0.0881488736532811,0.10659592819828471,0.0881488736532811,-0.018447054545003616,0.10659592819828471,0.1714005876591577,0.1854769150650154,0.1714005876591577,-0.014076327405857708,0.1854769150650154,0.7404505386875614,0.7079271567366999,0.7404505386875614,0.03252338195086146,0.7079271567366999,2016,16046.0,43,0
,,31087.0,12,0.536986301369863,0.536986301369863,14.0,,world_cup,world_cup_1198392,0.8669989943951234,,1.022408963585434,1.0658730158730159,1.022408963585434,1.0658730158730159,0.11506849315068494,0.12509307520476545,0.11506849315068494,-0.010024582054080508,0.12509307520476545,0.23287671232876714,0.22338049143708116,0.23287671232876714,0.009496220891685975,0.22338049143708116,0.6520547945205479,0.6515264333581534,0.6520547945205479,0.0005283611623945195,0.6515264333581534,2017,31073.0,12,0
,,7586.0,5,0.548879202988792,0.548879202988792,128.0,,world_cup,world_cup_1198392,0.8514949240849723,,1.1066322136089577,1.117612161661105,1.1066322136089577,1.117612161661105,0.1204856787048568,0.14431690000663525,0.1204856787048568,-0.02383122130177845,0.14431690000663525,0.2101494396014944,0.2386039413443036,0.2101494396014944,-0.028454501742809196,0.2386039413443036,0.6693648816936488,0.6170791586490612,0.6693648816936488,0.05228572304458767,0.6170791586490612,2017,7458.0,5,0
,,31743.0,63,0.5101602363262018,0.5101602363262018,1.0,,world_cup,world_cup_1198392,0.887686296303354,,1.0812040263259775,1.1014806789454679,1.0812040263259775,1.1014806789454679,0.13212783099095873,0.12786885245901639,0.13212783099095873,0.004258978531942348,0.12786885245901639,0.2255841016918808,0.23278688524590163,0.2255841016918808,-0.00720278355402082,0.23278688524590163,0.6422880673171605,0.6393442622950819,0.6422880673171605,0.0029438050220785827,0.6393442622950819,2017,31742.0,63,0
,,31790.0,44,0.5193068823803689,0.5193068823803689,0.0,,world_cup,world_cup_1198392,0.8797860340015504,,1.079153443611275,1.0973746172232044,1.079153443611275,1.0973746172232044,0.12870170568525605,0.12483093669187738,0.12870170568525605,0.0038707689933786676,0.12483093669187738,0.2232897062491189,0.21958212960257947,0.2232897062491189,0.0037075766465394233,0.21958212960257947,0.648008588065625,0.6555869337055432,0.648008588065625,-0.007578345639918216,0.6555869337055432,2017,31790.0,44,0
,,14847.0,4,0.9155932558383078,-0.9155932558383078,702.0,,world_cup,world_cup_1198393,0.2808796650277719,,1.028765352294764,1.063786787924719,1.028765352294764,1.063786787924719,0.9346528432296576,0.8952742816433151,0.9346528432296576,0.03937856158634245,0.8952742816433151,0.04628756937899257,0.07231061505580623,0.04628756937899257,-0.026023045676813662,0.07231061505580623,0.019059587391349882,0.03241510330087865,0.019059587391349882,-0.013355515909528767,0.03241510330087865,2017,14145.0,4,2
,,1995.0,2,0.8475349285370163,-0.8475349285370163,525.0,,world_cup,world_cup_1198393,0.426843544928361,,1.1169106041038885,1.1167557932263814,1.1169106041038885,1.1167557932263814,0.8864621808254377,0.8778930566640064,0.8864621808254377,0.008569124161431296,0.8778930566640064,0.074610566886141,0.08140462889066241,0.074610566886141,-0.0067940620045214145,0.08140462889066241,0.03892725228842139,0.040702314445331206,0.03892725228842139,-0.0017750621569098124,0.040702314445331206,2017,1470.0,2,2
,,3333.0,8,0.8578569197125898,-0.8578569197125898,0.0,,world_cup,world_cup_1198393,0.41242527178601507,,1.0799595141700404,1.097902097902098,1.0799595141700404,1.097902097902098,0.8903467666354264,0.875796178343949,0.8903467666354264,0.014550588291477484,0.875796178343949,0.07716338644173695,0.08280254777070063,0.07716338644173695,-0.005639161328963679,0.08280254777070063,0.032489846922836615,0.041401273885350316,0.032489846922836615,-0.0089114269625137,0.041401273885350316,2017,3333.0,8,2
,,31252.0,12,0.6193336974330967,-0.6193336974330967,22.0,,world_cup,world_cup_1198394,0.7782470473825825,,1.0257703081232492,1.0685666067831674,1.0257703081232492,1.0685666067831674,0.7168214090660842,0.5960720381078533,0.7168214090660842,0.1207493709582309,0.5960720381078533,0.18569087930092845,0.2599536388414805,0.18569087930092845,-0.07426275954055203,0.2599536388414805,0.09748771163298746,0.14397432305066613,0.09748771163298746,-0.04648661141767867,0.14397432305066613,2017,31230.0,12,0
,,7751.0,5,0.5397810815226269,-0.5397810815226269,196.0,,world_cup,world_cup_1198394,0.8601270289096874,,1.1167670133187375,1.117416663635151,1.1167670133187375,1.117416663635151,0.6632903120405161,0.5849158979924037,0.6632903120405161,0.0783744140481124,0.5849158979924037,0.2132004574415945,0.2324470971242539,0.2132004574415945,-0.01924663968265941,0.2324470971242539,0.12350923051788923,0.18263700488334236,0.12350923051788923,-0.059127774365453134,0.18263700488334236,2017,7555.0,5,0
,,31908.0,86,0.5491822660098522,-0.5491822660098522,2.0,,world_cup,world_cup_1198394,0.8466788401542875,,1.0796792661159416,1.0968443321384498,1.0796792661159416,1.0968443321384498,0.6760591133004926,0.5844271809983034,0.6760591133004926,0.09163193230218925,0.5844271809983034,0.197064039408867,0.2368068577551567,0.197064039408867,-0.039742818346289704,0.2368068577551567,0.1268768472906404,0.1787659612465399,0.1268768472906404,-0.05188911395589951,0.1787659612465399,2017,31906.0,86,0
,,31951.0,40,0.5372665063806177,-0.5372665063806177,0.0,,world_cup,world_cup_1198394,0.8597785984524762,,1.0805355715427658,1.1029842385353805,1.0805355715427658,1.1029842385353805,0.6658035879415573,0.5964679402089226,0.6658035879415573,0.06933564773263468,0.5964679402089226,0.20565933049750323,0.23246955618399034,0.20565933049750323,-0.02681022568648711,0.23246955618399034,0.12853708156093951,0.17106250360708722,0.12853708156093951,-0.042525422046147704,0.17106250360708722,2017,31951.0,40,0
,,7685.0,4,0.9375281735687827,0.9375281735687827,242.0,,world_cup,world_cup_1198395,0.22191153920014567,,1.029800288617763,1.0619306969768727,1.029800288617763,1.0619306969768727,0.014493463732042413,0.022967830171849914,0.014493463732042413,-0.008474366439807502,0.022967830171849914,0.03348489896713247,0.06277873580305643,0.03348489896713247,-0.02929383683592396,0.06277873580305643,0.9520216373008251,0.9142534340250936,0.9520216373008251,0.03776820327573149,0.9142534340250936,2017,7443.0,4,0
,,4934.0,7,0.8765182186234819,0.8765182186234819,0.0,,world_cup,world_cup_1198395,0.3597953664287382,,1.0762527233115466,1.065242165242165,1.0762527233115466,1.065242165242165,0.03441295546558705,0.03476865472051351,0.03441295546558705,-0.00035569925492646287,0.03476865472051351,0.05465587044534414,0.06258357849692432,0.05465587044534414,-0.007927708051580183,0.06258357849692432,0.910931174089069,0.9026477667825622,0.910931174089069,0.008283407306506785,0.9026477667825622,2017,4934.0,7,0
,,25724.0,14,0.38931049436253257,-0.38931049436253257,17.0,,world_cup,world_cup_1198396,0.9775128171333323,,1.0263714253922331,1.0627879567127396,1.0263714253922331,1.0627879567127396,0.5664570685169125,0.5141647343482206,0.5664570685169125,0.052292334168691834,0.5141647343482206,0.25639635732870775,0.2767416070168364,0.25639635732870775,-0.020345249688128675,0.2767416070168364,0.1771465741543799,0.20909365863494306,0.1771465741543799,-0.03194708448056316,0.20909365863494306,2017,25707.0,14,1
,,6208.0,4,0.34155267055850835,-0.34155267055850835,16.0,,world_cup,world_cup_1198396,1.0030925445419845,,1.1164939928984872,1.1177606177606179,1.1164939928984872,1.1177606177606179,0.5428247799947722,0.5325273459988485,0.5428247799947722,0.010297433995923644,0.5325273459988485,0.25590311056896403,0.2686624448282479,0.25590311056896403,-0.012759334259283883,0.2686624448282479,0.20127210943626384,0.19881020917290346,0.20127210943626384,0.002461900263360378,0.19881020917290346,2017,6192.0,4,1
,,26266.0,74,0.321774193548387,-0.321774193548387,18.0,,world_cup,world_cup_1198396,1.0129359495562604,,1.079763148728666,1.0998178388922026,1.079763148728666,1.0998178388922026,0.5322580645161289,0.5108098204470501,0.5322580645161289,0.021448244069078748,0.5108098204470501,0.25725806451612904,0.2674239648222792,0.25725806451612904,-0.010165900306150166,0.2674239648222792,0.2104838709677419,0.22176621473067057,0.2104838709677419,-0.011282343762928665,0.22176621473067057,2017,26248.0,74,1
,,26265.0,83,0.30483168590585474,-0.30483168590585474,0.0,,world_cup,world_cup_1198396,1.0224138145561954,,1.080070178058158,1.0981201070802864,1.080070178058158,1.0981201070802864,0.5201493053155458,0.4976214203786924,0.5201493053155458,0.022527884936853426,0.4976214203786924,0.2645330752747633,0.2718349848635842,0.2645330752747633,-0.007301909588820932,0.2718349848635842,0.21531761940969105,0.23054359475772332,0.21531761940969105,-0.015225975348032272,0.23054359475772332,2017,26265.0,83,1
,,25724.0,21,0.0360884749708964,0.0360884749708964,25.0,,world_cup,world_cup_1198397,1.0968406003587936,,1.026284348864994,1.0663807736978468,1.026284348864994,1.0663807736978468,0.3247962747380675,0.3267426273458445,0.3247962747380675,-0.0019463526077770354,0.3267426273458445,0.31431897555296856,0.3125837801608579,0.31431897555296856,0.0017351953921106444,0.3125837801608579,0.3608847497089639,0.36067359249329756,0.3608847497089639,0.0002111572156663355,0.36067359249329756,2017,25699.0,21,0
,,6208.0,9,0.051323175621491524,0.051323175621491524,61.0,,world_cup,world_cup_1198397,1.096269026934666,,1.1161833154314356,1.117117117117117,1.1161833154314356,1.117117117117117,0.314354450681636,0.29838709677419356,0.314354450681636,0.015967353907442416,0.29838709677419356,0.31996792301523663,0.29838709677419356,0.31996792301523663,0.021580826241043072,0.29838709677419356,0.3656776263031275,0.4032258064516129,0.3656776263031275,-0.03754818014848538,0.4032258064516129,2017,6147.0,9,0
,,26287.0,144,0.043393740415145654,0.043393740415145654,19.0,,world_cup,world_cup_1198397,1.0969229288039244,,1.0826996674329776,1.1004023165287822,1.0826996674329776,1.1004023165287822,0.3173942156079228,0.3280716742433967,0.3173942156079228,-0.010677458635473924,0.3280716742433967,0.3218178283690088,0.29795361890301936,0.3218178283690088,0.02386420946598944,0.29795361890301936,0.36078795602306846,0.37397470685358386,0.36078795602306846,-0.013186750830515404,0.37397470685358386,2017,26268.0,144,0
,,26275.0,55,0.043951508898632974,0.043951508898632974,0.0,,world_cup,world_cup_1198397,1.097059155830647,,1.0798456297029129,1.0980446144779683,1.0798456297029129,1.0980446144779683,0.31498581377353624,0.3436640784814024,0.31498581377353624,-0.028678264707866163,0.3436640784814024,0.3260768635542946,0.2891142247541956,0.3260768635542946,0.03696263880009898,0.2891142247541956,0.3589373226721692,0.3672216967644018,0.3589373226721692,-0.008284374092232594,0.3672216967644018,2017,26275.0,55,0
,,43026.0,14,0.47873392680514343,0.47873392680514343,39.0,,world_cup,world_cup_1198398,0.9101466854568214,,1.0262801714414618,1.0597326649958227,1.0262801714414618,1.0597326649958227,0.14990658314100452,0.19865983445013796,0.14990658314100452,-0.04875325130913344,0.19865983445013796,0.22145290691284755,0.2621206148994876,0.22145290691284755,-0.04066770798664007,0.2621206148994876,0.628640509946148,0.5392195506503745,0.628640509946148,0.08942095929577343,0.5392195506503745,2017,42987.0,14,0
,,4736.0,8,0.502492136462618,0.502492136462618,104.0,,world_cup,world_cup_1198398,0.8862098710085967,,1.1158448346616558,1.117283950617284,1.1158448346616558,1.117283950617284,0.1469150737962739,0.19889502762430936,0.1469150737962739,-0.05197995382803547,0.19889502762430936,0.20367771594483425,0.24861878453038674,0.20367771594483425,-0.044941068585552496,0.24861878453038674,0.6494072102588919,0.5524861878453038,0.6494072102588919,0.09692102241358813,0.5524861878453038,2017,4632.0,8,0
,,43457.0,72,0.4412906230594079,0.4412906230594079,3.0,,world_cup,world_cup_1198398,0.9295851795916629,,1.0731531231343803,1.097859125148672,1.0731531231343803,1.097859125148672,0.1758176361001863,0.1938007824255191,0.1758176361001863,-0.017983146325332794,0.1938007824255191,0.2070741047402194,0.2640184572173738,0.2070741047402194,-0.05694435247715443,0.2640184572173738,0.6171082591595942,0.5421807603571069,0.6171082591595942,0.07492749880248728,0.5421807603571069,2017,43454.0,72,0
,,43306.0,40,0.4529793843547021,0.4529793843547021,0.0,,world_cup,world_cup_1198398,0.9235842524999816,,1.0802318486882245,1.0985231485737048,1.0802318486882245,1.0985231485737048,0.1683140355831686,0.20688933826093017,0.1683140355831686,-0.038575302677761575,0.20688933826093017,0.21039254447896075,0.263858866187853,0.21039254447896075,-0.053466321708892234,0.263858866187853,0.6212934199378707,0.5292517955512168,0.6212934199378707,0.09204162438665386,0.5292517955512168,2017,43306.0,40,0
,,43026.0,15,0.30630630630630634,-0.30630630630630634,394.0,,world_cup,world_cup_1198399,1.0254681267595094,,1.0309597523219813,1.0674413305992254,1.0309597523219813,1.0674413305992254,0.5105105105105106,0.4930629669156883,0.5105105105105106,0.017447543594822257,0.4930629669156883,0.2852852852852853,0.2838847385272145,0.2852852852852853,0.0014005467580707753,0.2838847385272145,0.2042042042042042,0.2230522945570971,0.2042042042042042,-0.018848090352892893,0.2230522945570971,2017,42632.0,15,1
,,4737.0,2,0.2708595794166102,-0.2708595794166102,486.0,,world_cup,world_cup_1198399,1.0389771933325254,,1.1164124202098886,1.1172161172161172,1.1164124202098886,1.1172161172161172,0.49762573892819073,0.5114754098360655,0.49762573892819073,-0.013849670907874811,0.5114754098360655,0.2756081015602287,0.2754098360655738,0.2756081015602287,0.0001982654946549034,0.2754098360655738,0.22676615951158052,0.21311475409836064,0.22676615951158052,0.01365140541321988,0.21311475409836064,2017,4251.0,2,1
,,43462.0,129,0.23591726921136713,-0.23591726921136713,7.0,,world_cup,world_cup_1198399,1.0502040490981925,,1.0773550724637682,1.101340788840789,1.0773550724637682,1.101340788840789,0.48343702707247355,0.4804149037805378,0.48343702707247355,0.003022123291935741,0.4804149037805378,0.26904321506642004,0.28374505254538007,0.26904321506642004,-0.014701837478960034,0.28374505254538007,0.24751975786110642,0.23584004367408212,0.24751975786110642,0.011679714187024293,0.23584004367408212,2017,43455.0,129,1
,,43308.0,79,0.24075989842941792,-0.24075989842941792,0.0,,world_cup,world_cup_1198399,1.052610577305047,,1.078485069782538,1.1001863633442581,1.078485069782538,1.1001863633442581,0.4755007993981003,0.47838785046728965,0.4755007993981003,-0.0028870510691893503,0.47838785046728965,0.28975829963321736,0.28855140186915884,0.28975829963321736,0.0012068977640585232,0.28855140186915884,0.2347409009686824,0.23306074766355142,0.2347409009686824,0.0016801533051309658,0.23306074766355142,2017,43308.0,79,1
,,43026.0,7,0.45115952213633176,-0.45115952213633176,373.0,,world_cup,world_cup_1198400,0.9392765370064393,,1.0266955266955267,1.0690818133273376,1.0266955266955267,1.0690818133273376,0.590302178496135,0.5809826756749651,0.590302178496135,0.00931950282116989,0.5809826756749651,0.27055516514406186,0.27511238465785115,0.27055516514406186,-0.00455721951378929,0.27511238465785115,0.13914265635980322,0.14390493966718368,0.13914265635980322,-0.0047622833073804605,0.14390493966718368,2017,42653.0,7,0
,,4736.0,4,0.40370687641149433,-0.40370687641149433,645.0,,world_cup,world_cup_1198400,0.9672518833893282,,1.117113825381912,1.117759877253548,1.117113825381912,1.117759877253548,0.5775251148664433,0.5662319835277969,0.5775251148664433,0.0112931313386464,0.5662319835277969,0.24865664667860757,0.271105010295127,0.24865664667860757,-0.022448363616519446,0.271105010295127,0.17381823845494898,0.1626630061770762,0.17381823845494898,0.011155232277872767,0.1626630061770762,2017,4091.0,4,0
,,43456.0,58,0.41731311459312354,-0.41731311459312354,10.0,,world_cup,world_cup_1198400,0.9614256499825433,,1.075221946370879,1.10133789344026,1.075221946370879,1.10133789344026,0.5776649318950159,0.5746750349504743,0.5776649318950159,0.002989896944541548,0.5746750349504743,0.2619832508030917,0.26318450875992744,0.2619832508030917,-0.0012012579568357329,0.26318450875992744,0.16035181730189235,0.16214045628959814,0.16035181730189235,-0.0017886389877057873,0.16214045628959814,2017,43446.0,58,0
,,43310.0,51,0.39834319526627227,-0.39834319526627227,0.0,,world_cup,world_cup_1198400,0.9746165122831788,,1.0824451731912277,1.1039149047642027,1.0824451731912277,1.1039149047642027,0.5633136094674557,0.562650263839885,0.5633136094674557,0.000663345627570644,0.562650263839885,0.27171597633136096,0.2664314484653573,0.27171597633136096,0.005284527866003641,0.2664314484653573,0.16497041420118344,0.17091828769475756,0.16497041420118344,-0.005947873493574118,0.17091828769475756,2017,43310.0,51,0
,,3261.0,13,0.45305744286596666,-0.45305744286596666,32.0,,world_cup,world_cup_1198401,0.9352540163951372,,1.0313744226787704,1.065567533291059,1.0313744226787704,1.065567533291059,0.6022235948116121,0.5653415853368245,0.6022235948116121,0.03688200947478759,0.5653415853368245,0.24861025324274247,0.24696500833134966,0.24861025324274247,0.0016452449113928125,0.24696500833134966,0.14916615194564548,0.18769340633182577,0.14916615194564548,-0.03852725438618029,0.18769340633182577,2017,3229.0,13,2
,,1817.0,8,0.42959917780061657,-0.42959917780061657,31.0,,world_cup,world_cup_1198401,0.9477636989211101,,1.116740449253976,1.1175871646864168,1.116740449253976,1.1175871646864168,0.5969754808398179,0.5523362920783788,0.5969754808398179,0.04463918876143913,0.5523362920783788,0.23564821612098075,0.2631719979902864,0.23564821612098075,-0.027523781869305652,0.2631719979902864,0.1673763030392013,0.1844917099313348,0.1673763030392013,-0.017115406892133478,0.1844917099313348,2017,1786.0,8,2
,,2697.0,72,0.40492622217088736,-0.40492622217088736,6.0,,world_cup,world_cup_1198401,0.967077816184044,,1.0765734678778156,1.1001469311427234,1.0765734678778156,1.1001469311427234,0.5769397360746152,0.5410532706025194,0.5769397360746152,0.03588646547209584,0.5410532706025194,0.2510467500216569,0.26346941872818336,0.2510467500216569,-0.012422668706526474,0.26346941872818336,0.17201351390372788,0.19547731066929733,0.17201351390372788,-0.02346379676556945,0.19547731066929733,2017,2691.0,72,2
,,2861.0,47,0.42600979757833435,-0.42600979757833435,19.0,,world_cup,world_cup_1198401,0.9529275066186279,,1.0532720652660683,1.1001469311427234,1.0532720652660683,1.1001469311427234,0.589703299750439,0.5410532706025194,0.589703299750439,0.048650029147919605,0.5410532706025194,0.2466031980774563,0.26346941872818336,0.2466031980774563,-0.01686622065072707,0.26346941872818336,0.16369350217210463,0.19547731066929733,0.16369350217210463,-0.0317838084971927,0.19547731066929733,2017,2842.0,47,2
,,3261.0,7,0.6606129398410896,0.6606129398410896,344.0,,world_cup,world_cup_1198402,0.7261332652977392,,1.0268065268065267,1.0629908103592314,1.0268065268065267,1.0629908103592314,0.08853575482406358,0.10452687834014461,0.08853575482406358,-0.015991123516081035,0.10452687834014461,0.1623155505107832,0.1881483810122603,0.1623155505107832,-0.02583283050147711,0.1881483810122603,0.7491486946651532,0.7073247406475951,0.7491486946651532,0.04182395401755812,0.7073247406475951,2017,2917.0,7,0
,,1817.0,3,0.5924381828637147,0.5924381828637147,23.0,,world_cup,world_cup_1198402,0.7977563095559044,,1.117537433326907,1.117047028604473,1.117537433326907,1.117047028604473,0.11774008050603794,0.09730624529721596,0.11774008050603794,0.020433835208821985,0.09730624529721596,0.1720816561242093,0.1689089541008277,0.1720816561242093,0.0031727020233816017,0.1689089541008277,0.7101782633697526,0.7337848006019564,0.7101782633697526,-0.02360653723220374,0.7337848006019564,2017,1794.0,3,0
,,2697.0,111,0.5971830985915493,0.5971830985915493,1.0,,world_cup,world_cup_1198402,0.7946664649494404,,1.0813668046372449,1.0990898864914613,1.0813668046372449,1.0990898864914613,0.11416735708367855,0.11816151842203199,0.11416735708367855,-0.0039941613383534386,0.11816151842203199,0.17448218724109363,0.1654261257908448,0.17448218724109363,0.009056061450248815,0.1654261257908448,0.7113504556752278,0.7164123557871231,0.7113504556752278,-0.005061900111895334,0.7164123557871231,2017,2696.0,111,0
,,2854.0,26,0.617352324488468,0.617352324488468,2.0,,world_cup,world_cup_1198402,0.7719140389791259,,1.0524337387535458,1.1031660572342987,1.0524337387535458,1.1031660572342987,0.10797483912949173,0.11191133856399654,0.10797483912949173,-0.003936499434504817,0.11191133856399654,0.16669799725254864,0.1743234312246869,0.16669799725254864,-0.0076254339721382736,0.1743234312246869,0.7253271636179597,0.7137652302113164,0.7253271636179597,0.011561933406643243,0.7137652302113164,2017,2852.0,26,0
,,11553.0,3,0.9014845605700713,0.9014845605700713,3387.0,,world_cup,world_cup_1198404,0.3126502990618301,,1.0294027752307597,1.0626878868258178,1.0294027752307597,1.0626878868258178,0.023693586698337293,0.03244862301356186,0.023693586698337293,-0.00875503631522457,0.03244862301356186,0.051128266033254155,0.06273400449288627,0.051128266033254155,-0.011605738459632114,0.06273400449288627,0.9251781472684086,0.9048173724935519,0.9251781472684086,0.02036077477485676,0.9048173724935519,2017,8166.0,3,0
,,5778.0,2,0.847539825282631,0.847539825282631,5103.0,,world_cup,world_cup_1198404,0.43233251692274216,,1.121008100810081,1.1226747674767477,1.121008100810081,1.1226747674767477,0.03568216855087359,0.03711374645064306,0.03568216855087359,-0.0014315778997694706,0.03711374645064306,0.0810958376156218,0.08097544680140305,0.0810958376156218,0.00012039081421874598,0.08097544680140305,0.8832219938335046,0.8819108067479539,0.8832219938335046,0.0013111870855507801,0.8819108067479539,2017,675.0,2,0
,,527.0,2,0.839160839160839,0.839160839160839,42.0,,world_cup,world_cup_1198404,0.452839396889571,,1.1,1.1,1.1,1.1,0.03496503496503497,0.04329004329004328,0.03496503496503497,-0.008325008325008314,0.04329004329004328,0.09090909090909091,0.09090909090909091,0.09090909090909091,0.0,0.09090909090909091,0.874125874125874,0.8658008658008657,0.874125874125874,0.008325008325008265,0.8658008658008657,2017,485.0,2,0
,,7219.0,6,0.880284259725818,0.880284259725818,463.0,,world_cup,world_cup_1198404,0.3652120146754647,,1.0401395214342513,1.04265873015873,1.0401395214342513,1.04265873015873,0.026705818984240615,0.02664129400570885,0.026705818984240615,6.452497853176586e-05,0.02664129400570885,0.06630410230570084,0.05994291151284492,0.06630410230570084,0.0063611907928559225,0.05994291151284492,0.9069900787100587,0.9134157944814463,0.9069900787100587,-0.006425715771387619,0.9134157944814463,2017,6756.0,6,0
,,17193.0,7,0.7316444174757282,-0.7316444174757282,63.0,,world_cup,world_cup_1198405,0.6326632077846217,,1.0291959406713505,1.0648221343873518,1.0291959406713505,1.0648221343873518,0.7964199029126214,0.7512991833704529,0.7964199029126214,0.045120719542168564,0.7512991833704529,0.13880461165048544,0.1633259094283593,0.13880461165048544,-0.024521297777873874,0.1633259094283593,0.06477548543689321,0.08537490720118782,0.06477548543689321,-0.020599421764294606,0.08537490720118782,2017,17130.0,7,2
,,9220.0,2,0.6498220640569394,-0.6498220640569394,875.0,,world_cup,world_cup_1198405,0.7374562337394648,,1.120414673046252,1.1197235842354119,1.120414673046252,1.1197235842354119,0.7437722419928825,0.7260793123656964,0.7437722419928825,0.01769292962718605,0.7260793123656964,0.16227758007117438,0.17684704043758548,0.16227758007117438,-0.014569460366411102,0.17684704043758548,0.09395017793594304,0.09707364719671813,0.09395017793594304,-0.003123469260775086,0.09707364719671813,2017,8345.0,2,2
,,17057.0,22,0.66716715514342,-0.66716715514342,607.0,,world_cup,world_cup_1198405,0.705452219537368,,1.080963170229756,1.0993179065468222,1.080963170229756,1.0993179065468222,0.7645461970883582,0.7219483908379241,0.7645461970883582,0.04259780625043419,0.7219483908379241,0.13807476096670349,0.16845462452884893,0.13807476096670349,-0.030379863562145448,0.16845462452884893,0.09737904194493825,0.10959698463322702,0.09737904194493825,-0.012217942688288769,0.10959698463322702,2017,16450.0,22,2
,,16509.0,20,0.7228590694538097,-0.7228590694538097,100.0,,world_cup,world_cup_1198405,0.6449470473368261,,1.0540156361051884,1.103605313092979,1.0540156361051884,1.103605313092979,0.7906271072151044,0.7248968363136177,0.7906271072151044,0.06573027090148675,0.7248968363136177,0.1416048550236008,0.177670793214122,0.1416048550236008,-0.0360659381905212,0.177670793214122,0.06776803776129467,0.09743237047226043,0.06776803776129467,-0.02966433271096576,0.09743237047226043,2017,16409.0,20,2
,,17193.0,14,0.7316444174757282,-0.7316444174757282,539.0,,world_cup,world_cup_1198406,0.6326632077846217,,1.0291959406713505,1.0708204334365323,1.0291959406713505,1.0708204334365323,0.7964199029126214,0.6866642573183954,0.7964199029126214,0.10975564559422601,0.6866642573183954,0.13880461165048544,0.19660281893747744,0.13880461165048544,-0.057798207286992004,0.19660281893747744,0.06477548543689321,0.11673292374412723,0.06477548543689321,-0.051957438307234025,0.11673292374412723,2017,16654.0,14,2
,,9217.0,3,0.6595499134448933,-0.6595499134448933,566.0,,world_cup,world_cup_1198406,0.711877224385103,,1.1126091422701592,1.1141149007184383,1.1126091422701592,1.1141149007184383,0.7616849394114253,0.7357159756313953,0.7616849394114253,0.025968963780029997,0.7357159756313953,0.1361800346220427,0.16777074584491633,0.1361800346220427,-0.03159071122287363,0.16777074584491633,0.10213502596653203,0.0965132785236884,0.10213502596653203,0.005621747442843619,0.0965132785236884,2017,8651.0,3,2
,,17057.0,32,0.654251012145749,-0.654251012145749,3.0,,world_cup,world_cup_1198406,0.7251839830342008,,1.0884893354486163,1.0992424242424241,1.0884893354486163,1.0992424242424241,0.7530364372469636,0.6891798759476224,0.7530364372469636,0.06385656129934114,0.6891798759476224,0.14817813765182186,0.18952446588559616,0.14817813765182186,-0.04134632823377429,0.18952446588559616,0.09878542510121456,0.12129565816678153,0.09878542510121456,-0.022510233065566973,0.12129565816678153,2017,17054.0,32,2
,,16504.0,32,0.6697942980873332,-0.6697942980873332,0.0,,world_cup,world_cup_1198406,0.7122719784918691,,1.0815768930523029,1.1032372085003663,1.0815768930523029,1.1032372085003663,0.757849151930711,0.6866843791513636,0.757849151930711,0.07116477277934741,0.6866843791513636,0.15409599422591122,0.19082597483785263,0.15409599422591122,-0.03672998061194141,0.19082597483785263,0.08805485384337784,0.12248964601078377,0.08805485384337784,-0.03443479216740593,0.12248964601078377,2017,16504.0,32,2
,,3548.0,15,0.37163814180929094,-0.37163814180929094,28.0,,world_cup,world_cup_1198407,0.987572432253282,,1.025062656641604,1.0642802155504234,1.025062656641604,1.0642802155504234,0.5574572127139364,0.6264014466546112,0.5574572127139364,-0.06894423394067473,0.6264014466546112,0.2567237163814181,0.21699819168173598,0.2567237163814181,0.03972552469968213,0.21699819168173598,0.1858190709046455,0.1566003616636528,0.1858190709046455,0.029218709240992707,0.1566003616636528,2017,3520.0,15,0
,,1425.0,2,0.3358490566037735,-0.3358490566037735,30.0,,world_cup,world_cup_1198407,1.0039801908900936,,1.1153198653198655,1.1151409264571917,1.1153198653198655,1.1151409264571917,0.5433962264150942,0.5899655561313135,0.5433962264150942,-0.0465693297162193,0.5899655561313135,0.24905660377358488,0.22702472033407503,0.24905660377358488,0.022031883439509847,0.22702472033407503,0.2075471698113207,0.1830097235346115,0.2075471698113207,0.0245374462767092,0.1830097235346115,2017,1395.0,2,0
,,3256.0,42,0.3309412829884981,-0.3309412829884981,2.0,,world_cup,world_cup_1198407,1.0091866326606316,,1.0853077119045018,1.0987874964956545,1.0853077119045018,1.0987874964956545,0.5356963213842595,0.5688088024238559,0.5356963213842595,-0.03311248103959641,0.5688088024238559,0.25954864021997925,0.22197416679955354,0.25954864021997925,0.03757447342042572,0.22197416679955354,0.2047550383957614,0.20921703077659068,0.2047550383957614,-0.004461992380829283,0.20921703077659068,2017,3254.0,42,0
,,3365.0,30,0.321774193548387,-0.321774193548387,0.0,,world_cup,world_cup_1198407,1.0129359495562604,,1.079763148728666,1.0509634888438133,1.079763148728666,1.0509634888438133,0.5322580645161289,0.594692400482509,0.5322580645161289,-0.06243433596638015,0.594692400482509,0.25725806451612904,0.21873743466023327,0.25725806451612904,0.03852062985589577,0.21873743466023327,0.2104838709677419,0.18657016485725778,0.2104838709677419,0.02391370611048413,0.18657016485725778,2017,3365.0,30,0
,,3558.0,6,0.904891304347826,0.904891304347826,21.0,,world_cup,world_cup_1198408,0.31189312234542693,,1.0308123249299719,1.063786787924719,1.0308123249299719,1.063786787924719,0.019021739130434784,0.03241510330087865,0.019021739130434784,-0.013393364170443865,0.03241510330087865,0.05706521739130435,0.07231061505580623,0.05706521739130435,-0.015245397664501878,0.07231061505580623,0.9239130434782609,0.8952742816433151,0.9239130434782609,0.028638761834945736,0.8952742816433151,2017,3537.0,6,0
,,1641.0,2,0.847539825282631,0.847539825282631,179.0,,world_cup,world_cup_1198408,0.43233251692274216,,1.121008100810081,1.1134323432343234,1.121008100810081,1.1134323432343234,0.03568216855087359,0.03592494886919406,0.03568216855087359,-0.00024278031832047214,0.03592494886919406,0.0810958376156218,0.07484364347748762,0.0810958376156218,0.006252194138134173,0.07484364347748762,0.8832219938335046,0.8892314076533183,0.8832219938335046,-0.00600941381981368,0.8892314076533183,2017,1462.0,2,0
,,247.0,4,0.8379313962026644,0.8379313962026644,242.0,,world_cup,world_cup_1198408,0.4425322489974851,,1.101826167360148,1.101826167360148,1.101826167360148,1.101826167360148,0.04321829434595615,0.04321829434595615,0.04321829434595615,0.0,0.04321829434595615,0.07563201510542326,0.07563201510542326,0.07563201510542326,0.0,0.07563201510542326,0.8811496905486206,0.8811496905486206,0.8811496905486206,0.0,0.8811496905486206,2017,5.0,4,0
,,3119.0,4,0.8627344521224087,0.8627344521224087,0.0,,world_cup,world_cup_1198408,0.3945859489456227,,1.080763896297877,1.0525773678543002,1.080763896297877,1.0525773678543002,0.03558736426456071,0.030646739613913353,0.03558736426456071,0.0049406246506473565,0.030646739613913353,0.06609081934846989,0.07308068677163954,0.06609081934846989,-0.006989867423169649,0.07308068677163954,0.8983218163869694,0.8962725736144471,0.8983218163869694,0.002049242772522275,0.8962725736144471,2017,3119.0,4,0
,,3917.0,9,0.28245229903034086,0.28245229903034086,813.0,,world_cup,world_cup_1198409,1.0206091463542384,,1.0286357786357785,1.0702842377260984,1.0286357786357785,1.0702842377260984,0.24304035032843294,0.20762916465475612,0.24304035032843294,0.03541118567367682,0.20762916465475612,0.23146700031279327,0.24915499758570733,0.23146700031279327,-0.017687997272914063,0.24915499758570733,0.5254926493587738,0.5432158377595364,0.5254926493587738,-0.01772318840076259,0.5432158377595364,2017,3104.0,9,0
,,3256.0,115,0.23812145570665633,0.23812145570665633,2.0,,world_cup,world_cup_1198409,1.0426856877121589,,1.0792038027332143,1.0987346897459256,1.0792038027332143,1.0987346897459256,0.25739140009910266,0.24270341981132076,0.25739140009910266,0.014687980287781899,0.24270341981132076,0.24709574409513851,0.24598319575471697,0.24709574409513851,0.001112548340421543,0.24598319575471697,0.495512855805759,0.5113133844339623,0.495512855805759,-0.01580052862820336,0.5113133844339623,2017,3254.0,115,0
,,3376.0,80,0.22928645747768467,0.22928645747768467,0.0,,world_cup,world_cup_1198409,1.0402875274754164,,1.080654038027944,1.0501321008567386,1.080654038027944,1.0501321008567386,0.2682218936531406,0.24734055794347543,0.2682218936531406,0.02088133570966516,0.24734055794347543,0.23426975521603416,0.2351262094030569,0.23426975521603416,-0.0008564541870227371,0.2351262094030569,0.49750835113082525,0.5175332326534676,0.49750835113082525,-0.020024881522642368,0.5175332326534676,2017,3376.0,80,0
,,20439.0,5,0.627931214174049,-0.627931214174049,84.0,,world_cup,world_cup_1198411,0.7722771659295327,,1.0262032085561497,1.072159090909091,1.0262032085561497,1.072159090909091,0.7165190203230849,0.7286698463169051,0.7165190203230849,-0.012150825993820225,0.7286698463169051,0.19489317352787913,0.18653948065712772,0.19489317352787913,0.008353692870751411,0.18653948065712772,0.08858780614903597,0.08479067302596714,0.08858780614903597,0.003797133123068827,0.08479067302596714,2016,20355.0,5,2
,,1906.0,3,0.5508254420514539,-0.5508254420514539,519.0,,world_cup,world_cup_1198411,0.8507398960886968,,1.115942842180077,1.1172183794466404,1.115942842180077,1.1172183794466404,0.6687337635129472,0.6992813709231619,0.6687337635129472,-0.030547607410214672,0.6992813709231619,0.21335791502555937,0.20342730790491984,0.21335791502555937,0.009930607120639534,0.20342730790491984,0.11790832146149334,0.09729132117191819,0.11790832146149334,0.020617000289575152,0.09729132117191819,2016,1387.0,3,2
,,1369.0,50,0.5690096729617689,-0.5690096729617689,3.0,,world_cup,world_cup_1198411,0.8331343234776085,,1.0804951464814976,1.0796461084228657,1.0804951464814976,1.0796461084228657,0.6805158912943344,0.6760798761786293,0.6805158912943344,0.0044360151157051275,0.6760798761786293,0.20797789037309997,0.20814144502578028,0.20797789037309997,-0.0001635546526803089,0.20814144502578028,0.11150621833256563,0.11577867879559027,0.11150621833256563,-0.004272460463024638,0.11577867879559027,2016,1366.0,50,2
,,2106.0,14,0.5385556416425397,-0.5385556416425397,0.0,,world_cup,world_cup_1198411,0.8553938514160084,,1.0802607814633718,1.081411976135858,1.0802607814633718,1.081411976135858,0.6707988419035191,0.7058908126333282,0.6707988419035191,-0.035091970729809074,0.7058908126333282,0.19695795783550135,0.19467725569466526,0.19695795783550135,0.0022807021408360884,0.19467725569466526,0.13224320026097947,0.09943193167200644,0.13224320026097947,0.03281126858897303,0.09943193167200644,2016,2106.0,14,2
,,20439.0,16,0.07499999999999996,-0.07499999999999996,37.0,,world_cup,world_cup_1198412,1.094280092589208,,1.0256410256410255,1.0663890816562571,1.0256410256410255,1.0663890816562571,0.375,0.3579175704989154,0.375,0.017082429501084573,0.3579175704989154,0.325,0.28416485900216926,0.325,0.040835140997830754,0.28416485900216926,0.30000000000000004,0.3579175704989154,0.30000000000000004,-0.05791757049891538,0.3579175704989154,2016,20402.0,16,0
,,12075.0,3,0.039876246132691584,-0.039876246132691584,632.0,,world_cup,world_cup_1198412,1.0960908894862595,,1.1166272151493826,1.1167597362963972,1.1166272151493826,1.1167597362963972,0.36553225621634006,0.33790481363296904,0.36553225621634006,0.02762744258337102,0.33790481363296904,0.3088117337000115,0.2842691289293231,0.3088117337000115,0.024542604770688425,0.2842691289293231,0.3256560100836485,0.3778260574377079,0.3256560100836485,-0.052170047354059446,0.3778260574377079,2016,11443.0,3,0
,,17162.0,80,0.07016358098627701,-0.07016358098627701,2.0,,world_cup,world_cup_1198412,1.0949154054680323,,1.0806992498791097,1.079467443311837,1.0806992498791097,1.079467443311837,0.3686561034872181,0.32504657287852506,0.3686561034872181,0.04360953060869305,0.32504657287852506,0.33285137401184084,0.3087942442345988,0.33285137401184084,0.02405712977724206,0.3087942442345988,0.2984925225009411,0.3661591828868761,0.2984925225009411,-0.067666660385935,0.3661591828868761,2016,17160.0,80,0
,,18933.0,43,0.06925621598548715,-0.06925621598548715,0.0,,world_cup,world_cup_1198412,1.094238584401173,,1.0804796494869133,1.078062678062678,1.0804796494869133,1.078062678062678,0.37776117810265714,0.3710359408033827,0.37776117810265714,0.006725237299274434,0.3710359408033827,0.3137338597801729,0.2854122621564482,0.3137338597801729,0.02832159762372466,0.2854122621564482,0.30850496211717,0.3435517970401691,0.30850496211717,-0.03504683492299909,0.3435517970401691,2016,18933.0,43,0
,,16194.0,3,0.9568599717114569,0.9568599717114569,656.0,,world_cup,world_cup_1198413,0.16673948378689074,,1.024390243902439,1.0485026439048837,1.024390243902439,1.0485026439048837,0.009665252239509665,0.01423494086647466,0.009665252239509665,-0.004569688626964996,0.01423494086647466,0.023809523809523808,0.04146700165451314,0.023809523809523808,-0.017657477844989333,0.04146700165451314,0.9665252239509665,0.9442980574790122,0.9665252239509665,0.02222716647195433,0.9442980574790122,2016,15538.0,3,0
,,427.0,3,0.9201778216843665,0.9201778216843665,126.0,,world_cup,world_cup_1198413,0.2603936222848398,,1.0512878210898013,1.0496228194247996,1.0512878210898013,1.0496228194247996,0.021618506627150737,0.022683885457608084,0.021618506627150737,-0.0010653788304573475,0.022683885457608084,0.03658516506133202,0.03402582818641212,0.03658516506133202,0.002559336874919896,0.03402582818641212,0.9417963283115172,0.9432902863559798,0.9417963283115172,-0.0014939580444626177,0.9432902863559798,2016,301.0,3,0
,,16198.0,15,0.3414814267779336,0.3414814267779336,1.0,,world_cup,world_cup_1198414,1.0084212863986086,,1.0251343780755544,1.0628796553263338,1.0251343780755544,1.0628796553263338,0.18580607045269923,0.11068709259225445,0.18580607045269923,0.07511897786044477,0.11068709259225445,0.28690643231666796,0.21728413095477203,0.28690643231666796,0.06962230136189593,0.21728413095477203,0.5272874972306328,0.6720287764529735,0.5272874972306328,-0.1447412792223407,0.6720287764529735,2016,16197.0,15,2
,,1874.0,5,0.30833872010342595,0.30833872010342595,8.0,,world_cup,world_cup_1198414,1.0244258671286481,,1.1161616161616161,1.1176079926079927,1.1161616161616161,1.1176079926079927,0.20361990950226244,0.17207079188735303,0.20361990950226244,0.03154911761490942,0.17207079188735303,0.2844214608920491,0.2686991344787495,0.2844214608920491,0.015722326413299625,0.2686991344787495,0.5119586296056884,0.5592300736338974,0.5119586296056884,-0.04727144402820904,0.5592300736338974,2016,1866.0,5,2
,,1042.0,42,0.2932867798762101,0.2932867798762101,2.0,,world_cup,world_cup_1198414,1.0306315474740722,,1.0793634479332612,1.0791752107541581,1.0793634479332612,1.0791752107541581,0.21298206633867645,0.1544389317006228,0.21298206633867645,0.058543134638053634,0.1544389317006228,0.2807490874464371,0.24385094479045707,0.2807490874464371,0.03689814265598004,0.24385094479045707,0.5062688462148865,0.6017101235089201,0.5062688462148865,-0.09544127729403351,0.6017101235089201,2016,1040.0,42,2
,,1900.0,44,0.25600295530107126,0.25600295530107126,0.0,,world_cup,world_cup_1198414,1.0456331012744131,,1.0793460925039873,1.0799357986400289,1.0793460925039873,1.0799357986400289,0.23162172146287402,0.17471339085214516,0.23162172146287402,0.05690833061072886,0.17471339085214516,0.28075360177318065,0.25369341685379976,0.28075360177318065,0.027060184919380892,0.25369341685379976,0.4876246767639453,0.571593192294055,0.4876246767639453,-0.08396851553010976,0.571593192294055,2016,1900.0,44,2
,,16199.0,15,0.15496809480401091,-0.15496809480401091,1.0,,world_cup,world_cup_1198415,1.0767097373566716,,1.0242763772175536,1.0618279569892473,1.0242763772175536,1.0618279569892473,0.43391066545123064,0.3924050632911393,0.43391066545123064,0.04150560216009136,0.3924050632911393,0.2871467639015497,0.3037974683544304,0.2871467639015497,-0.016650704452880694,0.3037974683544304,0.2789425706472197,0.3037974683544304,0.2789425706472197,-0.024854897707210666,0.3037974683544304,2016,16198.0,15,2
,,10472.0,5,0.12776981589681402,-0.12776981589681402,224.0,,world_cup,world_cup_1198415,1.0834146810675889,,1.1155657766900742,1.1171408831103573,1.1155657766900742,1.1171408831103573,0.41693308345276153,0.3978409985381761,0.41693308345276153,0.019092084914585417,0.3978409985381761,0.29390364899129096,0.29348926121668734,0.29390364899129096,0.00041438777460361953,0.29348926121668734,0.2891632675559475,0.30866974024513666,0.2891632675559475,-0.019506472689189147,0.30866974024513666,2016,10248.0,5,2
,,15360.0,59,0.1360131592474555,-0.1360131592474555,2.0,,world_cup,world_cup_1198415,1.0818768359235724,,1.0796980796980797,1.0994215285983082,1.0796980796980797,1.0994215285983082,0.42099311195641,0.3870507387972863,0.42099311195641,0.033942373159123684,0.3870507387972863,0.29402693533463553,0.2982194216962698,0.29402693533463553,-0.004192486361634273,0.2982194216962698,0.2849799527089545,0.31472983950644384,0.2849799527089545,-0.029749886797489355,0.31472983950644384,2016,15358.0,59,2
,,14862.0,77,0.1643331175137585,-0.1643331175137585,0.0,,world_cup,world_cup_1198415,1.0764370680962214,,1.0797254372512266,1.0814458933882407,1.0797254372512266,1.0814458933882407,0.43278569116218846,0.3934842394753543,0.43278569116218846,0.03930145168683413,0.3934842394753543,0.2987617351893817,0.29828643960228474,0.2987617351893817,0.00047529558709696884,0.29828643960228474,0.26845257364842995,0.3082293209223609,0.26845257364842995,-0.039776747273930935,0.3082293209223609,2016,14862.0,77,2
,,3455.0,13,0.3565891472868218,-0.3565891472868218,38.0,,world_cup,world_cup_1198416,0.9985322413854295,,1.0238095238095237,1.0644257703081232,1.0238095238095237,1.0644257703081232,0.5426356589147288,0.4473684210526316,0.5426356589147288,0.09526723786209718,0.4473684210526316,0.2713178294573644,0.27631578947368424,0.2713178294573644,-0.004997960016319858,0.27631578947368424,0.18604651162790697,0.27631578947368424,0.18604651162790697,-0.09026927784577726,0.27631578947368424,2016,3417.0,13,2
,,2002.0,3,0.34155267055850835,-0.34155267055850835,144.0,,world_cup,world_cup_1198416,1.0030925445419845,,1.1164939928984872,1.116593567251462,1.1164939928984872,1.116593567251462,0.5428247799947722,0.4713584288052373,0.5428247799947722,0.07146635118953487,0.4713584288052373,0.25590311056896403,0.27986906710310966,0.25590311056896403,-0.023965956534145627,0.27986906710310966,0.20127210943626384,0.24877250409165305,0.20127210943626384,-0.047500394655389216,0.24877250409165305,2016,1858.0,3,2
,,2746.0,52,0.30167014613778703,-0.30167014613778703,21.0,,world_cup,world_cup_1198416,1.025508187304379,,1.0795582600856435,1.0791666666666666,1.0795582600856435,1.0791666666666666,0.5146137787056367,0.46332046332046334,0.5146137787056367,0.0512933153851734,0.46332046332046334,0.27244258872651356,0.2895752895752896,0.27244258872651356,-0.01713270084877605,0.2895752895752896,0.2129436325678497,0.2471042471042471,0.2129436325678497,-0.034160614536397405,0.2471042471042471,2016,2725.0,52,2
,,3186.0,57,0.31368768934177915,-0.31368768934177915,0.0,,world_cup,world_cup_1198416,1.0206725410344295,,1.0825274377177783,1.0825174825174826,1.0825274377177783,1.0825174825174826,0.5189686036904434,0.4737295434969854,0.5189686036904434,0.045239060193458025,0.4737295434969854,0.27575048196089225,0.27993109388458226,0.27575048196089225,-0.004180611923690014,0.27993109388458226,0.20528091434866425,0.24633936261843237,0.20528091434866425,-0.04105844826976812,0.24633936261843237,2016,3186.0,57,2
,,3292.0,6,0.8403099106854622,-0.8403099106854622,71.0,,world_cup,world_cup_1198417,0.45720085400186916,,1.027532065457762,1.068859649122807,1.027532065457762,1.068859649122807,0.8689336059399548,0.8206811653672549,0.8689336059399548,0.04825244057269995,0.8206811653672549,0.10244269880555257,0.11694706606483381,0.10244269880555257,-0.01450436725928124,0.11694706606483381,0.02862369525449263,0.062371768567911365,0.02862369525449263,-0.03374807331341874,0.062371768567911365,2016,3221.0,6,2
,,2002.0,2,0.7599825123870592,-0.7599825123870592,317.0,,world_cup,world_cup_1198417,0.5730711397927652,,1.117134717134717,1.1168390433096316,1.117134717134717,1.1168390433096316,0.8288399883415913,0.799450151931703,0.8288399883415913,0.029389836409888348,0.799450151931703,0.10230253570387643,0.13167414267110403,0.10230253570387643,-0.029371606967227598,0.13167414267110403,0.06885747595453222,0.06887570539719289,0.06885747595453222,-1.8229442660666617e-05,0.06887570539719289,2016,1685.0,2,2
,,2746.0,46,0.7533488459845293,-0.7533488459845293,1.0,,world_cup,world_cup_1198417,0.572628038392068,,1.085244335244335,1.0823886002204377,1.085244335244335,1.0823886002204377,0.8301364694044401,0.7964505218751137,0.8301364694044401,0.03368594752932641,0.7964505218751137,0.09307590717564934,0.12655926101029202,0.09307590717564934,-0.03348335383464268,0.12655926101029202,0.0767876234199107,0.07699021711459432,0.0767876234199107,-0.0002025936946836171,0.07699021711459432,2016,2745.0,46,2
,,3186.0,23,0.7924528301886792,-0.7924528301886792,0.0,,world_cup,world_cup_1198417,0.535659321456903,,1.0807701070858966,1.083756689019847,1.0807701070858966,1.083756689019847,0.8411510488036259,0.80940029375918,0.8411510488036259,0.03175075504444591,0.80940029375918,0.1101507325814272,0.12469139660614392,0.1101507325814272,-0.014540664024716723,0.12469139660614392,0.04869821861494676,0.06590830963467609,0.04869821861494676,-0.017210091019729326,0.06590830963467609,2016,3186.0,23,2
,,3169.0,3,0.9387578211760882,-0.9387578211760882,464.0,,world_cup,world_cup_1198418,0.2236806004530062,,1.0311993743366292,1.0579675146729943,1.0311993743366292,1.0579675146729943,0.950729976434898,0.9358501051963003,0.950729976434898,0.014879871238597686,0.9358501051963003,0.037297868306292156,0.04109602635862014,0.037297868306292156,-0.003798158052327985,0.04109602635862014,0.011972155258809826,0.023053868445079593,0.011972155258809826,-0.011081713186269767,0.023053868445079593,2016,2705.0,3,2
,,2002.0,2,0.8546302426667435,-0.8546302426667435,354.0,,world_cup,world_cup_1198418,0.42099403457563866,,1.1167223865243667,1.117429193899782,1.1167223865243667,1.117429193899782,0.8866115892800599,0.8773640085786704,0.8866115892800599,0.009247580701389535,0.8773640085786704,0.08140706410662368,0.08949112887502439,0.08140706410662368,-0.008084064768400706,0.08949112887502439,0.03198134661331645,0.033144862546305325,0.03198134661331645,-0.0011635159329888775,0.033144862546305325,2016,1648.0,2,2
,,3192.0,5,0.8651928705708779,-0.8651928705708779,0.0,,world_cup,world_cup_1198418,0.39068033264000335,,1.0793393948733754,1.0793393948733754,1.0793393948733754,1.0793393948733754,0.8995074126073818,0.8995074126073818,0.8995074126073818,0.0,0.8995074126073818,0.0661780453561145,0.0661780453561145,0.0661780453561145,0.0,0.0661780453561145,0.03431454203650382,0.03431454203650382,0.03431454203650382,0.0,0.03431454203650382,2016,3192.0,5,2
,,19083.0,6,0.929852828809674,0.929852828809674,51.0,,world_cup,world_cup_1198419,0.25148147515138236,,1.0308385130391604,1.059109080525414,1.0308385130391604,1.059109080525414,0.011976346300787347,0.02777028848746293,0.011976346300787347,-0.015793942186675583,0.02777028848746293,0.0461944785887512,0.05554057697492586,0.0461944785887512,-0.009346098386174659,0.05554057697492586,0.9418291751104614,0.9166891345376112,0.9418291751104614,0.02514004057285013,0.9166891345376112,2016,19032.0,6,0
,,4407.0,6,0.9018290181695341,0.9018290181695341,324.0,,world_cup,world_cup_1198419,0.31674912477843553,,1.0519195380417539,1.0468253968253967,1.0519195380417539,1.0468253968253967,0.021125401153391406,0.0265352539802881,0.021125401153391406,-0.005409852826896693,0.0265352539802881,0.05592017952368313,0.06368460955269144,0.05592017952368313,-0.007764430029008305,0.06368460955269144,0.9229544193229255,0.9097801364670206,0.9229544193229255,0.01317428285590494,0.9097801364670206,2016,4083.0,6,0
,,19083.0,5,0.8776297098017993,0.8776297098017993,49.0,,world_cup,world_cup_1198420,0.37649054139533106,,1.0272392467514417,1.0617224880382774,1.0272392467514417,1.0617224880382774,0.023743489142934456,0.049571879224876075,0.023743489142934456,-0.02582839008194162,0.049571879224876075,0.07488331191233175,0.09418657052726455,0.07488331191233175,-0.019303258614932803,0.09418657052726455,0.9013731989447338,0.8562415502478594,0.9013731989447338,0.04513164869687436,0.8562415502478594,2016,19034.0,5,0
,,14697.0,2,0.8095238095238095,0.8095238095238095,46.0,,world_cup,world_cup_1198420,0.5077878309141053,,1.1176470588235294,1.1175613669631799,1.1176470588235294,1.1175613669631799,0.042606516290726815,0.05592534052052569,0.042606516290726815,-0.013318824229798874,0.05592534052052569,0.10526315789473684,0.1078078853407724,0.10526315789473684,-0.0025447274460355662,0.1078078853407724,0.8521303258145363,0.8362667741387019,0.8521303258145363,0.01586355167583442,0.8362667741387019,2016,14651.0,2,0
,,18710.0,16,0.826580226904376,0.826580226904376,0.0,,world_cup,world_cup_1198420,0.47385647093399785,,1.0780577001219016,1.0808111513856133,1.0780577001219016,1.0808111513856133,0.040330179789679996,0.04720566409576409,0.040330179789679996,-0.006875484306084097,0.04720566409576409,0.092759413516264,0.10395854115471645,0.092759413516264,-0.011199127638452447,0.10395854115471645,0.8669104066940561,0.8488357947495195,0.8669104066940561,0.018074611944536523,0.8488357947495195,2016,18710.0,16,0
,,19248.0,7,0.9066538355787738,0.9066538355787738,23.0,,world_cup,world_cup_1198421,0.3136481898571447,,1.0339729921819474,1.0677655677655677,1.0339729921819474,1.0677655677655677,0.014434973879571076,0.036020583190394515,0.014434973879571076,-0.02158560931082344,0.036020583190394515,0.06447621666208414,0.07204116638078903,0.06447621666208414,-0.007564949718704889,0.07204116638078903,0.9210888094583448,0.8919382504288165,0.9210888094583448,0.029150559029528345,0.8919382504288165,2016,19225.0,7,0
,,3401.0,2,0.8371907422186752,0.8371907422186752,439.0,,world_cup,world_cup_1198421,0.44882481452173123,,1.1167557932263814,1.1184928340268148,1.1167557932263814,1.1184928340268148,0.040702314445331206,0.04257429835076261,0.040702314445331206,-0.0018719839054314041,0.04257429835076261,0.08140462889066241,0.08940602653660149,0.08140462889066241,-0.008001397645939073,0.08940602653660149,0.8778930566640064,0.8680196751126358,0.8778930566640064,0.00987338155137063,0.8680196751126358,2016,2962.0,2,0
,,4565.0,17,0.8651928705708779,0.8651928705708779,0.0,,world_cup,world_cup_1198421,0.3906803326400034,,1.0793393948733754,1.0501708371017988,1.0793393948733754,1.0501708371017988,0.03431454203650382,0.030716968493576708,0.03431454203650382,0.0035975735429271093,0.030716968493576708,0.0661780453561145,0.07935216860840649,0.0661780453561145,-0.013174123252291989,0.07935216860840649,0.8995074126073818,0.8899308628980168,0.8995074126073818,0.009576549709364945,0.8899308628980168,2016,4565.0,17,0
,,31084.0,8,0.8458491924699105,0.8458491924699105,34.0,,world_cup,world_cup_1198422,0.4452634271547142,,1.0303126656067831,1.0646435909593803,1.0303126656067831,1.0646435909593803,0.028546445838905466,0.04943586698337293,0.028546445838905466,-0.02088942114446746,0.04943586698337293,0.09705791585227859,0.1043646080760095,0.09705791585227859,-0.007306692223730912,0.1043646080760095,0.874395638308816,0.8461995249406176,0.874395638308816,0.028196113368198383,0.8461995249406176,2017,31050.0,8,0
,,970.0,3,0.8047945205479451,0.8047945205479451,76.0,,world_cup,world_cup_1198422,0.5056114123223516,,1.0814814814814815,1.101246105919003,1.0814814814814815,1.101246105919003,0.05136986301369863,0.06053748231966054,0.05136986301369863,-0.00916761930596191,0.06053748231966054,0.09246575342465754,0.09080622347949081,0.09246575342465754,0.0016595299451667295,0.09080622347949081,0.8561643835616437,0.8486562942008486,0.8561643835616437,0.007508089360795056,0.8486562942008486,2017,894.0,3,0
,,3168.0,20,0.8142932913579823,0.8142932913579823,0.0,,world_cup,world_cup_1198422,0.4984105905917884,,1.0812705812705812,1.101254722072315,1.0812705812705812,1.101254722072315,0.04203808578712338,0.05341500765696785,0.04203808578712338,-0.011376921869844465,0.05341500765696785,0.10163053706777081,0.11350689127105668,0.10163053706777081,-0.011876354203285866,0.11350689127105668,0.8563313771451058,0.8330781010719756,0.8563313771451058,0.023253276073130213,0.8330781010719756,2017,3168.0,20,0
,,32156.0,7,0.7106109324758841,0.7106109324758841,28.0,,world_cup,world_cup_1198424,0.6638025483331891,,1.0252747252747254,1.0666666666666667,1.0252747252747254,1.0666666666666667,0.06966773847802786,0.0625,0.06966773847802786,0.00716773847802786,0.0625,0.15005359056806,0.1875,0.15005359056806,-0.03744640943194,0.1875,0.780278670953912,0.75,0.780278670953912,0.030278670953912012,0.75,2017,32128.0,7,0
,,31908.0,63,0.6785260482846253,0.6785260482846253,4.0,,world_cup,world_cup_1198424,0.7025793765995664,,1.084022038567493,1.099795117572107,1.084022038567493,1.099795117572107,0.08386277001270649,0.10216407471406237,0.08386277001270649,-0.01830130470135588,0.10216407471406237,0.1537484116899619,0.1874763432897227,0.1537484116899619,-0.03372793159976081,0.1874763432897227,0.7623888182973317,0.710359581996215,0.7623888182973317,0.05202923630111678,0.710359581996215,2017,31904.0,63,0
,,31943.0,40,0.6455223880597015,0.6455223880597015,0.0,,world_cup,world_cup_1198424,0.7445370561120231,,1.082828282828283,1.1033655886597062,1.082828282828283,1.1033655886597062,0.09328358208955223,0.10299067218001731,0.09328358208955223,-0.009707090090465081,0.10299067218001731,0.16791044776119401,0.17770939513414755,0.16791044776119401,-0.009798947372953531,0.17770939513414755,0.7388059701492538,0.7192999326858351,0.7388059701492538,0.019506037463418613,0.7192999326858351,2017,31943.0,40,0
,,7668.0,6,0.8312723620613898,-0.8312723620613898,38.0,,world_cup,world_cup_1198425,0.4720176941453301,,1.0326030593725692,1.0649875882074022,1.0326030593725692,1.0649875882074022,0.8646663737367397,0.8459261975224577,0.8646663737367397,0.018740176214282034,0.8459261975224577,0.10193961458791037,0.09883979781578191,0.10193961458791037,0.0030998167721284636,0.09883979781578191,0.03339401167534995,0.055234004661760476,0.03339401167534995,-0.021839992986410525,0.055234004661760476,2017,7630.0,6,0
,,3358.0,3,0.7742783532257216,-0.7742783532257216,97.0,,world_cup,world_cup_1198425,0.5671921483727174,,1.1198845904728256,1.1165988407941791,1.1198845904728256,1.1165988407941791,0.8268047741731952,0.8448837594566239,0.8268047741731952,-0.01807898528342866,0.8448837594566239,0.1206688048793312,0.1053619747087084,0.1206688048793312,0.015306830170622801,0.1053619747087084,0.05252642094747358,0.04975426583466785,0.05252642094747358,0.0027721551128057353,0.04975426583466785,2017,3261.0,3,0
,,4947.0,22,0.7829677668710959,-0.7829677668710959,0.0,,world_cup,world_cup_1198425,0.5546135898200929,,1.083402609718399,1.0702089704383282,1.083402609718399,1.0702089704383282,0.8315476562633215,0.8572449101083462,0.8315476562633215,-0.025697253845024748,0.8572449101083462,0.11987245434445284,0.10382188355756637,0.11987245434445284,0.016050570786886473,0.10382188355756637,0.04857988939222563,0.03893320633408739,0.04857988939222563,0.00964668305813824,0.03893320633408739,2017,4947.0,22,0
,,25724.0,8,0.7777428975043165,-0.7777428975043165,657.0,,world_cup,world_cup_1198426,0.5666098809811344,,1.028410008071025,1.0681569796323895,1.028410008071025,1.0681569796323895,0.8240464605242506,0.7673704771649149,0.8240464605242506,0.05667598335933566,0.7673704771649149,0.1296499764558154,0.17021672402567203,0.1296499764558154,-0.04056674756985662,0.17021672402567203,0.046303563019934074,0.06241279880941307,0.046303563019934074,-0.016109235789478996,0.06241279880941307,2017,25067.0,8,2
,,575.0,21,0.6909230917316392,-0.6909230917316392,23.0,,world_cup,world_cup_1198426,0.670198760691204,,1.0908460908460909,1.093698175787728,1.0908460908460909,1.093698175787728,0.7835210318606218,0.7619408642911297,0.7835210318606218,0.021580167569492104,0.7619408642911297,0.12388102801039559,0.13646702047005307,0.12388102801039559,-0.012585992459657483,0.13646702047005307,0.09259794012898258,0.10159211523881728,0.09259794012898258,-0.008994175109834704,0.10159211523881728,2017,552.0,21,2
,,26259.0,28,0.7472322201467038,-0.7472322201467038,0.0,,world_cup,world_cup_1198426,0.6082193476307591,,1.0847047195453423,1.0990773931950404,1.0847047195453423,1.0990773931950404,0.8086928789466491,0.7645832219430038,0.8086928789466491,0.04410965700364533,0.7645832219430038,0.12984646225340563,0.16542800620221354,0.12984646225340563,-0.035581543948807914,0.16542800620221354,0.06146065879994532,0.06998877185478265,0.06146065879994532,-0.008528113054837333,0.06998877185478265,2017,26259.0,28,2
,,7668.0,4,0.8370990919375058,-0.8370990919375058,2002.0,,world_cup,world_cup_1198427,0.45429293269077653,,1.0302715302715302,1.0652271704903284,1.0302715302715302,1.0652271704903284,0.8744305500351607,0.8234797297297297,0.8744305500351607,0.050950820305430966,0.8234797297297297,0.08823799186718441,0.10430743243243241,0.08823799186718441,-0.016069440565248005,0.10430743243243241,0.037331458097654945,0.07221283783783784,0.037331458097654945,-0.0348813797401829,0.07221283783783784,2017,5666.0,4,2
,,4940.0,18,0.7861557478368356,-0.7861557478368356,0.0,,world_cup,world_cup_1198427,0.5410982947472629,,1.0815508021390374,1.0727272727272728,1.0815508021390374,1.0727272727272728,0.8405438813349815,0.847457627118644,0.8405438813349815,-0.0069137457836625504,0.847457627118644,0.10506798516687268,0.1059322033898305,0.10506798516687268,-0.0008642182229578188,0.1059322033898305,0.054388133498145856,0.046610169491525424,0.054388133498145856,0.007777964006620432,0.046610169491525424,2017,4940.0,18,2
,,43026.0,6,0.6518020769700673,0.6518020769700673,120.0,,world_cup,world_cup_1198428,0.7442460763251394,,1.025689223057644,1.0634920634920635,1.025689223057644,1.0634920634920635,0.08124618204031767,0.1044776119402985,0.08124618204031767,-0.023231429899980838,0.1044776119402985,0.1857055589492975,0.22388059701492535,0.1857055589492975,-0.03817503806562786,0.22388059701492535,0.733048259010385,0.6716417910447762,0.733048259010385,0.06140646796560878,0.6716417910447762,2017,42906.0,6,0
,,43462.0,45,0.6179351921627732,0.6179351921627732,63.0,,world_cup,world_cup_1198428,0.7797963937359805,,1.074493927125506,1.0998718906800469,1.074493927125506,1.0998718906800469,0.09796533534287867,0.13370541130793498,0.09796533534287867,-0.03574007596505631,0.13370541130793498,0.18613413715146948,0.23926231497209416,0.18613413715146948,-0.05312817782062468,0.23926231497209416,0.7159005275056518,0.627032273719971,0.7159005275056518,0.08886825378568086,0.627032273719971,2017,43399.0,45,0
,,43316.0,22,0.6200438033381163,0.6200438033381163,0.0,,world_cup,world_cup_1198428,0.7773311795442516,,1.0804569563443494,1.102246684430228,1.0804569563443494,1.102246684430228,0.09742466581073936,0.10930577466252277,0.09742466581073936,-0.011881108851783409,0.10930577466252277,0.1851068650404048,0.20856044360895154,0.1851068650404048,-0.02345357856854674,0.20856044360895154,0.7174684691488556,0.6821337817285256,0.7174684691488556,0.03533468742033008,0.6821337817285256,2017,43316.0,22,0
,,43016.0,2,0.9475247524752475,0.9475247524752475,4897.0,,world_cup,world_cup_1198429,0.19983928543515925,,1.0344827586206897,1.0529507922649677,1.0344827586206897,1.0529507922649677,0.00957095709570957,0.023163707251669354,0.00957095709570957,-0.013592750155959784,0.023163707251669354,0.03333333333333333,0.03652738451224783,0.03333333333333333,-0.0031940511789144976,0.03652738451224783,0.957095709570957,0.9403089082360827,0.957095709570957,0.016786801334874313,0.9403089082360827,2017,38119.0,2,0
,,1640.0,11,0.8829190203691096,0.8829190203691096,0.0,,world_cup,world_cup_1198429,0.35237093209900017,,1.084857074417119,1.0185866013071896,1.084857074417119,1.0185866013071896,0.02973485196974994,0.01022658913174253,0.02973485196974994,0.019508262838007412,0.01022658913174253,0.05761127569139051,0.02727090435131341,0.05761127569139051,0.0303403713400771,0.02727090435131341,0.9126538723388595,0.962502506516944,0.9126538723388595,-0.049848634178084494,0.962502506516944,2017,1640.0,11,0
,,43025.0,2,0.937231976308148,0.937231976308148,2805.0,,world_cup,world_cup_1198430,0.22696223674084035,,1.0320115900611255,1.0573259006572926,1.0320115900611255,1.0573259006572926,0.012749754812407454,0.018544748714720387,0.012749754812407454,-0.005794993902312933,0.018544748714720387,0.03726851406703718,0.04503724687860665,0.03726851406703718,-0.007768732811569472,0.04503724687860665,0.9499817311205555,0.936418004406673,0.9499817311205555,0.013563726713882507,0.936418004406673,2017,40220.0,2,0
,,5107.0,11,0.9444393655437215,0.9444393655437215,116.0,,world_cup,world_cup_1198430,0.20463136191119968,,1.02499590039122,1.0732562819849347,1.02499590039122,1.0732562819849347,0.012044613063948438,0.03005625502276989,0.012044613063948438,-0.018011641958821455,0.03005625502276989,0.031471408328381405,0.056469327618537374,0.031471408328381405,-0.02499791929015597,0.056469327618537374,0.95648397860767,0.9134744173586927,0.95648397860767,0.04300956124897726,0.9134744173586927,2017,4991.0,11,0
,,3250.0,13,0.5215264187866927,0.5215264187866927,75.0,,world_cup,world_cup_1198431,0.8823263693301567,,1.027652086475616,1.0634674922600618,1.027652086475616,1.0634674922600618,0.11448140900195693,0.11062590975254732,0.11448140900195693,0.0038554992494096024,0.11062590975254732,0.24951076320939336,0.19796215429403205,0.24951076320939336,0.05154860891536131,0.19796215429403205,0.6360078277886496,0.6914119359534208,0.6360078277886496,-0.05540410816477115,0.6914119359534208,2017,3175.0,13,0
,,1817.0,5,0.459808384861045,0.459808384861045,7.0,,world_cup,world_cup_1198431,0.9327466001626461,,1.1178458850784245,1.1186806198465091,1.1178458850784245,1.1186806198465091,0.13657674797852826,0.10158070285686664,0.13657674797852826,0.034996045121661615,0.10158070285686664,0.2670381191818985,0.22630637598491807,0.2670381191818985,0.04073174319698045,0.22630637598491807,0.5963851328395733,0.6721129211582153,0.5963851328395733,-0.07572778831864202,0.6721129211582153,2017,1810.0,5,0
,,1648.0,83,0.46024850995050004,0.46024850995050004,1.0,,world_cup,world_cup_1198431,0.932769522131722,,1.082390246569351,1.104474272930649,1.082390246569351,1.104474272930649,0.13198302858874636,0.15090135709945307,0.13198302858874636,-0.01891832851070671,0.15090135709945307,0.2757854328720073,0.24144217135912494,0.2757854328720073,0.03434326151288236,0.24144217135912494,0.5922315385392464,0.6076564715414219,0.5922315385392464,-0.015424933002175512,0.6076564715414219,2017,1647.0,83,0
,,1603.0,20,0.4875207986688853,0.4875207986688853,18.0,,world_cup,world_cup_1198431,0.9108081951997791,,1.0547560547560546,1.1026320858402168,1.0547560547560546,1.1026320858402168,0.1281198003327787,0.1462775522786826,0.1281198003327787,-0.01815775194590391,0.1462775522786826,0.2562396006655574,0.23254380105841854,0.2562396006655574,0.023695799607138857,0.23254380105841854,0.615640599001664,0.6211786466628987,0.615640599001664,-0.0055380476612346685,0.6211786466628987,2017,1585.0,20,0
,,3416.0,7,0.55078557202921,-0.55078557202921,241.0,,world_cup,world_cup_1198432,0.8483446987572273,,1.0251814882032668,1.0615079365079365,1.0251814882032668,1.0615079365079365,0.6727152024784244,0.6728971962616822,0.6727152024784244,-0.00018199378325778337,0.6728971962616822,0.20535516707236112,0.20934579439252335,0.20535516707236112,-0.003990627320162227,0.20934579439252335,0.12192963044921443,0.11775700934579439,0.12192963044921443,0.004172621103420038,0.11775700934579439,2017,3175.0,7,2
,,1983.0,3,0.5265556649795021,-0.5265556649795021,129.0,,world_cup,world_cup_1198432,0.871567291414713,,1.1211855093006295,1.1186908975322905,1.1211855093006295,1.1186908975322905,0.655818427501546,0.6621496093109666,0.655818427501546,-0.006331181809420605,0.6621496093109666,0.21491880997641022,0.21539806567947106,0.21491880997641022,-0.00047925570306084353,0.21539806567947106,0.12926276252204386,0.12245232500956232,0.12926276252204386,0.006810437512481532,0.12245232500956232,2017,1854.0,3,2
,,2863.0,118,0.5451715881883481,-0.5451715881883481,1.0,,world_cup,world_cup_1198432,0.8548476799682792,,1.078276135072803,1.1003768413840356,1.078276135072803,1.1003768413840356,0.667198723064645,0.6537982565379826,0.667198723064645,0.01340046652666238,0.6537982565379826,0.21077414205905826,0.20195101701951018,0.21077414205905826,0.008823125039548074,0.20195101701951018,0.12202713487629689,0.14425072644250728,0.12202713487629689,-0.022223591566210385,0.14425072644250728,2017,2862.0,118,2
,,3019.0,31,0.514983131573725,-0.514983131573725,0.0,,world_cup,world_cup_1198432,0.8773629019841435,,1.0829572318934022,1.1018518518518519,1.0829572318934022,1.1018518518518519,0.6548918436197658,0.6722689075630252,0.6548918436197658,-0.01737706394325933,0.6722689075630252,0.20519944433419327,0.20168067226890754,0.20519944433419327,0.0035187720652857246,0.20168067226890754,0.13990871204604088,0.12605042016806722,0.13990871204604088,0.01385829187797366,0.12605042016806722,2017,3019.0,31,2
,,6645.0,9,0.6914350538854226,-0.6914350538854226,202.0,,world_cup,world_cup_1198433,0.6940581531554721,,1.0265916149068324,1.1111111111111112,1.0265916149068324,1.1111111111111112,0.7610134240877292,0.625,0.7610134240877292,0.1360134240877292,0.625,0.16940820570996407,0.22499999999999998,0.16940820570996407,-0.05559179429003591,0.22499999999999998,0.06957837020230667,0.15,0.06957837020230667,-0.08042162979769332,0.15,2017,6443.0,9,2
,,1983.0,4,0.6626889419252188,-0.6626889419252188,9.0,,world_cup,world_cup_1198433,0.728960303230313,,1.1203208556149733,1.1172966781214204,1.1203208556149733,1.1172966781214204,0.7438345266507558,0.7160139429977446,0.7438345266507558,0.02782058365301121,0.7160139429977446,0.17501988862370726,0.18453967603034654,0.17501988862370726,-0.00951978740663928,0.18453967603034654,0.081145584725537,0.09944638097190896,0.081145584725537,-0.01830079624637196,0.09944638097190896,2017,1974.0,4,2
,,2863.0,31,0.6188866299655069,-0.6188866299655069,5.0,,world_cup,world_cup_1198433,0.7790208907213372,,1.0824771583645512,1.1005462791177076,1.0824771583645512,1.1005462791177076,0.7161294743815245,0.6883633809412316,0.7161294743815245,0.027766093440292905,0.6883633809412316,0.18662768120245793,0.1854366658862093,0.18662768120245793,0.0011910153162486281,0.1854366658862093,0.09724284441601755,0.12619995317255914,0.09724284441601755,-0.02895710875654159,0.12619995317255914,2017,2858.0,31,2
,,3009.0,18,0.6689147067157835,-0.6689147067157835,144.0,,world_cup,world_cup_1198433,0.721239121573173,,1.0525530899546647,1.099894680364843,1.0525530899546647,1.099894680364843,0.7480872768489657,0.69936766034327,0.7480872768489657,0.04871961650569567,0.69936766034327,0.1727401530178521,0.18554652213188796,0.1727401530178521,-0.012806369114035876,0.18554652213188796,0.07917257013318221,0.1150858175248419,0.07917257013318221,-0.035913247391659686,0.1150858175248419,2017,2865.0,18,2
,,17191.0,15,0.633492103284031,0.633492103284031,22.0,,world_cup,world_cup_1198435,0.7683714365506026,,1.0291537667698658,1.0634674922600618,1.0291537667698658,1.0634674922600618,0.08097267485585359,0.11062590975254732,0.08097267485585359,-0.029653234896693734,0.11062590975254732,0.2045625470042617,0.19796215429403205,0.2045625470042617,0.006600392710229663,0.19796215429403205,0.7144647781398846,0.6914119359534208,0.7144647781398846,0.023052842186463862,0.6914119359534208,2017,17169.0,15,0
,,9215.0,5,0.5977296913799218,0.5977296913799218,624.0,,world_cup,world_cup_1198435,0.7961971791516406,,1.1186507936507937,1.1180531975099037,1.1186507936507937,1.1180531975099037,0.11174175239446613,0.09617331443612066,0.11174175239446613,0.015568437958345463,0.09617331443612066,0.1787868038311458,0.18829722615914152,0.1787868038311458,-0.009510422327995705,0.18829722615914152,0.709471443774388,0.7155294594047379,0.709471443774388,-0.006058015630349911,0.7155294594047379,2017,8591.0,5,0
,,17057.0,129,0.5663008009492733,0.5663008009492733,2.0,,world_cup,world_cup_1198435,0.8336393271831453,,1.0776854219948848,1.100297619047619,1.0776854219948848,1.100297619047619,0.11598932067635717,0.10819583446037327,0.11598932067635717,0.0077934862159839,0.10819583446037327,0.2017205576980125,0.18176900189342712,0.2017205576980125,0.01995155580458538,0.18176900189342712,0.6822901216256304,0.7100351636461997,0.6822901216256304,-0.027745042020569266,0.7100351636461997,2017,17055.0,129,0
,,16509.0,29,0.5356969803189789,0.5356969803189789,0.0,,world_cup,world_cup_1198435,0.860280148463435,,1.0800497506344098,1.102117886859887,1.0800497506344098,1.102117886859887,0.13040609503386702,0.09652595243373342,0.13040609503386702,0.0338801426001336,0.09652595243373342,0.203490829613287,0.18902999018272795,0.203490829613287,0.014460839430559036,0.18902999018272795,0.666103075352846,0.7144440573835387,0.666103075352846,-0.0483409820306927,0.7144440573835387,2017,16509.0,29,0
,,11719.0,3,0.9375281735687827,-0.9375281735687827,203.0,,world_cup,world_cup_1198436,0.22191153920014567,,1.029800288617763,1.0686274509803921,1.029800288617763,1.0686274509803921,0.9520216373008251,0.9174311926605504,0.9520216373008251,0.03459044464027472,0.9174311926605504,0.03348489896713247,0.05504587155963303,0.03348489896713247,-0.02156097259250056,0.05504587155963303,0.014493463732042413,0.027522935779816515,0.014493463732042413,-0.013029472047774103,0.027522935779816515,2017,11516.0,3,2
,,5940.0,2,0.847539825282631,-0.847539825282631,5269.0,,world_cup,world_cup_1198436,0.43233251692274216,,1.121008100810081,1.1244863616796463,1.121008100810081,1.1244863616796463,0.8832219938335046,0.8804900118326721,0.8832219938335046,0.002731982000832578,0.8804900118326721,0.0810958376156218,0.08084499199554535,0.0810958376156218,0.00025084562007644806,0.08084499199554535,0.03568216855087359,0.038664996171782554,0.03568216855087359,-0.0029828276209089635,0.038664996171782554,2017,671.0,2,2
,,7380.0,3,0.885921317856398,-0.885921317856398,0.0,,world_cup,world_cup_1198436,0.34376794633909946,,1.0811806038288838,1.0367108381814263,1.0811806038288838,1.0367108381814263,0.9157572808785709,0.9456756124808398,0.9157572808785709,-0.029918331602268866,0.9456756124808398,0.05440675609925627,0.03709958172040218,0.05440675609925627,0.01730717437885409,0.03709958172040218,0.029835963022172795,0.017224805798758153,0.029835963022172795,0.012611157223414642,0.017224805798758153,2017,7380.0,3,2
,,3917.0,9,0.4404933799955948,0.4404933799955948,52.0,,world_cup,world_cup_1198437,0.9409357612181086,,1.031687118113417,1.0667672365627445,1.031687118113417,1.0667672365627445,0.16154768605760994,0.15623526947048655,0.16154768605760994,0.005312416587123392,0.15623526947048655,0.23641124788918533,0.24668726758497875,0.23641124788918533,-0.01027601969579342,0.24668726758497875,0.6020410660532047,0.5970774629445346,0.6020410660532047,0.004963603108670167,0.5970774629445346,2017,3865.0,9,0
,,3256.0,86,0.4171396140749148,0.4171396140749148,2.0,,world_cup,world_cup_1198437,0.95853333299269,,1.0813962408899118,1.1010499774544718,1.0813962408899118,1.1010499774544718,0.1681328036322361,0.2040952778938571,0.1681328036322361,-0.035962474261621,0.2040952778938571,0.24659477866061294,0.24546594233180108,0.24659477866061294,0.0011288363288118608,0.24546594233180108,0.5852724177071509,0.5504387797743419,0.5852724177071509,0.034833637932809025,0.5504387797743419,2017,3254.0,86,0
,,3365.0,41,0.3899946207638515,0.3899946207638515,0.0,,world_cup,world_cup_1198437,0.9748536699448059,,1.0800290486564996,1.0520637898686678,1.0800290486564996,1.0520637898686678,0.1815492200107585,0.1827909050378957,0.1815492200107585,-0.0012416850271372015,0.1827909050378957,0.24690693921463153,0.2376281765492644,0.24690693921463153,0.009278762665367118,0.2376281765492644,0.57154384077461,0.57958091841284,0.57154384077461,-0.008037077638230028,0.57958091841284,2017,3365.0,41,0
,,3539.0,11,0.6394382344511321,0.6394382344511321,128.0,,world_cup,world_cup_1198438,0.7626096969932531,,1.0296084989179617,1.0632618747372846,1.0296084989179617,1.0632618747372846,0.07471099646508074,0.07234631350069183,0.07471099646508074,0.002364682964388909,0.07234631350069183,0.21113977261870645,0.15675034591816564,0.21113977261870645,0.05438942670054081,0.15675034591816564,0.7141492309162129,0.7709033405811425,0.7141492309162129,-0.056754109664929664,0.7709033405811425,2017,3411.0,11,0
,,1036.0,52,0.540983606557377,0.540983606557377,4.0,,world_cup,world_cup_1198438,0.8629500638035037,,1.0892857142857144,1.0995153220762977,1.0892857142857144,1.0995153220762977,0.11475409836065573,0.11091361535726983,0.11475409836065573,0.0038404830033858944,0.11091361535726983,0.22950819672131145,0.18947742623533595,0.22950819672131145,0.0400307704859755,0.18947742623533595,0.6557377049180327,0.6996089584073942,0.6557377049180327,-0.043871253489361495,0.6996089584073942,2017,1032.0,52,0
,,3129.0,24,0.5603428658120306,0.5603428658120306,0.0,,world_cup,world_cup_1198438,0.8444095110098708,,1.0832485954046365,1.0493979200875752,1.0832485954046365,1.0493979200875752,0.10860578017143291,0.07941061416090756,0.10860578017143291,0.029195166010525353,0.07941061416090756,0.22244557384510352,0.1642978224018777,0.22244557384510352,0.058147751443225815,0.1642978224018777,0.6689486459834636,0.7562915634372148,0.6689486459834636,-0.08734291745375122,0.7562915634372148,2017,3129.0,24,0
,,3544.0,13,0.627931214174049,0.627931214174049,43.0,,world_cup,world_cup_1198439,0.7722771659295327,,1.0262032085561497,1.064102564102564,1.0262032085561497,1.064102564102564,0.08858780614903597,0.07228915662650603,0.08858780614903597,0.016298649522529934,0.07228915662650603,0.19489317352787913,0.14457831325301207,0.19489317352787913,0.05031486027486706,0.14457831325301207,0.7165190203230849,0.783132530120482,0.7165190203230849,-0.06661350979739711,0.783132530120482,2017,3501.0,13,0
,,1635.0,3,0.5954698283489648,0.5954698283489648,113.0,,world_cup,world_cup_1198439,0.7987353627348491,,1.1124015748031495,1.11305994932474,1.1124015748031495,1.11305994932474,0.11236949212528757,0.06910955422458948,0.11236949212528757,0.0432599379006981,0.06910955422458948,0.17979118740046013,0.16951400092823835,0.17979118740046013,0.010277186472221783,0.16951400092823835,0.7078393204742524,0.7613764448471722,0.7078393204742524,-0.0535371243729198,0.7613764448471722,2017,1522.0,3,0
,,3256.0,105,0.5887861813010526,0.5887861813010526,6.0,,world_cup,world_cup_1198439,0.8067141313370382,,1.086815568749411,1.1023011442572432,1.086815568749411,1.1023011442572432,0.11359497754114567,0.08247210064391942,0.11359497754114567,0.031122876897226245,0.08247210064391942,0.18402386361665599,0.14872018148903504,0.18402386361665599,0.035303682127620944,0.14872018148903504,0.7023811588421983,0.7688077178670456,0.7023811588421983,-0.06642655902484729,0.7688077178670456,2017,3250.0,105,0
,,3368.0,21,0.6285364288630928,0.6285364288630928,0.0,,world_cup,world_cup_1198439,0.7686419496934149,,1.082260101010101,1.0467327229399221,1.082260101010101,1.0467327229399221,0.09333255556203698,0.05459164110429448,0.09333255556203698,0.038740914457742505,0.05459164110429448,0.18479846001283326,0.1425901073619632,0.18479846001283326,0.04220835265087006,0.1425901073619632,0.7218689844251298,0.8028182515337424,0.7218689844251298,-0.08094926710861261,0.8028182515337424,2017,3368.0,21,0
,,17393.0,8,0.722753346080306,-0.722753346080306,146.0,,world_cup,world_cup_1198440,0.652969063666377,,1.0254901960784313,1.0676691729323309,1.0254901960784313,1.0676691729323309,0.7801147227533461,0.8215962441314554,0.7801147227533461,-0.04148152137810923,0.8215962441314554,0.16252390057361377,0.13380281690140844,0.16252390057361377,0.028721083672205328,0.13380281690140844,0.05736137667304016,0.04460093896713615,0.05736137667304016,0.012760437705904008,0.04460093896713615,2016,17247.0,8,2
,,1802.0,3,0.6720813369171439,-0.6720813369171439,470.0,,world_cup,world_cup_1198440,0.7232854878333139,,1.1133229247983345,1.116647465437788,1.1133229247983345,1.116647465437788,0.7362393362159636,0.7995873097755997,0.7362393362159636,-0.06334797355963606,0.7995873097755997,0.1996026644852168,0.14444157854010833,0.1996026644852168,0.05516108594510846,0.14444157854010833,0.06415799929881968,0.055971111684291974,0.06415799929881968,0.00818688761452771,0.055971111684291974,2016,1332.0,3,2
,,932.0,42,0.693158953722334,-0.693158953722334,2.0,,world_cup,world_cup_1198440,0.6953446748836172,,1.0863387978142076,1.083859649122807,1.0863387978142076,1.083859649122807,0.7545271629778673,0.809323405632891,0.7545271629778673,-0.0547962426550237,0.809323405632891,0.1841046277665996,0.15377144707024926,0.1841046277665996,0.030333180696350354,0.15377144707024926,0.0613682092555332,0.03690514729685983,0.0613682092555332,0.02446306195867337,0.03690514729685983,2016,930.0,42,2
,,3035.0,22,0.7026568682871678,-0.7026568682871678,3.0,,world_cup,world_cup_1198440,0.6804303695708553,,1.0436578171091446,1.0756056808688388,1.0436578171091446,1.0756056808688388,0.7665347654041831,0.8155339805825244,0.7665347654041831,-0.04899921517834127,0.8155339805825244,0.16958733747880156,0.13281553398058252,0.16958733747880156,0.03677180349821904,0.13281553398058252,0.06387789711701526,0.0516504854368932,0.06387789711701526,0.012227411680122063,0.0516504854368932,2016,3032.0,22,2
,,17559.0,9,0.5640400302749978,-0.5640400302749978,42.0,,world_cup,world_cup_1198441,0.8369686105991302,,1.0226178190574475,1.0676691729323309,1.0226178190574475,1.0676691729323309,0.6790850222857623,0.6690140845070423,0.6790850222857623,0.010070937778720035,0.6690140845070423,0.2058699857034732,0.19718309859154928,0.2058699857034732,0.008686887111923919,0.19718309859154928,0.11504499201076444,0.13380281690140844,0.11504499201076444,-0.018757824890643995,0.13380281690140844,2016,17517.0,9,2
,,9195.0,2,0.5343532684283727,-0.5343532684283727,420.0,,world_cup,world_cup_1198441,0.8637415367828368,,1.1188920012449424,1.116539892288046,1.1188920012449424,1.116539892288046,0.6620305980528511,0.6397314768771756,0.6620305980528511,0.022299121175675563,0.6397314768771756,0.2102920723226704,0.2158130283441074,0.2102920723226704,-0.005520956021437012,0.2158130283441074,0.12767732962447845,0.14445549477871708,0.12767732962447845,-0.016778165154238633,0.14445549477871708,2016,8775.0,2,2
,,14282.0,58,0.5640044994375703,-0.5640044994375703,4.0,,world_cup,world_cup_1198441,0.8355672767888132,,1.0792677004758975,1.0802530802530803,1.0792677004758975,1.0802530802530803,0.6812898387701537,0.6473489519112208,0.6812898387701537,0.03394088685893293,0.6473489519112208,0.20142482189726288,0.22040690505548702,0.20142482189726288,-0.01898208315822414,0.22040690505548702,0.11728533933258342,0.1322441430332922,0.11728533933258342,-0.01495880370070879,0.1322441430332922,2016,14278.0,58,2
,,16053.0,64,0.5322681054160614,-0.5322681054160614,0.0,,world_cup,world_cup_1198441,0.8640778628132477,,1.0773530069304718,1.0787509905500876,1.0773530069304718,1.0787509905500876,0.6630006225357958,0.6349301301684532,0.6630006225357958,0.028070492367342603,0.6349301301684532,0.20626686034446978,0.2131029862174579,0.20626686034446978,-0.006836125872988125,0.2131029862174579,0.13073251711973438,0.15196688361408883,0.13073251711973438,-0.02123436649435445,0.15196688361408883,2016,16053.0,64,2
,,17465.0,8,0.24268855823499239,-0.24268855823499239,286.0,,world_cup,world_cup_1198443,1.0525416852438076,,1.0289304191743216,1.0705128205128207,1.0289304191743216,1.0705128205128207,0.47408927655207805,0.47904191616766467,0.47408927655207805,-0.004952639615586618,0.47904191616766467,0.29451000513083636,0.2874251497005988,0.29451000513083636,0.007084855430237569,0.2874251497005988,0.23140071831708567,0.23353293413173648,0.23140071831708567,-0.002132215814650812,0.23353293413173648,2016,17179.0,8,0
,,11746.0,3,0.18506479800751408,-0.18506479800751408,520.0,,world_cup,world_cup_1198443,1.0679669423023017,,1.1160579677370723,1.1179926128013171,1.1160579677370723,1.1179926128013171,0.4525307104563299,0.5025057825751735,0.4525307104563299,-0.04997507211884361,0.5025057825751735,0.2800033770948541,0.27104857363145723,0.2800033770948541,0.008954803463396888,0.27104857363145723,0.26746591244881585,0.2264456437933693,0.26746591244881585,0.04102026865544656,0.2264456437933693,2016,11226.0,3,0
,,16634.0,74,0.22755572636433502,-0.22755572636433502,2.0,,world_cup,world_cup_1198443,1.0582224205244484,,1.0815034643856172,1.102601029938029,1.0815034643856172,1.102601029938029,0.464642582628747,0.4773401939441916,0.464642582628747,-0.012697611315444557,0.4773401939441916,0.29827056110684086,0.2707302592519295,0.29827056110684086,0.027540301854911353,0.2707302592519295,0.237086856264412,0.2519295468038789,0.237086856264412,-0.014842690539466907,0.2519295468038789,2016,16632.0,74,0
,,16124.0,70,0.23277265328269126,-0.23277265328269126,3.0,,world_cup,world_cup_1198443,1.0557323389877027,,1.0527418126428028,1.080516151672,1.0527418126428028,1.080516151672,0.4702477844094773,0.5085074837616493,0.4702477844094773,-0.03825969935217205,0.5085074837616493,0.2922770844637367,0.2762637672973737,0.2922770844637367,0.016013317166363006,0.2762637672973737,0.23747513112678603,0.21522874894097715,0.23747513112678603,0.022246382185808877,0.21522874894097715,2016,16121.0,70,0
,,17628.0,2,0.9433650028669517,0.9433650028669517,2040.0,,world_cup,world_cup_1198444,0.21344661297515666,,1.0287546854232934,1.0636059301769487,1.0287546854232934,1.0636059301769487,0.009624247878818671,0.022931654676258996,0.009624247878818671,-0.013307406797440325,0.022931654676258996,0.037386501375410996,0.055305755395683456,0.037386501375410996,-0.01791925402027246,0.055305755395683456,0.9529892507457703,0.9217625899280576,0.9529892507457703,0.031226660817712748,0.9217625899280576,2016,15588.0,2,0
,,1577.0,7,0.9214807809444427,0.9214807809444427,44.0,,world_cup,world_cup_1198444,0.25984831023191685,,1.051375605645671,1.0536479708162334,1.051375605645671,1.0536479708162334,0.020236912127720965,0.02207171142319261,0.020236912127720965,-0.0018347992954716452,0.02207171142319261,0.038045394800115415,0.04745417955986411,0.038045394800115415,-0.009408784759748698,0.04745417955986411,0.9417176930721637,0.9304741090169433,0.9417176930721637,0.011243584055220412,0.9304741090169433,2016,1533.0,7,0
,,17629.0,3,0.7552581261950287,0.7552581261950287,677.0,,world_cup,world_cup_1198445,0.5978217275549476,,1.0254901960784313,1.064102564102564,1.0254901960784313,1.064102564102564,0.05736137667304016,0.07228915662650603,0.05736137667304016,-0.014927779953465878,0.07228915662650603,0.13001912045889102,0.14457831325301207,0.13001912045889102,-0.014559192794121045,0.14457831325301207,0.8126195028680689,0.783132530120482,0.8126195028680689,0.029486972747586937,0.783132530120482,2016,16952.0,3,0
,,16800.0,48,0.6921448730009409,0.6921448730009409,10.0,,world_cup,world_cup_1198445,0.6799137241760749,,1.0827603768780238,1.0998041419670823,1.0827603768780238,1.0998041419670823,0.08396048918156163,0.09373740248037751,0.08396048918156163,-0.009776913298815887,0.09373740248037751,0.13993414863593603,0.13570937374024802,0.13993414863593603,0.0042247748956880105,0.13570937374024802,0.7761053621825025,0.7705532237793745,0.7761053621825025,0.00555213840312796,0.7705532237793745,2016,16790.0,48,0
,,16284.0,24,0.6901408450704226,0.6901408450704226,0.0,,world_cup,world_cup_1198445,0.682683638547024,,1.0757575757575757,1.079919467787115,1.0757575757575757,1.079919467787115,0.08450704225352114,0.07716624787225419,0.08450704225352114,0.007340794381266946,0.07716624787225419,0.14084507042253522,0.14468671476047662,0.14084507042253522,-0.0038416443379414023,0.14468671476047662,0.7746478873239437,0.7781470373672692,0.7746478873239437,-0.0034991500433254608,0.7781470373672692,2016,16284.0,24,0
,,2056.0,2,0.9521923620933523,0.9521923620933523,52.0,,world_cup,world_cup_1198446,0.18369973926635164,,1.0294117647058822,1.0276471485402712,1.0294117647058822,1.0276471485402712,0.00961810466760962,0.012803903319862591,0.00961810466760962,-0.0031857986522529722,0.012803903319862591,0.028571428571428574,0.023734064690477,0.028571428571428574,0.004837363880951573,0.023734064690477,0.9618104667609619,0.9634620319896604,0.9618104667609619,-0.0016515652286984706,0.9634620319896604,2016,2004.0,2,0
,,423.0,2,0.870382253185443,0.870382253185443,0.0,,world_cup,world_cup_1198446,0.34405921564888997,,1.0800990099009902,1.046803990743902,1.0800990099009902,1.046803990743902,0.046292052433770284,0.02122863727948744,0.046292052433770284,0.025063415154282842,0.02122863727948744,0.03703364194701622,0.03294098888196327,0.03703364194701622,0.004092653065052951,0.03294098888196327,0.9166743056192134,0.9458303738385493,0.9166743056192134,-0.029156068219335918,0.9458303738385493,2016,423.0,2,0
,,3373.0,5,0.8636363636363635,0.8636363636363635,29.0,,world_cup,world_cup_1198447,0.40989879105580035,,1.024390243902439,1.0693498452012384,1.024390243902439,1.0693498452012384,0.023809523809523808,0.05500868558193399,0.023809523809523808,-0.03119916177241018,0.05500868558193399,0.08874458874458875,0.12468635398571704,0.08874458874458875,-0.035941765241128285,0.12468635398571704,0.8874458874458874,0.820304960432349,0.8874458874458874,0.06714092701353835,0.820304960432349,2016,3344.0,5,0
,,1768.0,3,0.7586288556035758,0.7586288556035758,50.0,,world_cup,world_cup_1198447,0.5760972925246817,,1.1191280726164445,1.1182960557960557,1.1191280726164445,1.1182960557960557,0.06873482919898172,0.05588859915589129,0.06873482919898172,0.012846230043090427,0.05588859915589129,0.10390148599846073,0.11613215409016371,0.10390148599846073,-0.012230668091702979,0.11613215409016371,0.8273636848025576,0.827979246753945,0.8273636848025576,-0.0006155619513873445,0.827979246753945,2016,1718.0,3,0
,,3090.0,27,0.7841729044439949,0.7841729044439949,1.0,,world_cup,world_cup_1198447,0.5521933916911294,,1.0817376080533974,1.0799271181293653,1.0817376080533974,1.0799271181293653,0.04865466316002428,0.06173256097332359,0.04865466316002428,-0.013077897813299308,0.06173256097332359,0.11851776923595661,0.10404364208987121,0.11851776923595661,0.014474127146085397,0.10404364208987121,0.8328275676040192,0.8342237969368052,0.8328275676040192,-0.0013962293327859365,0.8342237969368052,2016,3089.0,27,0
,,3233.0,23,0.7618002195389681,0.7618002195389681,0.0,,world_cup,world_cup_1198447,0.5805797399103696,,1.0845238095238094,1.0784076759686516,1.0845238095238094,1.0784076759686516,0.06147091108671789,0.05151628349237613,0.06147091108671789,0.009954627594341764,0.05151628349237613,0.11525795828759605,0.11308452473936224,0.11525795828759605,0.002173433548233808,0.11308452473936224,0.823271130625686,0.8353991917682615,0.823271130625686,-0.012128061142575475,0.8353991917682615,2016,3233.0,23,0
,,16352.0,12,0.44574290484140244,0.44574290484140244,10.0,,world_cup,world_cup_1198449,0.9434580131680126,,1.0309810671256454,1.0660940889773842,1.0309810671256454,1.0660940889773842,0.13856427378964942,0.17054609316198813,0.13856427378964942,-0.03198181937233871,0.17054609316198813,0.27712854757929883,0.24684302957656173,0.27712854757929883,0.0302855180027371,0.24684302957656173,0.5843071786310519,0.58261087726145,0.5843071786310519,0.0016963013696018603,0.58261087726145,2016,16342.0,12,0
,,11983.0,2,0.3797634691195795,0.3797634691195795,641.0,,world_cup,world_cup_1198449,0.9842753623786535,,1.1191176470588236,1.1178503659528327,1.1191176470588236,1.1178503659528327,0.17871222076215507,0.159745377387087,0.17871222076215507,0.01896684337506807,0.159745377387087,0.2628120893561104,0.2631100333434374,0.2628120893561104,-0.00029794398732702065,0.2631100333434374,0.5584756898817346,0.5771445892694756,0.5584756898817346,-0.018668899387741078,0.5771445892694756,2016,11342.0,2,0
,,16064.0,32,0.3952236010302037,0.3952236010302037,7.0,,world_cup,world_cup_1198449,0.9777560038088156,,1.0772296206618241,1.0782163742690059,1.0772296206618241,1.0782163742690059,0.15734020135799576,0.16271186440677965,0.15734020135799576,-0.005371663048783892,0.16271186440677965,0.2900959962538047,0.2576271186440678,0.2900959962538047,0.032468877609736935,0.2576271186440678,0.5525638023881995,0.5796610169491525,0.5525638023881995,-0.027097214560953042,0.5796610169491525,2016,16057.0,32,0
,,16026.0,26,0.3827655310621242,0.3827655310621242,0.0,,world_cup,world_cup_1198449,0.9848894582235667,,1.0800865800865802,1.0824451731912277,1.0800865800865802,1.0824451731912277,0.16833667334669336,0.16497041420118344,0.16833667334669336,0.00336625914550992,0.16497041420118344,0.280561122244489,0.27171597633136096,0.280561122244489,0.008845145913128016,0.27171597633136096,0.5511022044088175,0.5633136094674557,0.5511022044088175,-0.012211405058638158,0.5633136094674557,2016,16026.0,26,0
,,16364.0,16,0.1834319526627219,0.1834319526627219,85.0,,world_cup,world_cup_1198450,1.0712176339820434,,1.0242424242424242,1.0631092553630697,1.0242424242424242,1.0631092553630697,0.2603550295857988,0.21723720403338773,0.2603550295857988,0.04311782555241109,0.21723720403338773,0.2958579881656805,0.2687534552755911,0.2958579881656805,0.027104532890089406,0.2687534552755911,0.4437869822485207,0.5140093406910212,0.4437869822485207,-0.07022235844250052,0.5140093406910212,2016,16279.0,16,0
,,11983.0,5,0.15239744561099688,0.15239744561099688,731.0,,world_cup,world_cup_1198450,1.0756708289785386,,1.117765195509098,1.1165006345729238,1.117765195509098,1.1165006345729238,0.2840134213659487,0.2326378075365929,0.2840134213659487,0.05137561382935579,0.2326378075365929,0.27957571165710576,0.26977577078791654,0.27957571165710576,0.009799940869189228,0.26977577078791654,0.4364108669769456,0.4975864216754905,0.4364108669769456,-0.06117555469854491,0.4975864216754905,2016,11252.0,5,0
,,16064.0,78,0.12822327207642198,0.12822327207642198,13.0,,world_cup,world_cup_1198450,1.0846496260195277,,1.0819897315798954,1.0804223563035884,1.0819897315798954,1.0804223563035884,0.28437636579325276,0.23139099125578663,0.28437636579325276,0.05298537453746613,0.23139099125578663,0.3030239963370726,0.276287750753178,0.3030239963370726,0.02673624558389459,0.276287750753178,0.41259963786967474,0.4923212579910354,0.41259963786967474,-0.07972162012136064,0.4923212579910354,2016,16051.0,78,0
,,16034.0,71,0.14506612410986774,0.14506612410986774,0.0,,world_cup,world_cup_1198450,1.0809128110135406,,1.075633562393312,1.0799765736220353,1.075633562393312,1.0799765736220353,0.2775178026449644,0.21483666141643504,0.2775178026449644,0.06268114122852936,0.21483666141643504,0.29989827060020346,0.2764017942402492,0.29989827060020346,0.023496476359954277,0.2764017942402492,0.42258392675483214,0.5087615443433159,0.42258392675483214,-0.08617761758848375,0.5087615443433159,2016,16034.0,71,0
,,16352.0,2,0.9522010789090127,-0.9522010789090127,385.0,,world_cup,world_cup_1198451,0.17711806009404507,,1.0268349328157749,1.0441896116589346,1.0268349328157749,1.0441896116589346,0.9642241204104267,0.948198486985511,0.9642241204104267,0.016025633424915697,0.948198486985511,0.02375283808815929,0.03302346454673676,0.02375283808815929,-0.009270626458577472,0.03302346454673676,0.012023041501413962,0.018778048467752276,0.012023041501413962,-0.006755006966338314,0.018778048467752276,2016,15967.0,2,2
,,468.0,2,0.9195443832174035,-0.9195443832174035,288.0,,world_cup,world_cup_1198451,0.2579282941570946,,1.0502035395177147,1.0502035395177147,1.0502035395177147,1.0502035395177147,0.9427686849690808,0.9427686849690808,0.9427686849690808,0.0,0.9427686849690808,0.03400701327924185,0.03400701327924185,0.03400701327924185,0.0,0.03400701327924185,0.02322430175167736,0.02322430175167736,0.02322430175167736,0.0,0.02322430175167736,2016,180.0,2,2
,,16056.0,6,0.8545454545454546,-0.8545454545454546,116.0,,world_cup,world_cup_1198452,0.4256729035729739,,1.0294117647058822,1.0643874643874642,1.0294117647058822,1.0643874643874642,0.8831168831168832,0.869914346895075,0.8831168831168832,0.013202536221808225,0.869914346895075,0.08831168831168833,0.09395074946466811,0.08831168831168833,-0.005639061152979782,0.09395074946466811,0.028571428571428574,0.03613490364025697,0.028571428571428574,-0.007563475068828394,0.03613490364025697,2017,15940.0,6,2
,,4537.0,23,0.8359229334990677,-0.8359229334990677,15.0,,world_cup,world_cup_1198452,0.46104835345343065,,1.0448051948051948,1.0997960372960374,1.0448051948051948,1.0997960372960374,0.8701056556867619,0.8265995496092197,0.8701056556867619,0.04350610607754224,0.8265995496092197,0.09571162212554382,0.11657173135514638,0.09571162212554382,-0.02086010922960256,0.11657173135514638,0.03418272218769422,0.05682871903563386,0.03418272218769422,-0.022645996847939637,0.05682871903563386,2017,4522.0,23,2
,,16014.0,4,0.9521923620933523,-0.9521923620933523,386.0,,world_cup,world_cup_1198453,0.18369973926635166,,1.0294117647058822,1.0621083014224768,1.0294117647058822,1.0621083014224768,0.9618104667609619,0.9322015547519542,0.9618104667609619,0.029608912009007726,0.9322015547519542,0.028571428571428574,0.044834455728546364,0.028571428571428574,-0.01626302715711779,0.044834455728546364,0.00961810466760962,0.02296398951949936,0.00961810466760962,-0.013345884851889742,0.02296398951949936,2017,15628.0,4,2
,,4541.0,12,0.9325826907200195,-0.9325826907200195,32.0,,world_cup,world_cup_1198453,0.23462984128800768,,1.043802713604694,1.100243937437222,1.043802713604694,1.100243937437222,0.9485499481810675,0.8998904481193594,0.9485499481810675,0.04865950006170816,0.8998904481193594,0.03548279435788438,0.06059262350670353,0.03548279435788438,-0.02510982914881915,0.06059262350670353,0.01596725746104797,0.03951692837393709,0.01596725746104797,-0.02354967091288912,0.03951692837393709,2017,4509.0,12,2
,,32760.0,14,0.11920529801324498,0.11920529801324498,53.0,,world_cup,world_cup_1198454,1.0878626692079827,,1.0272108843537415,1.060385523210071,1.0272108843537415,1.060385523210071,0.2781456953642384,0.2357633092190688,0.2781456953642384,0.04238238614516959,0.2357633092190688,0.32450331125827814,0.30421072157299195,0.32450331125827814,0.02029258968528619,0.30421072157299195,0.39735099337748336,0.46002596920793914,0.39735099337748336,-0.06267497583045578,0.46002596920793914,2017,32707.0,14,0
,,9131.0,4,0.1531728665207877,0.1531728665207877,129.0,,world_cup,world_cup_1198454,1.0808061460966298,,1.1163767832714482,1.117117117117117,1.1163767832714482,1.117117117117117,0.2634573304157549,0.29838709677419356,0.2634573304157549,-0.03492976635843864,0.29838709677419356,0.3199124726477024,0.29838709677419356,0.3199124726477024,0.021525375873508834,0.29838709677419356,0.41663019693654263,0.4032258064516129,0.41663019693654263,0.013404390484929751,0.4032258064516129,2017,9002.0,4,0
,,33288.0,74,0.07571801566579633,0.07571801566579633,3.0,,world_cup,world_cup_1198454,1.09390072736138,,1.0825325042396834,1.0999262273625092,1.0825325042396834,1.0999262273625092,0.3028720626631854,0.2635222847252272,0.3028720626631854,0.039349777937958186,0.2635222847252272,0.31853785900783294,0.2886196451752488,0.31853785900783294,0.02991821383258414,0.2886196451752488,0.3785900783289817,0.44785807009952405,0.3785900783289817,-0.06926799177054233,0.44785807009952405,2017,33285.0,74,0
,,33321.0,57,0.09539252021563344,0.09539252021563344,0.0,,world_cup,world_cup_1198454,1.0904230952814702,,1.079238387869477,1.1003584229390682,1.079238387869477,1.1003584229390682,0.29889656334231807,0.252442996742671,0.29889656334231807,0.046453566599647056,0.252442996742671,0.3068143530997305,0.29315960912052114,0.3068143530997305,0.01365474397920935,0.29315960912052114,0.3942890835579515,0.4543973941368078,0.3942890835579515,-0.060108310578856294,0.4543973941368078,2017,33321.0,57,0
,,26998.0,11,0.10305343511450382,-0.10305343511450382,33.0,,world_cup,world_cup_1198455,1.0905422431813416,,1.0274509803921568,1.0622335890878092,1.0274509803921568,1.0622335890878092,0.3893129770992367,0.40930979133226325,0.3893129770992367,-0.019996814233026572,0.40930979133226325,0.3244274809160305,0.3138041733547351,0.3244274809160305,0.010623307561295425,0.3138041733547351,0.28625954198473286,0.2768860353130016,0.28625954198473286,0.009373506671731258,0.2768860353130016,2017,26965.0,11,2
,,7482.0,4,0.12706197057512258,-0.12706197057512258,134.0,,world_cup,world_cup_1198455,1.0859176777837423,,1.1179226475279107,1.1183734717473124,1.1179226475279107,1.1183734717473124,0.4065983058403923,0.4217715504916086,0.4065983058403923,-0.015173244651216278,0.4217715504916086,0.3138653588943379,0.30310362272617297,0.3138653588943379,0.010761736168164948,0.30310362272617297,0.2795363352652697,0.27512482678221856,0.2795363352652697,0.004411508483051163,0.27512482678221856,2017,7348.0,4,2
,,27540.0,73,0.0793832095945175,-0.0793832095945175,3.0,,world_cup,world_cup_1198455,1.093877222286788,,1.0803983541277578,1.1017308201535831,1.0803983541277578,1.1017308201535831,0.3732195674966118,0.3998514213297791,0.3732195674966118,-0.026631853833167296,0.3998514213297791,0.33294407460129394,0.30255424213953286,0.33294407460129394,0.03038983246176108,0.30255424213953286,0.2938363579020943,0.2975943365306881,0.2938363579020943,-0.003757978628593839,0.2975943365306881,2017,27537.0,73,2
,,27520.0,42,0.09672882173284036,-0.09672882173284036,7.0,,world_cup,world_cup_1198455,1.0915557779470375,,1.0527161888323413,1.1023425499231951,1.0527161888323413,1.1023425499231951,0.3845844719498473,0.4049817105033966,0.3845844719498473,-0.0203972385535493,0.4049817105033966,0.32755987783314583,0.3023863438425361,0.32755987783314583,0.02517353399060973,0.3023863438425361,0.28785565021700693,0.2926319456540672,0.28785565021700693,-0.004776295437060263,0.2926319456540672,2017,27513.0,42,2
,,27164.0,9,0.0853658536585366,-0.0853658536585366,26.0,,world_cup,world_cup_1198456,1.091507782227652,,1.025,1.0627763041556144,1.025,1.0627763041556144,0.39024390243902446,0.32445923460898507,0.39024390243902446,0.06578466783003939,0.32445923460898507,0.30487804878048785,0.3136439267886855,0.30487804878048785,-0.00876587800819767,0.3136439267886855,0.30487804878048785,0.36189683860232946,0.30487804878048785,-0.05701878982184161,0.36189683860232946,2017,27138.0,9,2
,,7648.0,8,0.08684157006304655,-0.08684157006304655,12.0,,world_cup,world_cup_1198456,1.0894991742615343,,1.119535519125683,1.1162752772341813,1.119535519125683,1.1162752772341813,0.3969900345739272,0.31994156318480643,0.3969900345739272,0.07704847138912074,0.31994156318480643,0.2928615009151922,0.30679327976625276,0.2928615009151922,-0.013931778851060561,0.30679327976625276,0.31014846451088063,0.37326515704894087,0.31014846451088063,-0.06311669253806024,0.37326515704894087,2017,7636.0,8,2
,,27697.0,100,0.07996583162773385,-0.07996583162773385,1.0,,world_cup,world_cup_1198456,1.0912878114230322,,1.0800920432299903,1.0996684814015025,1.0800920432299903,1.0996684814015025,0.3906527512305688,0.33067817236419955,0.3906527512305688,0.059974578866369255,0.33067817236419955,0.2986603291665962,0.2981524504923111,0.2986603291665962,0.0005078786742850894,0.2981524504923111,0.31068691960283495,0.37116937714348924,0.31068691960283495,-0.06048245754065429,0.37116937714348924,2017,27696.0,100,2
,,27686.0,46,0.10597030422593706,-0.10597030422593706,0.0,,world_cup,world_cup_1198456,1.087215468937209,,1.0767221853290314,1.1012224900577385,1.0767221853290314,1.1012224900577385,0.40556536185235176,0.3375768432375728,0.40556536185235176,0.06798851861477895,0.3375768432375728,0.2948395805212335,0.2977317076423183,0.2948395805212335,-0.002892127121084831,0.2977317076423183,0.2995950576264147,0.3646914491201087,0.2995950576264147,-0.065096391493694,0.3646914491201087,2017,27686.0,46,2
,,9108.0,2,0.9521923620933523,0.9521923620933523,2081.0,,world_cup,world_cup_1198457,0.18369973926635164,,1.0294117647058822,1.0481683914997835,1.0294117647058822,1.0481683914997835,0.00961810466760962,0.01870676820276826,0.00961810466760962,-0.00908866353515864,0.01870676820276826,0.028571428571428574,0.03669404532081467,0.028571428571428574,-0.008122616749386094,0.03669404532081467,0.9618104667609619,0.944599186476417,0.9618104667609619,0.017211280284544883,0.944599186476417,2017,7027.0,2,0
,,44466.0,10,0.5366795366795367,-0.5366795366795367,30.0,,world_cup,world_cup_1198458,0.8515698541913768,,1.0277777777777777,1.0667672365627445,1.0277777777777777,1.0667672365627445,0.6756756756756758,0.5970774629445346,0.6756756756756758,0.0785982127311412,0.5970774629445346,0.18532818532818535,0.24668726758497875,0.18532818532818535,-0.0613590822567934,0.24668726758497875,0.138996138996139,0.15623526947048655,0.138996138996139,-0.017239130474347553,0.15623526947048655,2017,44436.0,10,2
,,6177.0,4,0.5288799308954795,-0.5288799308954795,185.0,,world_cup,world_cup_1198458,0.8700302471204746,,1.1285280718514619,1.1172711172711174,1.1285280718514619,1.1172711172711174,0.656377771379211,0.6047553411440385,0.656377771379211,0.051622430235172545,0.6047553411440385,0.21612438813705734,0.22949689869055825,0.21612438813705734,-0.013372510553500916,0.22949689869055825,0.12749784048373164,0.16574776016540316,0.12749784048373164,-0.03824991968167152,0.16574776016540316,2017,5992.0,4,2
,,44900.0,122,0.49798657718120815,-0.49798657718120815,2.0,,world_cup,world_cup_1198458,0.8894321628646679,,1.0803712416615643,1.0993036380033283,1.0803712416615643,1.0993036380033283,0.6472781506338554,0.5945534506089311,0.6472781506338554,0.052724700024924354,0.5945534506089311,0.20343027591349738,0.24585588633288225,0.20343027591349738,-0.04242561041938486,0.24585588633288225,0.14929157345264726,0.15959066305818675,0.14929157345264726,-0.010299089605539491,0.15959066305818675,2017,44898.0,122,2
,,44732.0,47,0.5090106465853026,-0.5090106465853026,8.0,,world_cup,world_cup_1198458,0.8764572265397442,,1.0479253744339951,1.1,1.0479253744339951,1.1,0.6581147753830174,0.5681818181818181,0.6581147753830174,0.08993295720119932,0.5681818181818181,0.19278109581926772,0.2424242424242424,0.19278109581926772,-0.04964314660497468,0.2424242424242424,0.14910412879771487,0.1893939393939394,0.14910412879771487,-0.04028981059622452,0.1893939393939394,2017,44724.0,47,2
,,44449.0,4,0.9155932558383078,-0.9155932558383078,4238.0,,world_cup,world_cup_1198460,0.2808796650277719,,1.028765352294764,1.0624355005159958,1.028765352294764,1.0624355005159958,0.9346528432296576,0.9227780475959204,0.9346528432296576,0.011874795633737167,0.9227780475959204,0.04628756937899257,0.04953861097620204,0.04628756937899257,-0.0032510415972094725,0.04953861097620204,0.019059587391349882,0.027683341427877612,0.019059587391349882,-0.00862375403652773,0.027683341427877612,2017,40211.0,4,2
,,6176.0,2,0.841871124292262,-0.841871124292262,752.0,,world_cup,world_cup_1198460,0.447455067330628,,1.1188536953242836,1.1184928340268145,1.1188536953242836,1.1184928340268145,0.8762469668374224,0.868019675112636,0.8762469668374224,0.008227291724786423,0.868019675112636,0.0893771906174171,0.08940602653660151,0.0893771906174171,-2.8835919184413972e-05,0.08940602653660151,0.03437584254516042,0.04257429835076262,0.03437584254516042,-0.008198455805602196,0.04257429835076262,2017,5424.0,2,2
,,6554.0,17,0.9152852794288475,-0.9152852794288475,234.0,,world_cup,world_cup_1198460,0.28805691584513743,,1.0428227845862734,1.0737965260545905,1.0428227845862734,1.0737965260545905,0.9310055368544222,0.8954568563109488,0.9310055368544222,0.03554868054347338,0.8954568563109488,0.05327420572000305,0.07450201044507095,0.05327420572000305,-0.021227804725067898,0.07450201044507095,0.01572025742557467,0.03004113324398022,0.01572025742557467,-0.014320875818405548,0.03004113324398022,2017,6320.0,17,2
,,3522.0,5,0.7927792403159083,0.7927792403159083,16.0,,world_cup,world_cup_1198463,0.5377051370820074,,1.0273350719598184,1.0693498452012384,1.0273350719598184,1.0693498452012384,0.04635201203459947,0.05500868558193399,0.04635201203459947,-0.008656673547334522,0.05500868558193399,0.11451673561489281,0.12468635398571704,0.11451673561489281,-0.010169618370824224,0.12468635398571704,0.8391312523505078,0.820304960432349,0.8391312523505078,0.018826291918158766,0.820304960432349,2017,3506.0,5,0
,,3251.0,7,0.7363896848137537,0.7363896848137537,1.0,,world_cup,world_cup_1198463,0.6230519792446658,,1.0838509316770186,1.0832991242474002,1.0838509316770186,1.0832991242474002,0.0659025787965616,0.05769412953547857,0.0659025787965616,0.00820844926108303,0.05769412953547857,0.1318051575931232,0.14652477342343764,0.1318051575931232,-0.014719615830314448,0.14652477342343764,0.8022922636103152,0.7957810970410838,0.8022922636103152,0.006511166569231452,0.7957810970410838,2017,3250.0,7,0
,,3159.0,25,0.702544618307254,0.702544618307254,0.0,,world_cup,world_cup_1198463,0.6697532364257923,,1.0775156216332686,1.049259428920446,1.0775156216332686,1.049259428920446,0.07733839924011399,0.06353687641888352,0.07733839924011399,0.01380152282123047,0.06353687641888352,0.14277858321251813,0.12879096571395304,0.14277858321251813,0.013987617498565086,0.12879096571395304,0.779883017547368,0.8076721578671634,0.779883017547368,-0.027789140319795402,0.8076721578671634,2017,3159.0,25,0
,,14597.0,5,0.2823644357596483,-0.2823644357596483,298.0,,world_cup,world_cup_1198464,1.0360206868274537,,1.0291603821015585,1.0691121743753322,1.0291603821015585,1.0691121743753322,0.49829018075232057,0.5196419691695674,0.49829018075232057,-0.02135178841724683,0.5196419691695674,0.28578407425500735,0.2834410740924913,0.28578407425500735,0.00234300016251604,0.2834410740924913,0.21592574499267222,0.19691695673794132,0.21592574499267222,0.0190087882547309,0.19691695673794132,2017,14299.0,5,2
,,6200.0,5,0.22908676272416284,-0.22908676272416284,1.0,,world_cup,world_cup_1198464,1.0532593978930254,,1.1299229890779188,1.1211560527538478,1.1299229890779188,1.1211560527538478,0.4783870633357519,0.4873969917831481,0.4783870633357519,-0.009009928447396176,0.4873969917831481,0.2723126360526588,0.28679630063124156,0.2723126360526588,-0.014483664578582744,0.28679630063124156,0.2493003006115891,0.2258067075856104,0.2493003006115891,0.0234935930259787,0.2258067075856104,2017,6199.0,5,2
,,14011.0,63,0.2208465303771956,-0.2208465303771956,2.0,,world_cup,world_cup_1198464,1.0585527051917396,,1.0794094794094793,1.1008251500272777,1.0794094794094793,1.1008251500272777,0.46789519147710923,0.4831965308967013,0.46789519147710923,-0.015301339419592053,0.4831965308967013,0.2850561474229773,0.28387796190181197,0.2850561474229773,0.0011781855211653314,0.28387796190181197,0.24704866109991364,0.2329255072014868,0.24704866109991364,0.014123153898426832,0.2329255072014868,2017,14009.0,63,2
,,13777.0,43,0.23370640947205518,-0.23370640947205518,13.0,,world_cup,world_cup_1198464,1.0532562757075894,,1.0530404662831503,1.1022196757490874,1.0530404662831503,1.1022196757490874,0.4772015690790657,0.4851658612656668,0.4772015690790657,-0.007964292186601107,0.4851658612656668,0.2793032713139238,0.28801909859263397,0.2793032713139238,-0.008715827278710175,0.28801909859263397,0.24349515960701051,0.22681504014169926,0.24349515960701051,0.016680119465311255,0.22681504014169926,2017,13764.0,43,2
,,14713.0,11,0.6450967311541027,-0.6450967311541027,397.0,,world_cup,world_cup_1198466,0.748845388126258,,1.024606971975393,1.0686274509803921,1.024606971975393,1.0686274509803921,0.733822548365577,0.6880733944954128,0.733822548365577,0.045749153870164205,0.6880733944954128,0.17745163442294865,0.20795107033639143,0.17745163442294865,-0.030499435913442785,0.20795107033639143,0.08872581721147432,0.10397553516819572,0.08872581721147432,-0.015249717956721393,0.10397553516819572,2017,14316.0,11,2
,,14177.0,128,0.5787677384587748,-0.5787677384587748,1.0,,world_cup,world_cup_1198466,0.8232542967447136,,1.0861379377621696,1.099949264332826,1.0861379377621696,1.099949264332826,0.6870846057122327,0.6734317343173432,0.6870846057122327,0.013652871394889576,0.6734317343173432,0.2045985270343093,0.20202952029520296,0.2045985270343093,0.0025690067391063443,0.20202952029520296,0.10831686725345786,0.12453874538745388,0.10831686725345786,-0.016221878133996018,0.12453874538745388,2017,14176.0,128,2
,,13919.0,28,0.5719318741899563,-0.5719318741899563,0.0,,world_cup,world_cup_1198466,0.8246356229512983,,1.0806593519318555,1.1025488499531328,1.0806593519318555,1.1025488499531328,0.6905678976287398,0.6768576800457777,0.6905678976287398,0.013710217582962092,0.6768576800457777,0.1907960789324766,0.19717158505681356,0.1907960789324766,-0.00637550612433696,0.19717158505681356,0.11863602343878353,0.12597073489740865,0.11863602343878353,-0.007334711458625118,0.12597073489740865,2017,13919.0,28,2
,,3549.0,10,0.09770060108768241,0.09770060108768241,32.0,,world_cup,world_cup_1198467,1.089751242463862,,1.0283555729984302,1.0666666666666669,1.0283555729984302,1.0666666666666669,0.29920809083102756,0.34090909090909083,0.29920809083102756,-0.041701000078063266,0.34090909090909083,0.30388321725026235,0.28409090909090906,0.30388321725026235,0.01979230815935329,0.28409090909090906,0.39690869191871,0.37499999999999994,0.39690869191871,0.021908691918710033,0.37499999999999994,2017,3517.0,10,0
,,1960.0,2,0.10863757791629564,0.10863757791629564,633.0,,world_cup,world_cup_1198467,1.0866399279303514,,1.1157476403378042,1.1176862807102355,1.1157476403378042,1.1176862807102355,0.298753339269813,0.31615033355766237,0.298753339269813,-0.017396994287849354,0.31615033355766237,0.2938557435440784,0.29143499803523926,0.2938557435440784,0.0024207455088391394,0.29143499803523926,0.40739091718610865,0.39241466840709843,0.40739091718610865,0.014976248779010215,0.39241466840709843,2017,1327.0,2,0
,,3071.0,46,0.12222452791035482,0.12222452791035482,4.0,,world_cup,world_cup_1198467,1.085174453749409,,1.0795250896057347,1.0801059889243407,1.0795250896057347,1.0801059889243407,0.28947914505084044,0.31068290819574723,0.28947914505084044,-0.021203763144906795,0.31068290819574723,0.2988171819879643,0.3035524807945334,0.2988171819879643,-0.004735298806569088,0.3035524807945334,0.41170367296119526,0.3857646110097195,0.41170367296119526,0.025939061951475773,0.3857646110097195,2017,3067.0,46,0
,,3351.0,31,0.12502846731951722,0.12502846731951722,0.0,,world_cup,world_cup_1198467,1.0853707010077405,,1.0780390362575187,1.0688694440816682,1.0780390362575187,1.0688694440816682,0.28541852135566553,0.3017961145277563,0.28541852135566553,-0.016377593172090754,0.3017961145277563,0.3041344899691518,0.2878670630880137,0.3041344899691518,0.016267426881138136,0.2878670630880137,0.41044698867518276,0.4103368223842301,0.41044698867518276,0.0001101662909526735,0.4103368223842301,2017,3351.0,31,0
,,3549.0,7,0.9333057639882684,0.9333057639882684,144.0,,world_cup,world_cup_1198468,0.23560263083971766,,1.024260698003634,1.0666666666666667,1.024260698003634,1.0666666666666667,0.014571849884916119,0.03605769230769231,0.014571849884916119,-0.021485842422776194,0.03605769230769231,0.03755053624189923,0.0625,0.03755053624189923,-0.024949463758100768,0.0625,0.9478776138731845,0.9014423076923076,0.9478776138731845,0.04643530618087688,0.9014423076923076,2017,3405.0,7,1
,,1956.0,2,0.8385936875749103,0.8385936875749103,1210.0,,world_cup,world_cup_1198468,0.4460742751960145,,1.1264626462646263,1.121008100810081,1.1264626462646263,1.121008100810081,0.040351578106272476,0.03568216855087359,0.040351578106272476,0.004669409555398886,0.03568216855087359,0.08070315621254495,0.0810958376156218,0.08070315621254495,-0.00039268140307684163,0.0810958376156218,0.8789452656811827,0.8832219938335046,0.8789452656811827,-0.00427672815232194,0.8832219938335046,2017,746.0,2,1
,,1914.0,12,0.885921317856398,0.885921317856398,0.0,,world_cup,world_cup_1198468,0.34376794633909946,,1.0811806038288838,1.0518162393162391,1.0811806038288838,1.0518162393162391,0.029835963022172795,0.026409344845099037,0.029835963022172795,0.0034266181770737578,0.026409344845099037,0.05440675609925627,0.059421025901472836,0.05440675609925627,-0.005014269802216566,0.059421025901472836,0.9157572808785709,0.9141696292534283,0.9157572808785709,0.0015876516251426276,0.9141696292534283,2017,1914.0,12,1
,,1594.0,2,0.8447970602973108,0.8447970602973108,1210.0,,world_cup,world_cup_1198469,0.4366094528458523,,1.1226747674767477,1.1286271484291286,1.1226747674767477,1.1286271484291286,0.03711374645064306,0.04219200972201124,0.03711374645064306,-0.0050782632713681775,0.04219200972201124,0.08097544680140305,0.08054838219656692,0.08097544680140305,0.0004270646048361304,0.08054838219656692,0.8819108067479539,0.8772596080814219,0.8819108067479539,0.004651198666531964,0.8772596080814219,2017,384.0,2,0
,,1914.0,6,0.9318166882732828,0.9318166882732828,22.0,,world_cup,world_cup_1198469,0.23781353732896965,,1.0449539909854795,1.0481683914997835,1.0449539909854795,1.0481683914997835,0.015688195618536682,0.01870676820276826,0.015688195618536682,-0.003018572584231577,0.01870676820276826,0.036806920489643756,0.03669404532081467,0.036806920489643756,0.00011287516882908799,0.03669404532081467,0.9475048838918194,0.944599186476417,0.9475048838918194,0.002905697415402364,0.944599186476417,2017,1892.0,6,0
,,18833.0,14,0.38853288364249583,-0.38853288364249583,121.0,,world_cup,world_cup_1198470,0.9805196682280575,,1.02311939268461,1.064935064935065,1.02311939268461,1.064935064935065,0.5585160202360877,0.4471544715447154,0.5585160202360877,0.11136154869137233,0.4471544715447154,0.2715008431703204,0.2845528455284553,0.2715008431703204,-0.013052002358134862,0.2845528455284553,0.1699831365935919,0.26829268292682923,0.1699831365935919,-0.09830954633323732,0.26829268292682923,2016,18712.0,14,2
,,10469.0,8,0.3506058262438773,-0.3506058262438773,127.0,,world_cup,world_cup_1198470,1.0003058969683651,,1.1152320165602898,1.1179926128013171,1.1152320165602898,1.1179926128013171,0.5434390306780098,0.5025057825751735,0.5434390306780098,0.04093324810283627,0.5025057825751735,0.2637277648878577,0.27104857363145723,0.2637277648878577,-0.007320808743599527,0.27104857363145723,0.1928332044341325,0.2264456437933693,0.1928332044341325,-0.0336124393592368,0.2264456437933693,2016,10342.0,8,2
,,15556.0,52,0.33533233383308336,-0.33533233383308336,2.0,,world_cup,world_cup_1198470,1.010811439604093,,1.0827922077922079,1.0797090112640801,1.0827922077922079,1.0797090112640801,0.5277361319340329,0.49264652611751064,0.5277361319340329,0.03508960581652226,0.49264652611751064,0.2798600699650175,0.2894298340940375,0.2798600699650175,-0.009569764129019998,0.2894298340940375,0.1924037981009495,0.21792363978845178,0.1924037981009495,-0.025519841687502265,0.21792363978845178,2016,15554.0,52,2
,,17326.0,62,0.37737789203084837,-0.37737789203084837,1.0,,world_cup,world_cup_1198470,0.9863336790547084,,1.0409976450438878,1.080516151672,1.0409976450438878,1.080516151672,0.5552699228791774,0.5085074837616493,0.5552699228791774,0.04676243911752809,0.5085074837616493,0.2668380462724936,0.2762637672973737,0.2668380462724936,-0.009425721024880096,0.2762637672973737,0.17789203084832905,0.21522874894097715,0.17789203084832905,-0.0373367180926481,0.21522874894097715,2016,17325.0,62,2
,,18999.0,13,0.722753346080306,0.722753346080306,51.0,,world_cup,world_cup_1198471,0.652969063666377,,1.0254901960784313,1.0629908103592314,1.0254901960784313,1.0629908103592314,0.05736137667304016,0.10452687834014461,0.05736137667304016,-0.047165501667104454,0.10452687834014461,0.16252390057361377,0.1881483810122603,0.16252390057361377,-0.02562448043864654,0.1881483810122603,0.7801147227533461,0.7073247406475951,0.7801147227533461,0.07278998210575105,0.7073247406475951,2016,18948.0,13,0
,,10635.0,4,0.6566265060240963,0.6566265060240963,36.0,,world_cup,world_cup_1198471,0.7312793186991544,,1.1168195718654435,1.1170897627343621,1.1168195718654435,1.1170897627343621,0.08953997809419496,0.08951832103019591,0.08953997809419496,2.165706399905043e-05,0.08951832103019591,0.16429353778751368,0.18269045108203244,0.16429353778751368,-0.018396913294518757,0.18269045108203244,0.7461664841182913,0.7277912278877715,0.7461664841182913,0.018375256230519832,0.7277912278877715,2016,10599.0,4,0
,,15720.0,54,0.6650782845473111,0.6650782845473111,8.0,,world_cup,world_cup_1198471,0.7235269391314834,,1.0857354028085735,1.0835271317829458,1.0857354028085735,1.0835271317829458,0.08373042886317224,0.09229118225719907,0.08373042886317224,-0.00856075339402683,0.09229118225719907,0.16746085772634448,0.19227329636916474,0.16746085772634448,-0.02481243864282026,0.19227329636916474,0.7488087134104834,0.7154355213736361,0.7488087134104834,0.0333731920368473,0.7154355213736361,2016,15712.0,54,0
,,17493.0,38,0.6470588235294117,0.6470588235294117,0.0,,world_cup,world_cup_1198471,0.7430131305405708,,1.081818181818182,1.0800743374272785,1.081818181818182,1.0800743374272785,0.09243697478991596,0.11573277474377199,0.09243697478991596,-0.023295799953856028,0.11573277474377199,0.1680672268907563,0.203486197351687,0.1680672268907563,-0.035418970460930704,0.203486197351687,0.7394957983193277,0.680781027904541,0.7394957983193277,0.05871477041478668,0.680781027904541,2016,17493.0,38,0
,,18999.0,15,0.1891891891891892,0.1891891891891892,2.0,,world_cup,world_cup_1198472,1.0715849248248062,,1.0277777777777777,1.0611631016042782,1.0277777777777777,1.0611631016042782,0.24324324324324326,0.27716535433070866,0.24324324324324326,-0.0339221110874654,0.27716535433070866,0.32432432432432434,0.2944881889763779,0.32432432432432434,0.029836135347946435,0.2944881889763779,0.43243243243243246,0.4283464566929133,0.43243243243243246,0.004085975739519132,0.4283464566929133,2016,18997.0,15,2
,,10635.0,3,0.14220183486238536,0.14220183486238536,342.0,,world_cup,world_cup_1198472,1.0797630788500292,,1.116231438812084,1.116593567251462,1.116231438812084,1.116593567251462,0.2844036697247706,0.24877250409165305,0.2844036697247706,0.03563116563311755,0.24877250409165305,0.2889908256880734,0.27986906710310966,0.2889908256880734,0.009121758584963724,0.27986906710310966,0.42660550458715596,0.4713584288052373,0.42660550458715596,-0.04475292421808136,0.4713584288052373,2016,10293.0,3,2
,,15720.0,42,0.15805402752499953,0.15805402752499953,3.0,,world_cup,world_cup_1198472,1.0793586778171054,,1.0813183411279534,1.0804738562091503,1.0813183411279534,1.0804738562091503,0.26422772540438844,0.2570888468809074,0.26422772540438844,0.0071388785234810515,0.2570888468809074,0.31349052166622354,0.28922495274102084,0.31349052166622354,0.024265568925202707,0.28922495274102084,0.42228175292938797,0.45368620037807184,0.42228175292938797,-0.03140444744868387,0.45368620037807184,2016,15717.0,42,2
,,17491.0,80,0.18202301440412008,0.18202301440412008,0.0,,world_cup,world_cup_1198472,1.073509854019309,,1.082387576103335,1.0828081232492996,1.082387576103335,1.0828081232492996,0.24969823770821595,0.2716248989490704,0.24969823770821595,-0.021926661240854434,0.2716248989490704,0.318580510179448,0.28860145513338725,0.318580510179448,0.029979055046060743,0.28860145513338725,0.43172125211233603,0.4397736459175424,0.43172125211233603,-0.008052393805206393,0.4397736459175424,2016,17491.0,80,2
,,14712.0,8,0.606741573033708,0.606741573033708,648.0,,world_cup,world_cup_1198474,0.7984651571902521,,1.0274170274170273,1.0702614379084967,1.0274170274170273,1.0702614379084967,0.08848314606741574,0.15572519083969466,0.08848314606741574,-0.06724204477227892,0.15572519083969466,0.21629213483146068,0.233587786259542,0.21629213483146068,-0.017295651428081316,0.233587786259542,0.6952247191011237,0.6106870229007634,0.6952247191011237,0.08453769620036033,0.6106870229007634,2016,14064.0,8,0
,,9032.0,3,0.5482720557017917,0.5482720557017917,648.0,,world_cup,world_cup_1198474,0.8497679385925179,,1.1180413154097364,1.1176443028485759,1.1180413154097364,1.1176443028485759,0.12422518468200731,0.1398029763152379,0.12422518468200731,-0.015577791633230573,0.1398029763152379,0.20327757493419377,0.2431356109830224,0.20327757493419377,-0.03985803604882862,0.2431356109830224,0.672497240383799,0.6170614127017396,0.672497240383799,0.055435827682059347,0.6170614127017396,2016,8384.0,3,0
,,13919.0,60,0.5775445133092107,0.5775445133092107,3.0,,world_cup,world_cup_1198474,0.8218984520358942,,1.0809858336754214,1.099624060150376,1.0809858336754214,1.099624060150376,0.11281481746856306,0.1623931623931624,0.11281481746856306,-0.04957834492459934,0.1623931623931624,0.19682585175366318,0.2393162393162393,0.19682585175366318,-0.042490387562576115,0.2393162393162393,0.6903593307777738,0.5982905982905983,0.6903593307777738,0.09206873248717551,0.5982905982905983,2016,13916.0,60,0
,,13459.0,37,0.5937948529657199,0.5937948529657199,0.0,,world_cup,world_cup_1198474,0.8070614837060734,,1.0770052072567264,1.0782419153693987,1.0770052072567264,1.0782419153693987,0.10432591207984246,0.14491182152427245,0.10432591207984246,-0.040585909444429996,0.14491182152427245,0.19755332287459532,0.2408923786377516,0.19755332287459532,-0.043339055763156276,0.2408923786377516,0.6981207650455623,0.614195799837976,0.6981207650455623,0.0839249652075863,0.614195799837976,2016,13459.0,37,0
,,3034.0,12,0.5797244710269148,0.5797244710269148,20.0,,world_cup,world_cup_1198476,0.8266718455066583,,1.0253913266615344,1.06013986013986,1.0253913266615344,1.06013986013986,0.09752374278957446,0.0857519788918206,0.09752374278957446,0.011771763897753862,0.0857519788918206,0.22522804339393637,0.18865435356200533,0.22522804339393637,0.036573689831931044,0.18865435356200533,0.6772482138164893,0.7255936675461742,0.6772482138164893,-0.048345453729684906,0.7255936675461742,2016,3014.0,12,0
,,1744.0,4,0.5328198258539852,0.5328198258539852,51.0,,world_cup,world_cup_1198476,0.8642239803829561,,1.1182264165075084,1.1173913043478263,1.1182264165075084,1.1173913043478263,0.12960482250502345,0.0894941634241245,0.12960482250502345,0.04011065908089895,0.0894941634241245,0.20797052913596786,0.19455252918287935,0.20797052913596786,0.01341799995308851,0.19455252918287935,0.6624246483590087,0.715953307392996,0.6624246483590087,-0.05352865903398729,0.715953307392996,2016,1693.0,4,0
,,2308.0,123,0.4806910569105691,0.4806910569105691,1.0,,world_cup,world_cup_1198476,0.9084374901833316,,1.0796576695194207,1.0812824121622477,1.0796576695194207,1.0812824121622477,0.14939024390243902,0.10052475740963328,0.14939024390243902,0.04886548649280574,0.10052475740963328,0.22052845528455284,0.17126440151270853,0.22052845528455284,0.04926405377184431,0.17126440151270853,0.6300813008130082,0.7282108410776582,0.6300813008130082,-0.09812954026465004,0.7282108410776582,2016,2307.0,123,0
,,2930.0,40,0.5265593114177762,0.5265593114177762,1.0,,world_cup,world_cup_1198476,0.8721226607858991,,1.0531008098320334,1.076984126984127,1.0531008098320334,1.076984126984127,0.12832117673206309,0.07737656595431099,0.12832117673206309,0.0509446107777521,0.07737656595431099,0.2167983351180975,0.18570375829034638,0.2167983351180975,0.03109457682775113,0.18570375829034638,0.6548804881498393,0.7369196757553427,0.6548804881498393,-0.08203918760550333,0.7369196757553427,2016,2929.0,40,0
,,3200.0,11,0.6067415730337078,-0.6067415730337078,82.0,,world_cup,world_cup_1198478,0.7984651571902524,,1.0274170274170276,1.0631185807656396,1.0274170274170276,1.0631185807656396,0.6952247191011235,0.6147900930967856,0.6952247191011235,0.08043462600433793,0.6147900930967856,0.21629213483146062,0.25083435798348847,0.21629213483146062,-0.034542223152027846,0.25083435798348847,0.08848314606741572,0.13437554891972597,0.08848314606741572,-0.04589240285231025,0.13437554891972597,2016,3118.0,11,1
,,1910.0,4,0.5410847677817473,-0.5410847677817473,83.0,,world_cup,world_cup_1198478,0.8590819658543408,,1.1158222802058417,1.1166297931003815,1.1158222802058417,1.1166297931003815,0.6638518999675219,0.6262601120099565,0.6638518999675219,0.03759178795756546,0.6262601120099565,0.2133809678467035,0.24204107031736147,0.2133809678467035,-0.028660102470657978,0.24204107031736147,0.1227671321857746,0.13169881767268202,0.1227671321857746,-0.008931685486907412,0.13169881767268202,2016,1827.0,4,1
,,2474.0,75,0.527758346581876,-0.527758346581876,1.0,,world_cup,world_cup_1198478,0.8706732023535824,,1.080666886579801,1.0795218295218296,1.080666886579801,1.0795218295218296,0.6562798092209857,0.625902744342802,0.6562798092209857,0.0303770648781837,0.625902744342802,0.2151987281399046,0.23158401540683676,0.2151987281399046,-0.01638528726693217,0.23158401540683676,0.12852146263910968,0.14251324025036108,0.12852146263910968,-0.013991777611251394,0.14251324025036108,2016,2473.0,75,1
,,3093.0,41,0.536471805483704,-0.536471805483704,0.0,,world_cup,world_cup_1198478,0.864059851427267,,1.0829131652661066,1.0806870922081804,1.0829131652661066,1.0806870922081804,0.6595964821520951,0.6047955749210739,0.6595964821520951,0.054800907231021156,0.6047955749210739,0.21727884117951368,0.24350979727085342,0.21727884117951368,-0.02623095609133974,0.24350979727085342,0.12312467666839108,0.15169462780807266,0.12312467666839108,-0.028569951139681582,0.15169462780807266,2016,3093.0,41,1
,,30773.0,7,0.7871454076572109,0.7871454076572109,306.0,,world_cup,world_cup_1198484,0.549091637994148,,1.034688013136289,1.066069906223359,1.034688013136289,1.066069906223359,0.04602261456060305,0.05517792882846861,0.04602261456060305,-0.009155314267865554,0.05517792882846861,0.12080936322158302,0.16313474610155937,0.12080936322158302,-0.04232538287997635,0.16313474610155937,0.8331680222178139,0.781687325069972,0.8331680222178139,0.05148069714784198,0.781687325069972,2017,30467.0,7,0
,,6311.0,2,0.6854791980530769,0.6854791980530769,527.0,,world_cup,world_cup_1198484,0.6790819049436315,,1.116589026915114,1.1166056166056166,1.116589026915114,1.1166056166056166,0.09329006837408738,0.07463094587206123,0.09329006837408738,0.018659122502026143,0.07463094587206123,0.1279406651987484,0.15992345544013123,0.1279406651987484,-0.03198279024138284,0.15992345544013123,0.7787692664271643,0.7654455986878076,0.7787692664271643,0.01332366773935667,0.7654455986878076,2017,5784.0,2,0
,,30468.0,50,0.7455344832868653,0.7455344832868653,3.0,,world_cup,world_cup_1198484,0.5990904585934078,,1.0838300486476615,1.1060346171838453,1.0838300486476615,1.1060346171838453,0.07097337540978584,0.08219371211053152,0.07097337540978584,-0.011220336700745681,0.08219371211053152,0.11251876589356291,0.17059072324827296,0.11251876589356291,-0.058071957354710046,0.17059072324827296,0.8165078586966512,0.7472155646411955,0.8165078586966512,0.06929229405545567,0.7472155646411955,2017,30465.0,50,0
,,30498.0,31,0.7352436933627235,0.7352436933627235,0.0,,world_cup,world_cup_1198484,0.6184546341014008,,1.0780672416828023,1.1022408963585433,1.0780672416828023,1.1022408963585433,0.07135276349089723,0.0756035578144854,0.07135276349089723,-0.004250794323588172,0.0756035578144854,0.12205077965548207,0.162007623888183,0.12205077965548207,-0.03995684423270092,0.162007623888183,0.8065964568536208,0.7623888182973317,0.8065964568536208,0.044207638556289064,0.7623888182973317,2017,30498.0,31,0
,,4843.0,6,0.627931214174049,0.627931214174049,84.0,,world_cup,world_cup_1198492,0.7722771659295327,,1.0262032085561497,1.0676691729323307,1.0262032085561497,1.0676691729323307,0.08858780614903597,0.09859154929577466,0.08858780614903597,-0.010003743146738686,0.09859154929577466,0.19489317352787913,0.1971830985915493,0.19489317352787913,-0.0022899250636701785,0.1971830985915493,0.7165190203230849,0.7042253521126761,0.7165190203230849,0.012293668210408781,0.7042253521126761,2017,4759.0,6,1
,,4401.0,71,0.5912556244163341,0.5912556244163341,2.0,,world_cup,world_cup_1198492,0.8105083211889662,,1.0816305541577442,1.0806100217864922,1.0816305541577442,1.0806100217864922,0.10387978605993717,0.1088709677419355,0.10387978605993717,-0.00499118168199833,0.1088709677419355,0.2009848034637915,0.2056451612903226,0.2009848034637915,-0.004660357826531097,0.2056451612903226,0.6951354104762713,0.685483870967742,0.6951354104762713,0.009651539508529261,0.685483870967742,2017,4399.0,71,1
,,4550.0,11,0.5532652051125281,0.5532652051125281,0.0,,world_cup,world_cup_1198492,0.8441466823522694,,1.0783141040734636,1.0546718374600241,1.0783141040734636,1.0546718374600241,0.12364980929921099,0.10086832220684622,0.12364980929921099,0.02278148709236477,0.10086832220684622,0.19943517628904997,0.19154792499885948,0.19943517628904997,0.007887251290190495,0.19154792499885948,0.6769150144117391,0.7075837527942943,0.6769150144117391,-0.03066873838255524,0.7075837527942943,2017,4550.0,11,1
,,4831.0,9,0.06732703915802501,-0.06732703915802501,41.0,,world_cup,world_cup_1198493,1.095071874549221,,1.0275127226463103,1.0618955512572534,1.0275127226463103,1.0618955512572534,0.37145952638910384,0.2853673345476624,0.37145952638910384,0.08609219184144146,0.2853673345476624,0.3244079863798174,0.31390406800242865,0.3244079863798174,0.010503918377388732,0.31390406800242865,0.30413248723107883,0.4007285974499089,0.30413248723107883,-0.09659611021883008,0.4007285974499089,2017,4790.0,9,2
,,1837.0,4,0.033818640376017395,-0.033818640376017395,29.0,,world_cup,world_cup_1198493,1.0957339711251315,,1.1175166865239503,1.1163415414134954,1.1175166865239503,1.1163415414134954,0.3652413160609882,0.3583132806233528,0.3652413160609882,0.0069280354376353714,0.3583132806233528,0.30333600825404106,0.3036553225621634,0.30333600825404106,-0.0003193143081223204,0.3036553225621634,0.3314226756849708,0.3380313968144838,0.3314226756849708,-0.0066087211295129955,0.3380313968144838,2017,1808.0,4,2
,,4400.0,118,0.049082290334663714,-0.049082290334663714,2.0,,world_cup,world_cup_1198493,1.095370289456183,,1.0833718147852733,1.0803942601177625,1.0833718147852733,1.0803942601177625,0.3707004559486444,0.32363217998977334,0.3707004559486444,0.047068275958871086,0.32363217998977334,0.3076813784373749,0.29857678540991983,0.3076813784373749,0.009104593027455088,0.29857678540991983,0.3216181656139807,0.3777910346003067,0.3216181656139807,-0.05617286898632601,0.3777910346003067,2017,4398.0,118,2
,,4550.0,41,0.04765137638182587,-0.04765137638182587,0.0,,world_cup,world_cup_1198493,1.0942056331122916,,1.080795835215796,1.0466200227414744,1.080795835215796,1.0466200227414744,0.3745927643349089,0.3082118038563179,0.3745927643349089,0.06638096047859099,0.3082118038563179,0.298465847712008,0.28521092297151807,0.298465847712008,0.013254924740489948,0.28521092297151807,0.32694138795308303,0.4065772731721641,0.32694138795308303,-0.07963588521908105,0.4065772731721641,2017,4550.0,41,2
,,10279.0,6,0.8487811998248431,0.8487811998248431,252.0,,world_cup,world_cup_1198495,0.4402781737768676,,1.0286786786786786,1.0636802810715853,1.0286786786786786,1.0636802810715853,0.027003357174135163,0.040875309661436834,0.027003357174135163,-0.013871952487301671,0.040875309661436834,0.0972120858268866,0.10445912469033856,0.0972120858268866,-0.00724703886345196,0.10445912469033856,0.8757845569989783,0.8546655656482247,0.8757845569989783,0.02111899135075357,0.8546655656482247,2017,10027.0,6,0
,,4556.0,6,0.7681635505853573,0.7681635505853573,118.0,,world_cup,world_cup_1198495,0.564686052363562,,1.1236550695044372,1.1143162393162394,1.1236550695044372,1.1143162393162394,0.06356805871046654,0.037392138063279,0.06356805871046654,0.026175920647187545,0.037392138063279,0.10470033199370961,0.099712368168744,0.10470033199370961,0.004987963824965608,0.099712368168744,0.8317316092958239,0.8628954937679769,0.8317316092958239,-0.031163884472153014,0.8628954937679769,2017,4438.0,6,0
,,1099.0,2,0.7653131452167927,0.7653131452167927,720.0,,world_cup,world_cup_1198495,0.574862025718261,,1.1007575757575758,1.0802063580235088,1.1007575757575758,1.0802063580235088,0.06056434962147281,0.05445582593995851,0.06056434962147281,0.006108523681514294,0.05445582593995851,0.11355815554026152,0.11153602903364995,0.11355815554026152,0.0020221265066115712,0.11153602903364995,0.8258774948382656,0.8340081450263915,0.8258774948382656,-0.008130650188125976,0.8340081450263915,2017,379.0,2,0
,,5955.0,29,0.7900034492490045,0.7900034492490045,0.0,,world_cup,world_cup_1198495,0.5453957415056064,,1.0800988958883695,1.0517191142191142,1.0800988958883695,1.0517191142191142,0.04408767363833056,0.03657016207230918,0.04408767363833056,0.00751751156602138,0.03657016207230918,0.12182120347433445,0.09904418894583737,0.12182120347433445,0.022777014528497078,0.09904418894583737,0.834091122887335,0.8643856489818534,0.834091122887335,-0.030294526094518437,0.8643856489818534,2017,5955.0,29,0
,,3567.0,9,0.5882352941176471,-0.5882352941176471,26.0,,world_cup,world_cup_1198497,0.8114688544585991,,1.0253968253968253,1.0694444444444444,1.0253968253968253,1.0694444444444444,0.6965944272445821,0.6493506493506493,0.6965944272445821,0.04724377789393275,0.6493506493506493,0.195046439628483,0.23376623376623376,0.195046439628483,-0.03871979413775076,0.23376623376623376,0.10835913312693499,0.11688311688311688,0.10835913312693499,-0.008523983756181894,0.11688311688311688,2017,3541.0,9,2
,,3078.0,66,0.5848473134905297,-0.5848473134905297,2.0,,world_cup,world_cup_1198497,0.8186643436844163,,1.0765709529754472,1.0802469135802468,1.0765709529754472,1.0802469135802468,0.6880556629300348,0.6428571428571429,0.6880556629300348,0.045198520072891935,0.6428571428571429,0.20873598763046,0.2285714285714286,0.20873598763046,-0.01983544094096859,0.2285714285714286,0.10320834943950523,0.1285714285714286,0.10320834943950523,-0.025363079131923358,0.1285714285714286,2017,3076.0,66,2
,,3328.0,20,0.5753504038245627,-0.5753504038245627,0.0,,world_cup,world_cup_1198497,0.8237825618542642,,1.0824914042866831,1.0524142524142523,1.0824914042866831,1.0524142524142523,0.6893991525116802,0.6644728515377801,0.6893991525116802,0.02492630097390003,0.6644728515377801,0.19655209880120245,0.2088343247690166,0.19655209880120245,-0.012282225967814142,0.2088343247690166,0.11404874868711747,0.1266928236932034,0.11404874868711747,-0.012644075006085928,0.1266928236932034,2017,3328.0,20,2
,,3567.0,10,0.19753521126760565,0.19753521126760565,26.0,,world_cup,world_cup_1198499,1.0660514101171246,,1.022391820865433,1.063330564784053,1.022391820865433,1.063330564784053,0.2573943661971831,0.26869752001562197,0.2573943661971831,-0.011303153818438882,0.26869752001562197,0.2876760563380282,0.29388791251708657,0.2876760563380282,-0.006211856179058395,0.29388791251708657,0.45492957746478874,0.4374145674672916,0.45492957746478874,0.01751500999749711,0.4374145674672916,2017,3541.0,10,2
,,1735.0,4,0.16516841763240547,0.16516841763240547,124.0,,world_cup,world_cup_1198499,1.075411045939158,,1.1187040335381,1.1179022825881908,1.1187040335381,1.1179022825881908,0.27087620491714504,0.31387107661154234,0.27087620491714504,-0.04299487169439731,0.31387107661154234,0.29307917253330446,0.28855889301383736,0.29307917253330446,0.004520279519467096,0.28855889301383736,0.4360446225495505,0.39757003037462035,0.4360446225495505,0.038474592174930156,0.39757003037462035,2017,1611.0,4,2
,,3078.0,86,0.14192031675327893,0.14192031675327893,1.0,,world_cup,world_cup_1198499,1.0813143829541318,,1.0822319527578035,1.080111778614986,1.0822319527578035,1.080111778614986,0.28000494926998265,0.29391431863412587,0.28000494926998265,-0.01390936936414322,0.29391431863412587,0.2980697847067557,0.30355085367131035,0.2980697847067557,-0.005481068964554636,0.30355085367131035,0.4219252660232616,0.4025348276945638,0.4219252660232616,0.0193904383286978,0.4025348276945638,2017,3077.0,86,2
,,3326.0,39,0.14506612410986774,0.14506612410986774,0.0,,world_cup,world_cup_1198499,1.0809128110135406,,1.075633562393312,1.0474308300395256,1.075633562393312,1.0474308300395256,0.2775178026449644,0.2767295597484277,0.2775178026449644,0.0007882428965366728,0.2767295597484277,0.29989827060020346,0.289308176100629,0.29989827060020346,0.010590094499574487,0.289308176100629,0.42258392675483214,0.4339622641509434,0.42258392675483214,-0.011378337396111271,0.4339622641509434,2017,3326.0,39,2
,,17351.0,13,0.6518020769700673,0.6518020769700673,86.0,,world_cup,world_cup_1198501,0.7442460763251394,,1.025689223057644,1.0621600621600622,1.025689223057644,1.0621600621600622,0.08124618204031767,0.10460863204096561,0.08124618204031767,-0.023362450000647947,0.10460863204096561,0.1857055589492975,0.1711777615215801,0.1857055589492975,0.014527797427717398,0.1711777615215801,0.733048259010385,0.7242136064374541,0.733048259010385,0.008834652572930812,0.7242136064374541,2016,17265.0,13,0
,,9029.0,3,0.5770334928229665,0.5770334928229665,1321.0,,world_cup,world_cup_1198501,0.8231184384692614,,1.1164529914529915,1.1169183120402633,1.1164529914529915,1.1169183120402633,0.11196172248803828,0.14211438474870017,0.11196172248803828,-0.03015266226066189,0.14211438474870017,0.1990430622009569,0.21837088388214906,0.1990430622009569,-0.019327821681192153,0.21837088388214906,0.6889952153110047,0.6395147313691508,0.6889952153110047,0.04948048394185389,0.6395147313691508,2016,7708.0,3,0
,,14118.0,48,0.6255991556851996,0.6255991556851996,3.0,,world_cup,world_cup_1198501,0.7730437515347719,,1.0792754311026735,1.0817086182647073,1.0792754311026735,1.0817086182647073,0.09265475440113749,0.12839769097124923,0.09265475440113749,-0.03574293657011174,0.12839769097124923,0.18909133551252547,0.23404136075772008,0.18909133551252547,-0.04495002524519462,0.23404136075772008,0.7182539100863371,0.6375609482710307,0.7182539100863371,0.08069296181530639,0.6375609482710307,2016,14115.0,48,0
,,15873.0,29,0.6338489774514945,0.6338489774514945,15.0,,world_cup,world_cup_1198501,0.7652458221946572,,1.042788790157211,1.0798727591787634,1.042788790157211,1.0798727591787634,0.08717881489250133,0.13821418317542347,0.08717881489250133,-0.05103536828292214,0.13821418317542347,0.19179339276350293,0.22314097042779213,0.19179339276350293,-0.031347577664289195,0.22314097042779213,0.7210277923439958,0.6386448463967844,0.7210277923439958,0.0823829459472114,0.6386448463967844,2016,15858.0,29,0
,,17559.0,6,0.38853288364249583,0.38853288364249583,102.0,,world_cup,world_cup_1198502,0.9805196682280575,,1.02311939268461,1.0631939522797071,1.02311939268461,1.0631939522797071,0.1699831365935919,0.15676035996000443,0.1699831365935919,0.01322277663358748,0.15676035996000443,0.2715008431703204,0.2766359293411843,0.2715008431703204,-0.0051350861708638895,0.2766359293411843,0.5585160202360877,0.5666037106988112,0.5585160202360877,-0.008087690462723507,0.5666037106988112,2016,17457.0,6,1
,,9195.0,4,0.3365815117197788,0.3365815117197788,592.0,,world_cup,world_cup_1198502,1.0044924969145808,,1.1176358043769408,1.1174486258537626,1.1176358043769408,1.1174486258537626,0.20568870160653152,0.1688482503066864,0.20568870160653152,0.03684045129984512,0.1688482503066864,0.25204108506715833,0.26476204929746683,0.25204108506715833,-0.012720964230308496,0.26476204929746683,0.5422702133263103,0.5663897003958467,0.5422702133263103,-0.02411948706953637,0.5663897003958467,2016,8603.0,4,1
,,14282.0,35,0.32025612358979566,0.32025612358979566,2.0,,world_cup,world_cup_1198502,1.0162251803723954,,1.0802591128678087,1.0768031695515214,1.0802591128678087,1.0768031695515214,0.20571196259782493,0.1752216659629652,0.20571196259782493,0.03049029663485972,0.1752216659629652,0.26831995121455426,0.2653356656010616,0.26831995121455426,0.0029842856134926765,0.2653356656010616,0.5259680861876206,0.5594426684359732,0.5259680861876206,-0.03347458224835265,0.5594426684359732,2016,14280.0,35,1
,,16039.0,33,0.308411214953271,0.308411214953271,0.0,,world_cup,world_cup_1198502,1.0238364922980416,,1.0808080808080809,1.0780349875799375,1.0808080808080809,1.0780349875799375,0.20560747663551399,0.1750214487069494,0.20560747663551399,0.030586027928564574,0.1750214487069494,0.2803738317757009,0.272827552396127,0.2803738317757009,0.007546279379573917,0.272827552396127,0.514018691588785,0.5521509988969237,0.514018691588785,-0.03813230730813866,0.5521509988969237,2016,16039.0,33,1
,,17423.0,12,0.2823644357596483,-0.2823644357596483,53.0,,world_cup,world_cup_1198504,1.0360206868274537,,1.0291603821015585,1.0607843137254902,1.0291603821015585,1.0607843137254902,0.49829018075232057,0.47134935304990755,0.49829018075232057,0.026940827702413017,0.47134935304990755,0.28578407425500735,0.27726432532347506,0.28578407425500735,0.00851974893153229,0.27726432532347506,0.21592574499267222,0.2513863216266174,0.21592574499267222,-0.03546057663394517,0.2513863216266174,2016,17370.0,12,2
,,11746.0,5,0.23853026804537694,-0.23853026804537694,19.0,,world_cup,world_cup_1198504,1.0498411609755194,,1.1175434463105693,1.1179384302944746,1.1175434463105693,1.1179384302944746,0.4836863768697922,0.41604820665056824,0.4836863768697922,0.06763817021922397,0.41604820665056824,0.27115751430579266,0.2857839119165245,0.27115751430579266,-0.014626397610731867,0.2857839119165245,0.24515610882441527,0.29816788143290723,0.24515610882441527,-0.053011772608491964,0.29816788143290723,2016,11727.0,5,2
,,16634.0,69,0.25791754639404385,-0.25791754639404385,1.0,,world_cup,world_cup_1198504,1.0447870345202754,,1.082130832130832,1.0994438855354347,1.082130832130832,1.0994438855354347,0.4889432159128793,0.4270191268983924,0.4889432159128793,0.06192408901448693,0.4270191268983924,0.2800311145682854,0.2842346063417424,0.2800311145682854,-0.004203491773457024,0.2842346063417424,0.23102566951883544,0.2887462667598653,0.23102566951883544,-0.057720597241029875,0.2887462667598653,2016,16633.0,69,2
,,16120.0,64,0.3024063507814438,-0.3024063507814438,2.0,,world_cup,world_cup_1198504,1.0257281499559125,,1.0526178352265307,1.0824490052431228,1.0526178352265307,1.0824490052431228,0.5135202183081121,0.4180230990938686,0.5135202183081121,0.09549711921424353,0.4180230990938686,0.2753659141652196,0.288697202811703,0.2753659141652196,-0.013331288646483419,0.288697202811703,0.21111386752666833,0.29327969809442844,0.21111386752666833,-0.08216583056776011,0.29327969809442844,2016,16118.0,64,2
,,17587.0,11,0.16256157635467977,0.16256157635467977,76.0,,world_cup,world_cup_1198505,1.0764097298043778,,1.025252525252525,1.0704334365325077,1.025252525252525,1.0704334365325077,0.27093596059113306,0.23355025307302965,0.27093596059113306,0.03738570751810341,0.23355025307302965,0.29556650246305427,0.274765003615329,0.29556650246305427,0.020801498847725253,0.274765003615329,0.43349753694581283,0.49168474331164136,0.43349753694581283,-0.058187206365828525,0.49168474331164136,2016,17511.0,11,0
,,11912.0,3,0.1390868302982317,0.1390868302982317,775.0,,world_cup,world_cup_1198505,1.0802380776191256,,1.119283941864587,1.1183807134894093,1.119283941864587,1.1183807134894093,0.2863552388493006,0.2591738832471497,0.2863552388493006,0.027181355602150903,0.2591738832471497,0.28820269200316706,0.27512304529312814,0.28820269200316706,0.013079646710038917,0.27512304529312814,0.4254420691475323,0.4657030714597221,0.4254420691475323,-0.04026100231218982,0.4657030714597221,2016,11137.0,3,0
,,16800.0,66,0.12217194570135748,0.12217194570135748,1.0,,world_cup,world_cup_1198505,1.0817314901612254,,1.0801564027370478,1.1032647907647908,1.0801564027370478,1.1032647907647908,0.2986425339366516,0.2589716341044715,0.2986425339366516,0.039670899832180084,0.2589716341044715,0.28054298642533937,0.2832502248017657,0.28054298642533937,-0.0027072383764263352,0.2832502248017657,0.42081447963800905,0.4577781410937628,0.42081447963800905,-0.03696366145575375,0.4577781410937628,2016,16799.0,66,0
,,16279.0,66,0.13088812561334645,0.13088812561334645,0.0,,world_cup,world_cup_1198505,1.080239563508139,,1.0792062168208956,1.0801976035316376,1.0792062168208956,1.0801976035316376,0.29416094210009813,0.2607764911939282,0.29416094210009813,0.03338445090616993,0.2607764911939282,0.28078999018645734,0.27634523693684926,0.28078999018645734,0.00444475324960808,0.27634523693684926,0.4250490677134446,0.46287827186922254,0.4250490677134446,-0.03782920415577795,0.46287827186922254,2016,16279.0,66,0
,,3415.0,8,0.55078557202921,0.55078557202921,13.0,,world_cup,world_cup_1198507,0.8483446987572273,,1.0251814882032668,1.0632034632034633,1.0251814882032668,1.0632034632034633,0.12192963044921443,0.17915309446254069,0.12192963044921443,-0.05722346401332626,0.17915309446254069,0.20535516707236112,0.250814332247557,0.20535516707236112,-0.04545916517519588,0.250814332247557,0.6727152024784244,0.5700325732899023,0.6727152024784244,0.10268262918852211,0.5700325732899023,2016,3402.0,8,2
,,1768.0,5,0.5130500329784226,0.5130500329784226,80.0,,world_cup,world_cup_1198507,0.8761240667018995,,1.1188066624499262,1.1186256781193489,1.1188066624499262,1.1186256781193489,0.1441628191840196,0.17879081797607504,0.1441628191840196,-0.03462799879205544,0.17879081797607504,0.1986243286535381,0.2554154542515357,0.1986243286535381,-0.05679112559799762,0.2554154542515357,0.6572128521624422,0.5657937277723892,0.6572128521624422,0.09141912439005295,0.5657937277723892,2016,1688.0,5,2
,,3088.0,34,0.524725860818364,0.524725860818364,1.0,,world_cup,world_cup_1198507,0.8716488164973716,,1.0793497282858986,1.081511894698708,1.0793497282858986,1.081511894698708,0.13235482356956946,0.1887003126395712,0.13235482356956946,-0.05634548907000175,0.1887003126395712,0.2105644920424969,0.26418043769539973,0.2105644920424969,-0.05361594565290284,0.26418043769539973,0.6570806843879335,0.547119249665029,0.6570806843879335,0.10996143472290454,0.547119249665029,2016,3087.0,34,2
,,3233.0,31,0.475782223199238,0.475782223199238,0.0,,world_cup,world_cup_1198507,0.9101451472939213,,1.0794969150450877,1.0792014400261822,1.0794969150450877,1.0792014400261822,0.15439290686597787,0.19105382865807433,0.15439290686597787,-0.03666092179209646,0.19105382865807433,0.21543196306880635,0.25739196360879457,0.21543196306880635,-0.04196000053998822,0.25739196360879457,0.6301751300652159,0.5515542077331311,0.6301751300652159,0.07862092233208473,0.5515542077331311,2016,3233.0,31,2
,,16169.0,8,0.24268855823499239,-0.24268855823499239,81.0,,world_cup,world_cup_1198509,1.0525416852438076,,1.0289304191743216,1.0652680652680653,1.0289304191743216,1.0652680652680653,0.47408927655207805,0.42669584245076586,0.47408927655207805,0.04739343410131219,0.42669584245076586,0.29451000513083636,0.2844638949671772,0.29451000513083636,0.010046110163659139,0.2844638949671772,0.23140071831708567,0.2888402625820569,0.23140071831708567,-0.05743954426497125,0.2888402625820569,2016,16088.0,8,2
,,11818.0,3,0.21831713872234854,-0.21831713872234854,41.0,,world_cup,world_cup_1198509,1.058165412795102,,1.1205059303187546,1.1180778309023784,1.1205059303187546,1.1180778309023784,0.46971263179656814,0.43628883836743537,0.46971263179656814,0.033423793429132764,0.43628883836743537,0.2788918751292123,0.2885135866623363,0.2788918751292123,-0.009621711533123967,0.2885135866623363,0.2513954930742196,0.27519757497022845,0.2513954930742196,-0.023802081896008853,0.27519757497022845,2016,11777.0,3,2
,,15899.0,101,0.1805952547522437,-0.1805952547522437,1.0,,world_cup,world_cup_1198509,1.0699843881805167,,1.0829842733599593,1.081211471455374,1.0829842733599593,1.081211471455374,0.448240020787943,0.451165096678235,0.448240020787943,-0.002925075890292006,0.451165096678235,0.28411521317635774,0.2845810609816559,0.28411521317635774,-0.0004658478052981807,0.2845810609816559,0.2676447660356993,0.264253842340109,0.2676447660356993,0.0033909236955902977,0.264253842340109,2016,15898.0,101,2
,,15888.0,83,0.20261476226769076,-0.20261476226769076,0.0,,world_cup,world_cup_1198509,1.064905341346622,,1.0790834401781497,1.078080922908509,1.0790834401781497,1.078080922908509,0.456508569306834,0.4569330807834255,0.456508569306834,-0.0004245114765915048,0.4569330807834255,0.28959762365402275,0.2854074319970319,0.28959762365402275,0.00419019165699086,0.2854074319970319,0.2538938070391432,0.2576594872195427,0.2538938070391432,-0.0037656801803994666,0.2576594872195427,2016,15888.0,83,2
,,16334.0,10,0.11976047904191617,-0.11976047904191617,227.0,,world_cup,world_cup_1198510,1.0864532151443322,,1.0232843137254903,1.0663890816562571,1.0232843137254903,1.0663890816562571,0.40718562874251496,0.3579175704989154,0.40718562874251496,0.04926805824359953,0.3579175704989154,0.3053892215568862,0.28416485900216926,0.3053892215568862,0.021224362554716936,0.28416485900216926,0.2874251497005988,0.3579175704989154,0.2874251497005988,-0.07049242079831664,0.3579175704989154,2016,16107.0,10,2
,,11983.0,4,0.10863757791629564,-0.10863757791629564,186.0,,world_cup,world_cup_1198510,1.0866399279303514,,1.1157476403378044,1.1184829304252777,1.1157476403378044,1.1184829304252777,0.4073909171861086,0.3804545454545455,0.4073909171861086,0.026936371731563102,0.3804545454545455,0.29385574354407834,0.2884090909090909,0.29385574354407834,0.005446652634987448,0.2884090909090909,0.29875333926981296,0.3311363636363636,0.29875333926981296,-0.03238302436655066,0.3311363636363636,2016,11797.0,4,2
,,16064.0,49,0.08880308880308879,-0.08880308880308879,5.0,,world_cup,world_cup_1198510,1.0909310790197086,,1.0794665184773549,1.083143114062392,1.0794665184773549,1.083143114062392,0.39253539253539255,0.38955233412095275,0.39253539253539255,0.0029830584144397987,0.38955233412095275,0.30373230373230375,0.30774634395555267,0.30373230373230375,-0.004014040223248916,0.30774634395555267,0.30373230373230375,0.30270132192349447,0.30373230373230375,0.0010309818088092837,0.30270132192349447,2016,16059.0,49,2
,,16051.0,27,0.10930792587163651,-0.10930792587163651,0.0,,world_cup,world_cup_1198510,1.089379236670366,,1.0780518087928213,1.0786888284725655,1.0780518087928213,1.0786888284725655,0.3947230656475762,0.3895173993985393,0.3947230656475762,0.0052056662490369,0.3895173993985393,0.31986179457648417,0.2897035658026636,0.31986179457648417,0.030158228773820572,0.2897035658026636,0.2854151397759397,0.32077903479879705,0.2854151397759397,-0.03536389502285736,0.32077903479879705,2016,16051.0,27,2
,,32754.0,10,0.3806584362139918,-0.3806584362139918,100.0,,world_cup,world_cup_1198513,0.9839890266927153,,1.0235170235170234,1.0663480401988932,1.0235170235170234,1.0663480401988932,0.5582990397805213,0.48091288536982973,0.5582990397805213,0.07738615441069158,0.48091288536982973,0.26406035665294925,0.30250971821650574,0.26406035665294925,-0.038449361563556494,0.30250971821650574,0.1776406035665295,0.2165773964136646,0.1776406035665295,-0.03893679284713511,0.2165773964136646,2017,32654.0,10,2
,,9131.0,4,0.31230283911671924,-0.31230283911671924,127.0,,world_cup,world_cup_1198513,1.0205040336717868,,1.1169837914023961,1.116593567251462,1.1169837914023961,1.116593567251462,0.5205047318611987,0.4713584288052373,0.5205047318611987,0.049146303055961404,0.4713584288052373,0.27129337539432175,0.27986906710310966,0.27129337539432175,-0.008575691708787914,0.27986906710310966,0.20820189274447948,0.24877250409165305,0.20820189274447948,-0.040570611347173574,0.24877250409165305,2017,9004.0,4,2
,,33288.0,83,0.33515362852819264,-0.33515362852819264,8.0,,world_cup,world_cup_1198513,1.0066292521430897,,1.078953346395207,1.0975409566958865,1.078953346395207,1.0975409566958865,0.5388512402131719,0.4672449895303619,0.5388512402131719,0.07160625068280996,0.4672449895303619,0.25745114810184877,0.2760993119952138,0.25745114810184877,-0.018648163893365044,0.2760993119952138,0.20369761168497924,0.25665569847442415,0.20369761168497924,-0.052958086789444914,0.25665569847442415,2017,33280.0,83,2
,,33318.0,66,0.35101908767389195,-0.35101908767389195,0.0,,world_cup,world_cup_1198513,1.0001455773382526,,1.0822829131652663,1.099293115560239,1.0822829131652663,1.099293115560239,0.5435134260757036,0.46650024962556164,0.5435134260757036,0.077013176450142,0.46650024962556164,0.2639922355224846,0.2842735896155766,0.2639922355224846,-0.020281354093092008,0.2842735896155766,0.19249433840181168,0.24922616075886167,0.19249433840181168,-0.05673182235704999,0.24922616075886167,2017,33318.0,66,2
,,26998.0,9,0.5835616438356165,-0.5835616438356165,51.0,,world_cup,world_cup_1198515,0.8124155674584492,,1.022408963585434,1.0631185807656396,1.022408963585434,1.0631185807656396,0.6986301369863014,0.6147900930967856,0.6986301369863014,0.08384004388951583,0.6147900930967856,0.1863013698630137,0.25083435798348847,0.1863013698630137,-0.06453298812047475,0.25083435798348847,0.11506849315068494,0.13437554891972597,0.11506849315068494,-0.01930705576904103,0.13437554891972597,2017,26947.0,9,2
,,7482.0,4,0.5384615384615384,-0.5384615384615384,684.0,,world_cup,world_cup_1198515,0.8611796228422306,,1.1177248677248677,1.1173878796829617,1.1177248677248677,1.1173878796829617,0.6627218934911242,0.604692146712193,0.6627218934911242,0.058029746778931246,0.604692146712193,0.21301775147928995,0.24859566031501265,0.21301775147928995,-0.035577908835722705,0.24859566031501265,0.12426035502958581,0.14671219297279436,0.12426035502958581,-0.022451837943208555,0.14671219297279436,2017,6798.0,4,2
,,27538.0,90,0.5969099732593839,-0.5969099732593839,1.0,,world_cup,world_cup_1198515,0.8013934607473742,,1.076599918964451,1.099188592566076,1.076599918964451,1.099188592566076,0.703674358720412,0.602491383287649,0.703674358720412,0.101182975432763,0.602491383287649,0.18956125581855993,0.24588161858495938,0.18956125581855993,-0.05632036276639946,0.24588161858495938,0.10676438546102804,0.15162699812739164,0.10676438546102804,-0.0448626126663636,0.15162699812739164,2017,27537.0,90,2
,,27520.0,34,0.6047862098474892,-0.6047862098474892,10.0,,world_cup,world_cup_1198515,0.7927062585188361,,1.0522371979790768,1.0983776645915864,1.0522371979790768,1.0983776645915864,0.7092209419603288,0.5873765564620009,0.7092209419603288,0.12184438549832788,0.5873765564620009,0.18634432592683153,0.25289823958780594,0.18634432592683153,-0.0665539136609744,0.25289823958780594,0.10443473211283964,0.1597252039501932,0.10443473211283964,-0.05529047183735357,0.1597252039501932,2017,27510.0,34,2
,,44300.0,9,0.3466042154566745,-0.3466042154566745,69.0,,world_cup,world_cup_1198518,1.0023101842979032,,1.0258258258258257,1.0655624568668047,1.0258258258258257,1.0655624568668047,0.541569086651054,0.582901554404145,0.541569086651054,-0.04133246775309107,0.582901554404145,0.26346604215456676,0.2606865284974093,0.26346604215456676,0.002779513657157451,0.2606865284974093,0.1949648711943794,0.15641191709844557,0.1949648711943794,0.038552954095933845,0.15641191709844557,2017,44231.0,9,2
,,6010.0,3,0.3209218255761409,-0.3209218255761409,243.0,,world_cup,world_cup_1198518,1.0157084150779554,,1.1166278142754786,1.1174878196610485,1.1166278142754786,1.1174878196610485,0.5267962042476276,0.5663698353303172,0.5267962042476276,-0.03957363108268952,0.5663698353303172,0.26732941708088565,0.2472000938734534,0.26732941708088565,0.020129323207432243,0.2472000938734534,0.2058743786714867,0.18643007079622945,0.2058743786714867,0.01944430787525725,0.18643007079622945,2017,5767.0,3,2
,,44734.0,94,0.30667587874600577,-0.30667587874600577,1.0,,world_cup,world_cup_1198518,1.024046358008043,,1.078782119365718,1.1032807785331524,1.078782119365718,1.1032807785331524,0.5149840227998964,0.5736630282334289,0.5149840227998964,-0.05867900543353244,0.5736630282334289,0.276707833146213,0.25532044636868106,0.276707833146213,0.021387386777531936,0.25532044636868106,0.20830814405389067,0.17101652539789014,0.20830814405389067,0.03729161865600053,0.17101652539789014,2017,44733.0,94,2
,,44576.0,53,0.3198522387109101,-0.3198522387109101,11.0,,world_cup,world_cup_1198518,1.0157390577897056,,1.0476552699709079,1.1009942934825565,1.0476552699709079,1.1009942934825565,0.5273549455448697,0.5606604450825555,0.5273549455448697,-0.0333054995376858,0.5606604450825555,0.2651423476211706,0.25585068198133526,0.2651423476211706,0.009291665639835356,0.25585068198133526,0.2075027068339596,0.1834888729361091,0.2075027068339596,0.0240138338978505,0.1834888729361091,2017,44565.0,53,2
,,44466.0,8,0.5803814713896457,0.5803814713896457,58.0,,world_cup,world_cup_1198520,0.8170812079271718,,1.0280112044817928,1.0631185807656396,1.0280112044817928,1.0631185807656396,0.11444141689373295,0.13437554891972597,0.11444141689373295,-0.01993413202599302,0.13437554891972597,0.1907356948228883,0.25083435798348847,0.1907356948228883,-0.06009866316060017,0.25083435798348847,0.6948228882833787,0.6147900930967856,0.6948228882833787,0.08003279518659312,0.6147900930967856,2017,44408.0,8,0
,,6176.0,2,0.5328198258539852,0.5328198258539852,50.0,,world_cup,world_cup_1198520,0.8642239803829561,,1.1182264165075084,1.1177547942253825,1.1182264165075084,1.1177547942253825,0.12960482250502345,0.13156626506024097,0.12960482250502345,-0.0019614425552175185,0.13156626506024097,0.20797052913596786,0.2293975903614458,0.20797052913596786,-0.02142706122547794,0.2293975903614458,0.6624246483590087,0.6390361445783133,0.6624246483590087,0.023388503780695458,0.6390361445783133,2017,6126.0,2,0
,,44897.0,48,0.5628235557964378,0.5628235557964378,2.0,,world_cup,world_cup_1198520,0.8345347212071512,,1.0756905633066622,1.1005788002158239,1.0756905633066622,1.1005788002158239,0.12073186685854188,0.1566573816155989,0.12073186685854188,-0.035925514757057006,0.1566573816155989,0.19571271048647843,0.24557103064066846,0.19571271048647843,-0.04985832015419003,0.24557103064066846,0.6835554226549797,0.5977715877437326,0.6835554226549797,0.08578383491124708,0.5977715877437326,2017,44895.0,48,0
,,44721.0,32,0.5787207160715716,0.5787207160715716,0.0,,world_cup,world_cup_1198520,0.817037424076636,,1.080482179749335,1.1015774575096609,1.080482179749335,1.1015774575096609,0.11715350873290564,0.15386255797835474,0.11715350873290564,-0.0367090492454491,0.15386255797835474,0.1869722664626171,0.23276643386469056,0.1869722664626171,-0.045794167402073455,0.23276643386469056,0.6958742248044772,0.6133710081569548,0.6958742248044772,0.08250321664752247,0.6133710081569548,2017,44721.0,32,0
,,3356.0,8,0.5882352941176471,-0.5882352941176471,36.0,,world_cup,world_cup_1198521,0.8114688544585991,,1.0253968253968253,1.067109634551495,1.0253968253968253,1.067109634551495,0.6965944272445821,0.5448318804483189,0.6965944272445821,0.15176254679626322,0.5448318804483189,0.195046439628483,0.26774595267745954,0.195046439628483,-0.07269951304897654,0.26774595267745954,0.10835913312693499,0.1874221668742217,0.10835913312693499,-0.07906303374728671,0.1874221668742217,2017,3320.0,8,2
,,1882.0,2,0.5384615384615384,-0.5384615384615384,445.0,,world_cup,world_cup_1198521,0.8611796228422306,,1.1177248677248677,1.1174948240165632,1.1177248677248677,1.1174948240165632,0.6627218934911242,0.648448355720241,0.6627218934911242,0.014273537770883249,0.648448355720241,0.21301775147928995,0.22371468272348308,0.21301775147928995,-0.01069693124419313,0.22371468272348308,0.12426035502958581,0.12783696155627605,0.12426035502958581,-0.003576606526690243,0.12783696155627605,2017,1437.0,2,2
,,3088.0,109,0.5521932911095473,-0.5521932911095473,2.0,,world_cup,world_cup_1198521,0.8487181873882581,,1.0801155366372759,1.0799522346200408,1.0801155366372759,1.0799522346200408,0.6708890452732817,0.6132230985772615,0.6708890452732817,0.05766594669602021,0.6132230985772615,0.2104152005629838,0.23742740483376024,0.2104152005629838,-0.02701220427077644,0.23742740483376024,0.11869575416373446,0.1493494965889782,0.11869575416373446,-0.03065374242524374,0.1493494965889782,2017,3086.0,109,2
,,3003.0,29,0.5790841949778436,-0.5790841949778436,5.0,,world_cup,world_cup_1198521,0.8187231911962323,,1.0524291370303154,1.0524723723481486,1.0524291370303154,1.0524723723481486,0.6935640430470564,0.6463562623746568,0.6935640430470564,0.04720778067239961,0.6463562623746568,0.19195610888373077,0.21594175129335125,0.19195610888373077,-0.023985642409620478,0.21594175129335125,0.11447984806921291,0.1377019863319921,0.11447984806921291,-0.02322213826277919,0.1377019863319921,2017,2998.0,29,2
,,3522.0,17,0.1375,0.1375,27.0,,world_cup,world_cup_1198523,1.080414237552752,,1.0230179028132993,1.0673936750272628,1.0230179028132993,1.0673936750272628,0.2875,0.35758071107478545,0.2875,-0.07008071107478547,0.35758071107478545,0.2875,0.2676747037188394,0.2875,0.019825296281160587,0.2676747037188394,0.425,0.37474458520637516,0.425,0.05025541479362483,0.37474458520637516,2017,3495.0,17,0
,,2048.0,6,0.13412991527264828,0.13412991527264828,226.0,,world_cup,world_cup_1198523,1.0806728771388654,,1.1117390758291548,1.1176470588235294,1.1117390758291548,1.1176470588235294,0.29015859222246365,0.3508771929824562,0.29015859222246365,-0.060718600759992525,0.3508771929824562,0.2855529002824245,0.2982456140350877,0.2855529002824245,-0.012692713752663176,0.2982456140350877,0.42428850749511193,0.3508771929824562,0.42428850749511193,0.07341131451265576,0.3508771929824562,2017,1822.0,6,0
,,3251.0,81,0.12604938016955097,0.12604938016955097,10.0,,world_cup,world_cup_1198523,1.0838069275593056,,1.07839081073386,1.079861836515829,1.07839081073386,1.079861836515829,0.28978362657535944,0.33921040073259123,0.28978362657535944,-0.04942677415723179,0.33921040073259123,0.2943833666797302,0.308681464666658,0.2943833666797302,-0.014298097986927827,0.308681464666658,0.4158330067449104,0.35210813460075063,0.4158330067449104,0.06372487214415978,0.35210813460075063,2017,3241.0,81,0
,,3155.0,54,0.11888501454597977,0.11888501454597977,0.0,,world_cup,world_cup_1198523,1.0810736503692242,,1.0829973197117937,1.0484330484330484,1.0829973197117937,1.0484330484330484,0.30274207192522745,0.3532608695652174,0.30274207192522745,-0.050518797639989954,0.3532608695652174,0.27563084160356527,0.29347826086956524,0.27563084160356527,-0.017847419265999975,0.29347826086956524,0.4216270864712072,0.3532608695652174,0.4216270864712072,0.06836621690598982,0.3532608695652174,2017,3155.0,54,0
,,14617.0,9,0.7106109324758841,-0.7106109324758841,69.0,,world_cup,world_cup_1198524,0.6638025483331891,,1.0252747252747254,1.064102564102564,1.0252747252747254,1.064102564102564,0.780278670953912,0.783132530120482,0.780278670953912,-0.002853859166569994,0.783132530120482,0.15005359056806,0.14457831325301207,0.15005359056806,0.005475277315047933,0.14457831325301207,0.06966773847802786,0.07228915662650603,0.06966773847802786,-0.0026214181484781746,0.07228915662650603,2017,14548.0,9,2
,,6198.0,2,0.6466512702078523,-0.6466512702078523,3409.0,,world_cup,world_cup_1198524,0.7392341010962269,,1.120600414078675,1.1199176640353112,1.120600414078675,1.1199176640353112,0.7436489607390301,0.7503552818569398,0.7436489607390301,-0.006706321117909697,0.7503552818569398,0.15935334872979215,0.1594504973945997,0.15935334872979215,-9.714866480756146e-05,0.1594504973945997,0.09699769053117784,0.09019422074846044,0.09699769053117784,0.006803469782717397,0.09019422074846044,2017,2789.0,2,2
,,14011.0,51,0.6447994835794402,-0.6447994835794402,4.0,,world_cup,world_cup_1198524,0.7368491670985571,,1.0802761490228439,1.1002843760455001,1.0802761490228439,1.1002843760455001,0.7465235751365019,0.7449638920562525,0.7465235751365019,0.0015596830802494521,0.7449638920562525,0.15175233330643645,0.16229570505511215,0.15175233330643645,-0.0105433717486757,0.16229570505511215,0.10172409155706179,0.0927404028886355,0.10172409155706179,0.00898368866842629,0.0927404028886355,2017,14007.0,51,2
,,13772.0,18,0.6879795396419437,-0.6879795396419437,36.0,,world_cup,world_cup_1198524,0.6918558477878571,,1.0510752688172045,1.1018848774829637,1.0510752688172045,1.1018848774829637,0.7672634271099743,0.7500296064318328,0.7672634271099743,0.017233820678141498,0.7500296064318328,0.15345268542199486,0.15921681118991537,0.15345268542199486,-0.005764125767920514,0.15921681118991537,0.07928388746803067,0.09075358237825178,0.07928388746803067,-0.01146969491022111,0.09075358237825178,2017,13736.0,18,2
,,14763.0,8,0.18926198599389482,-0.18926198599389482,74.0,,world_cup,world_cup_1198525,1.067993894802779,,1.0295041963988611,1.0621638524077548,1.0295041963988611,1.0621638524077548,0.4517866762434908,0.45925577013659924,0.4517866762434908,-0.007469093893108458,0.45925577013659924,0.2856886335069133,0.2896844088553933,0.2856886335069133,-0.003995775348480002,0.2896844088553933,0.26252469024959596,0.25105982100800756,0.26252469024959596,0.011464869241588405,0.25105982100800756,2017,14689.0,8,2
,,14177.0,48,0.15237248403524367,-0.15237248403524367,7.0,,world_cup,world_cup_1198525,1.0769390895911646,,1.078012330348779,1.1000369139904023,1.078012330348779,1.1000369139904023,0.4334734459623312,0.4228187919463088,0.4334734459623312,0.010654654016022447,0.4228187919463088,0.2854255921105812,0.28859060402684567,0.2854255921105812,-0.0031650119162644486,0.28859060402684567,0.28110096192708756,0.28859060402684567,0.28110096192708756,-0.007489642099758109,0.28859060402684567,2017,14170.0,48,2
,,13917.0,47,0.14588178683134173,-0.14588178683134173,0.0,,world_cup,world_cup_1198525,1.0754857795772086,,1.0761012151339409,1.1010056196391602,1.0761012151339409,1.1010056196391602,0.43628197930868556,0.43877322587866574,0.43628197930868556,-0.0024912465699801767,0.43877322587866574,0.27331782821397066,0.2522946048802328,0.27331782821397066,0.02102322333373785,0.2522946048802328,0.29040019247734383,0.30893216924110134,0.29040019247734383,-0.018531976763757507,0.30893216924110134,2017,13917.0,47,2
,,3393.0,11,0.6682052674450176,0.6682052674450176,30.0,,world_cup,world_cup_1198529,0.7208416717127172,,1.0264771460423634,1.0686274509803921,1.0264771460423634,1.0686274509803921,0.08118381754004887,0.10397553516819572,0.08118381754004887,-0.022791717628146843,0.10397553516819572,0.1694270974748846,0.20795107033639143,0.1694270974748846,-0.03852397286150683,0.20795107033639143,0.7493890849850665,0.6880733944954128,0.7493890849850665,0.061315690489653685,0.6880733944954128,2017,3363.0,11,0
,,1781.0,3,0.6399792392674427,0.6399792392674427,112.0,,world_cup,world_cup_1198529,0.7527305366118929,,1.118013555095761,1.1179325724780271,1.118013555095761,1.1179325724780271,0.09317120189812413,0.09035437690682938,0.09317120189812413,0.00281682499129475,0.09035437690682938,0.17367835693630904,0.1703825393100211,0.17367835693630904,0.0032958176262879446,0.1703825393100211,0.7331504411655668,0.7392630837831494,0.7331504411655668,-0.006112642617582598,0.7392630837831494,2017,1669.0,3,0
,,2905.0,56,0.6412140355695941,0.6412140355695941,7.0,,world_cup,world_cup_1198529,0.744887511787128,,1.0799406748238785,1.0799678819960745,1.0799406748238785,1.0799678819960745,0.09956739682757672,0.100647115517004,0.09956739682757672,-0.0010797186894272864,0.100647115517004,0.15965117077525234,0.18155950250126213,0.15965117077525234,-0.021908331726009783,0.18155950250126213,0.7407814323971709,0.7177933819817338,0.7407814323971709,0.022988050415437056,0.7177933819817338,2017,2898.0,56,0
,,3194.0,43,0.6628688216500657,0.6628688216500657,5.0,,world_cup,world_cup_1198529,0.7245110129684177,,1.0507244588156888,1.1041795630144209,1.0507244588156888,1.1041795630144209,0.08652039090396542,0.12937854280434377,0.08652039090396542,-0.04285815190037835,0.12937854280434377,0.16409039654200339,0.19476339776997986,0.16409039654200339,-0.030673001227976476,0.19476339776997986,0.7493892125540311,0.6758580594256763,0.7493892125540311,0.07353115312835479,0.6758580594256763,2017,3189.0,43,0
,,17416.0,3,0.9475247524752475,0.9475247524752475,1672.0,,world_cup,world_cup_1198533,0.19983928543515925,,1.0344827586206897,1.0624939631024823,1.0344827586206897,1.0624939631024823,0.00957095709570957,0.03245454545454546,0.00957095709570957,-0.022883588358835888,0.03245454545454546,0.03333333333333333,0.04481818181818182,0.03333333333333333,-0.011484848484848487,0.04481818181818182,0.957095709570957,0.9227272727272727,0.957095709570957,0.03436843684368429,0.9227272727272727,2016,15744.0,3,0
,,1426.0,10,0.919754118926152,0.919754118926152,14.0,,world_cup,world_cup_1198533,0.2631003335495724,,1.0523212321232123,1.0528262826282628,1.0523212321232123,1.0528262826282628,0.021117337124696833,0.021586916191469536,0.021117337124696833,-0.00046957906677270317,0.021586916191469536,0.038011206824454295,0.03799297249698638,0.038011206824454295,1.8234327467912814e-05,0.03799297249698638,0.9408714560508489,0.940420111311544,0.9408714560508489,0.00045134473930485974,0.940420111311544,2016,1412.0,10,0
,,3415.0,7,0.15316642120765833,0.15316642120765833,99.0,,world_cup,world_cup_1198536,1.0797469185967858,,1.02506038647343,1.0606060606060606,1.02506038647343,1.0606060606060606,0.2709867452135493,0.28571428571428575,0.2709867452135493,-0.014727540500736436,0.28571428571428575,0.304860088365243,0.28571428571428575,0.304860088365243,0.019145802650957222,0.28571428571428575,0.42415316642120765,0.4285714285714286,0.42415316642120765,-0.004418262150220953,0.4285714285714286,2016,3316.0,7,0
,,1768.0,2,0.12565618978005177,0.12565618978005177,78.0,,world_cup,world_cup_1198536,1.083705265837832,,1.1176604562041086,1.1172161172161172,1.1176604562041086,1.1172161172161172,0.29049549250227036,0.2754098360655738,0.29049549250227036,0.01508565643669657,0.2754098360655738,0.29335282521540745,0.29836065573770487,0.29335282521540745,-0.005007830522297418,0.29836065573770487,0.41615168228232213,0.4262295081967213,0.41615168228232213,-0.010077825914399152,0.4262295081967213,2016,1690.0,2,0
,,3085.0,39,0.11126545353521322,0.11126545353521322,2.0,,world_cup,world_cup_1198536,1.0884670506513925,,1.0821007696007696,1.082514556040757,1.0821007696007696,1.082514556040757,0.28879010973746355,0.2886797209849567,0.28879010973746355,0.00011038875250685143,0.2886797209849567,0.3111543269898597,0.30792503571728713,0.3111543269898597,0.003229291272572543,0.30792503571728713,0.4000555632726768,0.4033952432977561,0.4000555632726768,-0.003339680025079339,0.4033952432977561,2016,3083.0,39,0
,,3404.0,40,0.13689978561554828,0.13689978561554828,0.0,,world_cup,world_cup_1198536,1.0837494201787645,,1.0805065039137962,1.080410767910768,1.0805065039137962,1.080410767910768,0.27626623403498024,0.2938329817595235,0.27626623403498024,-0.017566747724543252,0.2938329817595235,0.3105677463144913,0.28924184141953097,0.3105677463144913,0.021325904894960335,0.28924184141953097,0.4131660196505285,0.4169251768209455,0.4131660196505285,-0.0037591571704169713,0.4169251768209455,2016,3404.0,40,0
,,3415.0,8,0.722753346080306,0.722753346080306,288.0,,world_cup,world_cup_1198537,0.652969063666377,,1.0254901960784313,1.0628796553263338,1.0254901960784313,1.0628796553263338,0.05736137667304016,0.11068709259225445,0.05736137667304016,-0.0533257159192143,0.11068709259225445,0.16252390057361377,0.21728413095477203,0.16252390057361377,-0.054760230381158265,0.21728413095477203,0.7801147227533461,0.6720287764529735,0.7801147227533461,0.1080859463003726,0.6720287764529735,2016,3127.0,8,0
,,1768.0,8,0.6545806808746195,0.6545806808746195,356.0,,world_cup,world_cup_1198537,0.7327214480183809,,1.1171923314780456,1.1166369781928018,1.1171923314780456,1.1166369781928018,0.09133683919180736,0.13366361159276688,0.09133683919180736,-0.042326772400959514,0.13366361159276688,0.16274564074176587,0.23567005201882582,0.16274564074176587,-0.07292441127705995,0.23567005201882582,0.7459175200664269,0.6306663363884072,0.7459175200664269,0.11525118367801968,0.6306663363884072,2016,1412.0,8,0
,,3085.0,98,0.7060835644767663,0.7060835644767663,2.0,,world_cup,world_cup_1198537,0.669933570063362,,1.0811936376063667,1.0795258401868209,1.0811936376063667,1.0795258401868209,0.07114643875760814,0.13825860001410803,0.07114643875760814,-0.0671121612564999,0.13825860001410803,0.15162355800801733,0.23158315502363097,0.15162355800801733,-0.07995959701561364,0.23158315502363097,0.7772300032343745,0.6301582449622611,0.7772300032343745,0.14707175827211338,0.6301582449622611,2016,3083.0,98,0
,,3232.0,61,0.7327490543266076,0.7327490543266076,0.0,,world_cup,world_cup_1198537,0.6366085743253467,,1.081135280930363,1.080616434967595,1.081135280930363,1.080616434967595,0.057809601723677065,0.136087902025867,0.057809601723677065,-0.07827830030218995,0.136087902025867,0.15163174222603823,0.22570676433558431,0.15163174222603823,-0.07407502210954608,0.22570676433558431,0.7905586560502847,0.6382053336385488,0.7905586560502847,0.15235332241173594,0.6382053336385488,2016,3232.0,61,0
,,45222.0,6,0.5912408759124088,0.5912408759124088,85.0,,world_cup,world_cup_1198540,0.8114638922400176,,1.0300751879699248,1.0682484695186774,1.0300751879699248,1.0682484695186774,0.10218978102189781,0.13373025745734066,0.10218978102189781,-0.031540476435442846,0.13373025745734066,0.20437956204379562,0.2161921021250311,0.20437956204379562,-0.011812540081235473,0.2161921021250311,0.6934306569343066,0.6500776404176282,0.6934306569343066,0.043353016516678444,0.6500776404176282,2016,45137.0,6,0
,,16064.0,124,0.5618306842520573,0.5618306842520573,2.0,,world_cup,world_cup_1198540,0.8426482838063023,,1.080379978078188,1.081488620818306,1.080379978078188,1.081488620818306,0.10889414947582007,0.10507402616070145,0.10889414947582007,0.0038201233151186204,0.10507402616070145,0.2203810167963025,0.2150352163288774,0.2203810167963025,0.00534580046742511,0.2150352163288774,0.6707248337278774,0.6798907575104212,0.6707248337278774,-0.009165923782543772,0.6798907575104212,2016,16062.0,124,0
,,16042.0,46,0.5499233761640929,0.5499233761640929,0.0,,world_cup,world_cup_1198540,0.8493134577904451,,1.0784388507500637,1.0779123552846182,1.0784388507500637,1.0779123552846182,0.12200872332901094,0.11893836041175741,0.12200872332901094,0.00307036291725353,0.11893836041175741,0.20605917717788513,0.20389433213444125,0.20605917717788513,0.002164845043443886,0.20389433213444125,0.6719320994931038,0.6771673074538013,0.6719320994931038,-0.00523520796069743,0.6771673074538013,2016,16042.0,46,0
,,187540.0,7,0.8770011714174151,0.8770011714174151,116.0,,world_cup,world_cup_1198542,0.3812237409710767,,1.0309983896940418,1.0679144385026738,1.0309983896940418,1.0679144385026738,0.021085513471300273,0.05508262393590386,0.021085513471300273,-0.03399711046460359,0.05508262393590386,0.08082780163998439,0.09364046069103657,0.08082780163998439,-0.01281265905105218,0.09364046069103657,0.8980866848887153,0.8512769153730596,0.8980866848887153,0.04680976951565574,0.8512769153730596,2017,187424.0,7,0
,,8965.0,3,0.8089659833295787,0.8089659833295787,169.0,,world_cup,world_cup_1198542,0.5154974758547162,,1.1167295597484277,1.116859758787558,1.1167295597484277,1.116859758787558,0.03581887812570399,0.052668680153381504,0.03581887812570399,-0.016849802027677517,0.052668680153381504,0.11939626041901329,0.1105392052601834,0.11939626041901329,0.008857055158829882,0.1105392052601834,0.8447848614552826,0.8367921145864351,0.8447848614552826,0.007992746868847544,0.8367921145864351,2017,8796.0,3,0
,,32944.0,9,0.8326124965491856,0.8326124965491856,1.0,,world_cup,world_cup_1198542,0.47481533587774905,,1.088150867823765,1.1024160524160524,1.088150867823765,1.1024160524160524,0.026256863286402258,0.04535492738011218,0.026256863286402258,-0.019098064093709923,0.04535492738011218,0.11487377687800987,0.13743917387912782,0.11487377687800987,-0.022565397001117954,0.13743917387912782,0.8588693598355879,0.8172058987407599,0.8588693598355879,0.04166346109482799,0.8172058987407599,2017,32943.0,9,0
,,33143.0,15,0.864644404792251,0.864644404792251,25.0,,world_cup,world_cup_1198542,0.4032011840553955,,1.0378306878306875,1.0982059415845102,1.0378306878306875,1.0982059415845102,0.027529951567677804,0.053563295538988906,0.027529951567677804,-0.0260333439713111,0.053563295538988906,0.08029569207239359,0.11104585660522091,0.08029569207239359,-0.03075016453282732,0.11104585660522091,0.8921743563599288,0.8353908478557902,0.8921743563599288,0.0567835085041386,0.8353908478557902,2017,33118.0,15,0
,,32754.0,6,0.06024096385542166,0.06024096385542166,22.0,,world_cup,world_cup_1198543,1.0950499654332655,,1.029776674937965,1.0666666666666667,1.029776674937965,1.0666666666666667,0.31325301204819284,0.3125,0.31325301204819284,0.000753012048192836,0.3125,0.31325301204819284,0.3125,0.31325301204819284,0.000753012048192836,0.3125,0.3734939759036145,0.375,0.3734939759036145,-0.0015060240963855054,0.375,2017,32732.0,6,0
,,9131.0,6,0.06933393953171174,0.06933393953171174,127.0,,world_cup,world_cup_1198543,1.0914280868057251,,1.1197943182975258,1.1167574107683,1.1197943182975258,1.1167574107683,0.31893612184587405,0.3087757313109426,0.31893612184587405,0.010160390534931452,0.3087757313109426,0.2927938167765401,0.29848320693391117,0.2927938167765401,-0.005689390157371077,0.29848320693391117,0.3882700613775858,0.3927410617551463,0.3882700613775858,-0.004471000377560486,0.3927410617551463,2017,9004.0,6,0
,,33288.0,55,0.021702967232774928,0.021702967232774928,2.0,,world_cup,world_cup_1198543,1.0972235749478016,,1.0795543293682712,1.1004499940028776,1.0795543293682712,1.1004499940028776,0.33320437927966273,0.32110217854973244,0.33320437927966273,0.01210220072993029,0.32110217854973244,0.3118882742078997,0.3049393172133365,0.3118882742078997,0.006948956994563216,0.3049393172133365,0.35490734651243766,0.3739585042369311,0.35490734651243766,-0.01905115772449345,0.3739585042369311,2017,33286.0,55,0
,,33308.0,30,0.04269317932597422,0.04269317932597422,0.0,,world_cup,world_cup_1198543,1.096665136178922,,1.0806433774154303,1.0989141126683633,1.0806433774154303,1.0989141126683633,0.3201988449448059,0.31929446436033343,0.3201988449448059,0.0009043805844724528,0.31929446436033343,0.3169091307844141,0.2983571224350657,0.3169091307844141,0.018552008349348392,0.2983571224350657,0.3628920242707801,0.38234841320460095,0.3628920242707801,-0.019456388933820845,0.38234841320460095,2017,33308.0,30,0
,,26998.0,13,0.3879841248118243,-0.3879841248118243,51.0,,world_cup,world_cup_1198545,0.9788026557140767,,1.0298801973220577,1.065546218487395,1.0298801973220577,1.065546218487395,0.5645271657314904,0.5362776025236593,0.5645271657314904,0.02824956320783112,0.5362776025236593,0.2589297933488436,0.27602523659305994,0.2589297933488436,-0.017095443244216357,0.27602523659305994,0.17654304091966608,0.18769716088328076,0.17654304091966608,-0.011154119963614678,0.18769716088328076,2017,26947.0,13,1
,,7482.0,6,0.36673346693386777,-0.36673346693386777,54.0,,world_cup,world_cup_1198545,0.9881563409537273,,1.117831541218638,1.1184887698943924,1.117831541218638,1.1184887698943924,0.5591182364729459,0.5518910580350018,0.5591182364729459,0.007227178437944071,0.5518910580350018,0.24849699398797598,0.26929623916165757,0.24849699398797598,-0.02079924517368159,0.26929623916165757,0.19238476953907815,0.1788127028033406,0.19238476953907815,0.013572066735737548,0.1788127028033406,2017,7428.0,6,1
,,27534.0,78,0.36563876651982385,-0.36563876651982385,2.0,,world_cup,world_cup_1198545,0.9924301282126136,,1.0809523809523809,1.1011351909184726,1.0809523809523809,1.1011351909184726,0.5506607929515419,0.5310840362386754,0.5506607929515419,0.019576756712866517,0.5310840362386754,0.2643171806167401,0.26710402999062793,0.2643171806167401,-0.0027868493738878453,0.26710402999062793,0.18502202643171808,0.20181193377069667,0.18502202643171808,-0.016789907338978588,0.20181193377069667,2017,27532.0,78,1
,,27513.0,54,0.371859296482412,-0.371859296482412,6.0,,world_cup,world_cup_1198545,0.9873504408931055,,1.0545839957604664,1.0984848484848486,1.0545839957604664,1.0984848484848486,0.5577889447236181,0.5172413793103449,0.5577889447236181,0.0405475654132732,0.5172413793103449,0.2562814070351758,0.27586206896551724,0.2562814070351758,-0.019580661930341414,0.27586206896551724,0.18592964824120606,0.2068965517241379,0.18592964824120606,-0.020966903482931842,0.2068965517241379,2017,27507.0,54,1
,,8942.0,5,0.8516916815059781,0.8516916815059781,362.0,,world_cup,world_cup_1198546,0.4256477087837998,,1.0269070010449322,1.0644540644540643,1.0269070010449322,1.0644540644540643,0.03357924192317476,0.0447356529597831,0.03357924192317476,-0.01115641103660834,0.0447356529597831,0.08114983464767234,0.08540442837776775,0.08114983464767234,-0.004254593730095416,0.08540442837776775,0.8852709234291528,0.8698599186624492,0.8852709234291528,0.015411004766703651,0.8698599186624492,2017,8580.0,5,0
,,4631.0,5,0.831112106618882,0.831112106618882,3.0,,world_cup,world_cup_1198546,0.4755299613570427,,1.1168230143839901,1.1170940170940171,1.1168230143839901,1.1170940170940171,0.02984656736476649,0.04973221117061974,0.02984656736476649,-0.01988564380585325,0.04973221117061974,0.10919475865158472,0.08951798010711554,0.10919475865158472,0.019676778544469184,0.08951798010711554,0.8609586739836486,0.8607498087222646,0.8609586739836486,0.00020886526138397254,0.8607498087222646,2017,4628.0,5,0
,,6589.0,39,0.8171410005492422,0.8171410005492422,9.0,,world_cup,world_cup_1198546,0.5033644274840013,,1.1137158611182907,1.1121037094082915,1.1137158611182907,1.1121037094082915,0.029929836232971557,0.059946447532431564,0.029929836232971557,-0.030016611299460007,0.059946447532431564,0.12299932698481461,0.0917547666312728,0.12299932698481461,0.03124456035354181,0.0917547666312728,0.8470708367822137,0.8482987858362956,0.8470708367822137,-0.001227949054081856,0.8482987858362956,2017,6580.0,39,0
,,6203.0,25,0.863386909113374,0.863386909113374,6.0,,world_cup,world_cup_1198546,0.41111343384535004,,1.0542077783928707,1.0735708534621577,1.0542077783928707,1.0735708534621577,0.02313608797273504,0.04049873441454955,0.02313608797273504,-0.017362646441814508,0.04049873441454955,0.09034091494115587,0.09702821786819163,0.09034091494115587,-0.00668730292703576,0.09702821786819163,0.886522997086109,0.8624730477172587,0.886522997086109,0.0240499493688503,0.8624730477172587,2017,6197.0,25,0
,,44466.0,9,0.3973194063257748,-0.3973194063257748,57.0,,world_cup,world_cup_1198550,0.974103727346762,,1.0255786625857404,1.064350064350064,1.0255786625857404,1.064350064350064,0.5668949345839218,0.5078597339782346,0.5668949345839218,0.05903520060568723,0.5078597339782346,0.2635295371579312,0.2684401451027812,0.2635295371579312,-0.004910607944849987,0.2684401451027812,0.16957552825814703,0.22370012091898434,0.16957552825814703,-0.0541245926608373,0.22370012091898434,2017,44409.0,9,2
,,6176.0,4,0.3682961958824028,-0.3682961958824028,183.0,,world_cup,world_cup_1198550,0.9895881230639128,,1.1253813882532417,1.1172161172161172,1.1253813882532417,1.1172161172161172,0.5553672795052106,0.5114754098360655,0.5553672795052106,0.043891869669145045,0.5114754098360655,0.25756163687198175,0.2754098360655738,0.25756163687198175,-0.01784819919359204,0.2754098360655738,0.18707108362280775,0.21311475409836064,0.18707108362280775,-0.026043670475552894,0.21311475409836064,2017,5993.0,4,2
,,44900.0,34,0.3725099601593626,-0.3725099601593626,2.0,,world_cup,world_cup_1198550,0.9898644443231501,,1.081663434604611,1.0999541207874541,1.081663434604611,1.0999541207874541,0.5502988047808766,0.4914209877713527,0.5502988047808766,0.05887781700952388,0.4914209877713527,0.2719123505976096,0.2841027585553133,0.2719123505976096,-0.012190407957703708,0.2841027585553133,0.17778884462151395,0.224476253673334,0.17778884462151395,-0.046687409051820034,0.224476253673334,2017,44898.0,34,2
,,44742.0,52,0.35498392282958213,-0.35498392282958213,0.0,,world_cup,world_cup_1198550,0.9988026852366466,,1.0821719992344763,1.1006136950904393,1.0821719992344763,1.1006136950904393,0.5435691318327975,0.5047688921496699,0.5435691318327975,0.038800239683127624,0.5047688921496699,0.26784565916398717,0.2839325018341893,0.26784565916398717,-0.016086842670202106,0.2839325018341893,0.18858520900321543,0.21129860601614087,0.18858520900321543,-0.022713397012925435,0.21129860601614087,2017,44742.0,52,2
,,7395.0,8,0.627931214174049,0.627931214174049,24.0,,world_cup,world_cup_1198551,0.7722771659295327,,1.0262032085561497,1.087406015037594,1.0262032085561497,1.087406015037594,0.08858780614903597,0.11495246326707001,0.08858780614903597,-0.02636465711803404,0.11495246326707001,0.19489317352787913,0.19360414866032843,0.19489317352787913,0.0012890248675506977,0.19360414866032843,0.7165190203230849,0.6914433880726015,0.7165190203230849,0.02507563225048337,0.6914433880726015,2017,7371.0,8,1
,,2048.0,2,0.5582655826558266,0.5582655826558266,828.0,,world_cup,world_cup_1198551,0.8411999451971983,,1.1181818181818182,1.1179765130984642,1.1181818181818182,1.1179765130984642,0.11924119241192412,0.11926308985132515,0.11924119241192412,-2.1897439401036278e-05,0.11926308985132515,0.2032520325203252,0.21816418875242408,0.2032520325203252,-0.014912156232098878,0.21816418875242408,0.6775067750677507,0.6625727213962508,0.6775067750677507,0.014934053671499914,0.6625727213962508,2017,1220.0,2,1
,,3251.0,117,0.5765432542105073,0.5765432542105073,2.0,,world_cup,world_cup_1198551,0.8221088370722991,,1.0802517626293484,1.079276744944553,1.0802517626293484,1.079276744944553,0.1142852012784142,0.14477287751440177,0.1142852012784142,-0.030487676235987568,0.14477287751440177,0.19488634323266418,0.22060628954575504,0.19488634323266418,-0.025719946313090852,0.22060628954575504,0.6908284554889216,0.6346208329398433,0.6908284554889216,0.056207622549078295,0.6346208329398433,2017,3249.0,117,1
,,3154.0,26,0.5826129562874041,0.5826129562874041,0.0,,world_cup,world_cup_1198551,0.818095721356739,,1.0789694789808075,1.051002236737337,1.0789694789808075,1.051002236737337,0.10903650299233542,0.1340102480274119,0.10903650299233542,-0.02497374503507649,0.1340102480274119,0.19931403772792494,0.21872937034359186,0.19931403772792494,-0.019415332615666914,0.21872937034359186,0.6916494592797395,0.6472603816289962,0.6916494592797395,0.04438907765074329,0.6472603816289962,2017,3154.0,26,1
,,14713.0,10,0.14498141263940523,0.14498141263940523,536.0,,world_cup,world_cup_1198554,1.0808444472906915,,1.0281892021022456,1.0650555615492503,1.0281892021022456,1.0650555615492503,0.2778810408921933,0.28889789303079416,0.2778810408921933,-0.011016852138600874,0.28889789303079416,0.2992565055762082,0.3028768233387358,0.2992565055762082,-0.0036203177625275806,0.3028768233387358,0.4228624535315985,0.40822528363047,0.4228624535315985,0.01463716990112851,0.40822528363047,2017,14177.0,10,0
,,6359.0,2,0.12302943446147058,0.12302943446147058,550.0,,world_cup,world_cup_1198554,1.0834146810675889,,1.1155657766900742,1.1170490225103569,1.1155657766900742,1.1170490225103569,0.29390364899129096,0.3185821561539363,0.29390364899129096,-0.024678507162645358,0.3185821561539363,0.2891632675559475,0.2887793092879229,0.2891632675559475,0.0003839582680246201,0.2887793092879229,0.41693308345276153,0.39263853455814085,0.41693308345276153,0.024294548894620682,0.39263853455814085,2017,5809.0,2,0
,,14177.0,40,0.11230480949406624,0.11230480949406624,10.0,,world_cup,world_cup_1198554,1.0868851238430841,,1.078637453849678,1.1002252361112455,1.078637453849678,1.1002252361112455,0.294316052467208,0.3200369019900716,0.294316052467208,-0.02572084952286363,0.3200369019900716,0.2990630855715178,0.2931950973070333,0.2990630855715178,0.0058679882644844805,0.2931950973070333,0.4066208619612742,0.386768000702895,0.4066208619612742,0.019852861258379206,0.386768000702895,2017,14167.0,40,0
,,13922.0,34,0.12144964006518022,0.12144964006518022,0.0,,world_cup,world_cup_1198554,1.0838069275593056,,1.07839081073386,1.1012379433432065,1.07839081073386,1.1012379433432065,0.2943833666797302,0.31862068965517243,0.2943833666797302,-0.024237322975442233,0.31862068965517243,0.28978362657535944,0.2882758620689655,0.28978362657535944,0.0015077645063939493,0.2882758620689655,0.4158330067449104,0.3931034482758621,0.4158330067449104,0.02272955846904834,0.3931034482758621,2017,13922.0,34,0
,,14783.0,5,0.21976866456361727,-0.21976866456361727,2600.0,,world_cup,world_cup_1198555,1.0603316652169579,,1.029220779220779,1.0651162790697675,1.029220779220779,1.0651162790697675,0.46267087276551006,0.43668122270742354,0.46267087276551006,0.02598965005808651,0.43668122270742354,0.2944269190325973,0.31295487627365354,0.2944269190325973,-0.018527957241056214,0.31295487627365354,0.2429022082018928,0.25036390101892286,0.2429022082018928,-0.0074616928170300745,0.25036390101892286,2017,12183.0,5,0
,,6356.0,3,0.2043155199193989,-0.2043155199193989,1550.0,,world_cup,world_cup_1198555,1.064165734136183,,1.1194920670727124,1.1176179045970098,1.1194920670727124,1.1176179045970098,0.45808320389572227,0.454192985912305,0.45808320389572227,0.0038902179834172657,0.454192985912305,0.28814911212795424,0.2972625190190169,0.28814911212795424,-0.009113406891062659,0.2972625190190169,0.2537676839763234,0.24854449506867804,0.2537676839763234,0.0052231889076453375,0.24854449506867804,2017,4806.0,3,0
,,14177.0,61,0.19049508879849192,-0.19049508879849192,2.0,,world_cup,world_cup_1198555,1.0682168892323978,,1.081995018893851,1.1001969242310576,1.081995018893851,1.1001969242310576,0.4508383768230975,0.42275729810355855,0.4508383768230975,0.028081078719538966,0.42275729810355855,0.2888183351522968,0.29320264223311315,0.2888183351522968,-0.00438430708081633,0.29320264223311315,0.2603432880246056,0.2840400596633284,0.2603432880246056,-0.023696771638722802,0.2840400596633284,2017,14175.0,61,0
,,13933.0,46,0.19481539670070702,-0.19481539670070702,0.0,,world_cup,world_cup_1198555,1.067190956167943,,1.0780826558265584,1.100455399039371,1.0780826558265584,1.100455399039371,0.45247446975648076,0.434791723443953,0.45247446975648076,0.017682746312527753,0.434791723443953,0.28986645718774545,0.297939246556676,0.28986645718774545,-0.008072789368930522,0.297939246556676,0.25765907305577374,0.2672690299993711,0.25765907305577374,-0.009609956943597342,0.2672690299993711,2017,13933.0,46,0
,,14763.0,8,0.673469387755102,0.673469387755102,28.0,,world_cup,world_cup_1198556,0.7173700138093051,,1.027972027972028,1.0650110123794334,1.027972027972028,1.0650110123794334,0.07482993197278913,0.08535976609855238,0.07482993197278913,-0.010529834125763249,0.08535976609855238,0.17687074829931973,0.2086572060186836,0.17687074829931973,-0.031786457719363864,0.2086572060186836,0.7482993197278911,0.705983027882764,0.7482993197278911,0.042316291845127085,0.705983027882764,2017,14735.0,8,0
,,6357.0,2,0.5842293906810035,0.5842293906810035,6.0,,world_cup,world_cup_1198556,0.811845702338369,,1.1177884615384617,1.1182741335413091,1.1177884615384617,1.1182741335413091,0.11469534050179211,0.12084258330038823,0.11469534050179211,-0.006147242798596117,0.12084258330038823,0.18637992831541217,0.19653519042260945,0.18637992831541217,-0.010155262107197277,0.19653519042260945,0.6989247311827956,0.6826222262770022,0.6989247311827956,0.016302504905793436,0.6826222262770022,2017,6351.0,2,0
,,14177.0,79,0.6188866299655069,0.6188866299655069,8.0,,world_cup,world_cup_1198556,0.7790208907213372,,1.0824771583645512,1.100684199951355,1.0824771583645512,1.100684199951355,0.09724284441601755,0.1150032665923677,0.09724284441601755,-0.017760422176350155,0.1150032665923677,0.18662768120245793,0.20189462357326776,0.18662768120245793,-0.015266942370809833,0.20189462357326776,0.7161294743815245,0.6831021098343646,0.7161294743815245,0.03302736454715993,0.6831021098343646,2017,14169.0,79,0
,,13922.0,37,0.6200438033381163,0.6200438033381163,0.0,,world_cup,world_cup_1198556,0.7773311795442516,,1.0804569563443494,1.1030351778665006,1.0804569563443494,1.1030351778665006,0.09742466581073936,0.12419032875707826,0.09742466581073936,-0.026765662946338906,0.12419032875707826,0.1851068650404048,0.19925041756630138,0.1851068650404048,-0.01414355252589658,0.19925041756630138,0.7174684691488556,0.6765592536766204,0.7174684691488556,0.04090921547223525,0.6765592536766204,2017,13922.0,37,0
,,839.0,5,0.8746170634523356,0.8746170634523356,223.0,,world_cup,world_cup_1198560,0.35513159952981666,,1.0843972555150252,1.0817656765676569,1.0843972555150252,1.0817656765676569,0.03842380313557455,0.038517275570131945,0.03842380313557455,-9.347243455739424e-05,0.038517275570131945,0.04853533027651522,0.046220730684158336,0.04853533027651522,0.0023145995923568863,0.046220730684158336,0.9130408665879102,0.9152619937457096,0.9130408665879102,-0.0022211271577994296,0.9152619937457096,2016,616.0,5,0
,,18996.0,8,0.5138999205718826,-0.5138999205718826,148.0,,world_cup,world_cup_1198562,0.8880623705774584,,1.02859477124183,1.0638511814982403,1.02859477124183,1.0638511814982403,0.635424940428912,0.6143667296786389,0.635424940428912,0.021058210750273032,0.6143667296786389,0.2430500397140588,0.2410207939508507,0.2430500397140588,0.0020292457632081207,0.2410207939508507,0.1215250198570294,0.14461247637051042,0.1215250198570294,-0.023087456513481014,0.14461247637051042,2016,18848.0,8,2
,,10635.0,8,0.44253859348198976,-0.44253859348198976,19.0,,world_cup,world_cup_1198562,0.9424998348200906,,1.1168582375478926,1.1179980496190147,1.1168582375478926,1.1179980496190147,0.5969125214408234,0.5200325251330573,0.5969125214408234,0.0768799963077661,0.5200325251330573,0.2487135506003431,0.2670017740981667,0.2487135506003431,-0.018288223497823636,0.2670017740981667,0.15437392795883365,0.21296570076877583,0.15437392795883365,-0.05859177280994218,0.21296570076877583,2016,10616.0,8,2
,,15720.0,42,0.426664081327387,-0.426664081327387,3.0,,world_cup,world_cup_1198562,0.9540184640255414,,1.0792977882482375,1.0804856624730816,1.0792977882482375,1.0804856624730816,0.586410348743802,0.5349767258899889,0.586410348743802,0.051433622853813143,0.5349767258899889,0.25384338383978283,0.27220874582049437,0.25384338383978283,-0.018365361980711536,0.27220874582049437,0.15974626741641507,0.19281452828951684,0.15974626741641507,-0.033068260873101774,0.19281452828951684,2016,15717.0,42,2
,,17480.0,46,0.4374322860238353,-0.4374322860238353,0.0,,world_cup,world_cup_1198562,0.944773335210491,,1.080732978162871,1.0796214795827892,1.080732978162871,1.0796214795827892,0.5969664138678223,0.5323279080185157,0.5969664138678223,0.06463850584930664,0.5323279080185157,0.2434994582881907,0.2684784231745558,0.2434994582881907,-0.024978964886365085,0.2684784231745558,0.15953412784398702,0.19919366880692846,0.15953412784398702,-0.03965954096294144,0.19919366880692846,2016,17480.0,46,2
,,14764.0,14,0.08810437452033765,-0.08810437452033765,47.0,,world_cup,world_cup_1198563,1.0926434670608156,,1.0271650874233371,1.0645245559038663,1.0271650874233371,1.0645245559038663,0.3744435917114351,0.3914110429447853,0.3744435917114351,-0.016967451233350195,0.3914110429447853,0.33921719109746734,0.2846625766871166,0.33921719109746734,0.054554614410350755,0.2846625766871166,0.28633921719109745,0.3239263803680982,0.28633921719109745,-0.037587163177000726,0.3239263803680982,2016,14717.0,14,1
,,9032.0,3,0.11823647294589179,-0.11823647294589179,12.0,,world_cup,world_cup_1198563,1.086519941371448,,1.1161091505542025,1.1175166865239503,1.1161091505542025,1.1175166865239503,0.4072589623691828,0.3652413160609882,0.4072589623691828,0.0420176463081946,0.3652413160609882,0.30371854820752614,0.30333600825404106,0.30371854820752614,0.00038253995348508374,0.30333600825404106,0.289022489423291,0.3314226756849708,0.289022489423291,-0.042400186261679795,0.3314226756849708,2016,9020.0,3,1
,,13919.0,68,0.09678277053975004,-0.09678277053975004,5.0,,world_cup,world_cup_1198563,1.090994289252434,,1.0795373001521282,1.100441165732752,1.0795373001521282,1.100441165732752,0.39085349641052913,0.3606057363013699,0.39085349641052913,0.03024776010915925,0.3606057363013699,0.3150757777186919,0.3101455479452055,0.3150757777186919,0.004930229773486394,0.3101455479452055,0.2940707258707791,0.32924871575342474,0.2940707258707791,-0.035177989882645644,0.32924871575342474,2016,13914.0,68,1
,,13434.0,78,0.11068556108770589,-0.11068556108770589,0.0,,world_cup,world_cup_1198563,1.0891645287330862,,1.0810634962884098,1.0807029263857189,1.0810634962884098,1.0807029263857189,0.39530557531323524,0.365740581750747,0.39530557531323524,0.029564993562488262,0.365740581750747,0.3200744104612354,0.3084412239431299,0.3200744104612354,0.01163318651810552,0.3084412239431299,0.28462001422552935,0.32581819430612313,0.28462001422552935,-0.04119818008059378,0.32581819430612313,2016,13434.0,78,1
,,14762.0,10,0.11127904779897974,-0.11127904779897974,14.0,,world_cup,world_cup_1198564,1.0887525790426222,,1.0248615575262363,1.0606060606060606,1.0248615575262363,1.0606060606060606,0.3982618552805592,0.34285714285714286,0.3982618552805592,0.055404712423416325,0.34285714285714286,0.3147553372378613,0.3142857142857143,0.3147553372378613,0.00046962295214703076,0.3142857142857143,0.28698280748157945,0.34285714285714286,0.28698280748157945,-0.05587433537556341,0.34285714285714286,2016,14748.0,10,2
,,9032.0,4,0.10810810810810811,-0.10810810810810811,146.0,,world_cup,world_cup_1198564,1.0872841553983514,,1.121212121212121,1.117948717948718,1.121212121212121,1.117948717948718,0.40540540540540543,0.3577981651376147,0.40540540540540543,0.04760724026779073,0.3577981651376147,0.2972972972972973,0.2981651376146789,0.2972972972972973,-0.0008678403173815741,0.2981651376146789,0.2972972972972973,0.34403669724770636,0.2972972972972973,-0.046739399950409044,0.34403669724770636,2016,8886.0,4,2
,,13919.0,40,0.07731305449936632,-0.07731305449936632,8.0,,world_cup,world_cup_1198564,1.092366472380881,,1.0778688524590165,1.0998133411926516,1.0778688524590165,1.0998133411926516,0.3865652724968314,0.3497096918267083,0.3865652724968314,0.03685558067012312,0.3497096918267083,0.3041825095057034,0.3135328271549799,0.3041825095057034,-0.009350317649276463,0.3135328271549799,0.3092522179974651,0.3367574810183117,0.3092522179974651,-0.027505263020846604,0.3367574810183117,2016,13911.0,40,2
,,13440.0,28,0.1049835567923097,-0.1049835567923097,0.0,,world_cup,world_cup_1198564,1.0891671076216984,,1.0818281335522715,1.0819410628830493,1.0818281335522715,1.0819410628830493,0.3984315709587655,0.35824215617806054,0.3984315709587655,0.04018941478070498,0.35824215617806054,0.30812041487477865,0.3080882543131321,0.30812041487477865,3.216056164656589e-05,0.3080882543131321,0.29344801416645583,0.3336695895088074,0.29344801416645583,-0.040221575342351545,0.3336695895088074,2016,13440.0,28,2
,,3200.0,5,0.6939488688615045,-0.6939488688615045,224.0,,world_cup,world_cup_1198567,0.6929190819950728,,1.0297348484848485,1.0645833333333332,1.0297348484848485,1.0645833333333332,0.7586904542946478,0.7338551859099806,0.7586904542946478,0.02483526838466721,0.7338551859099806,0.17656796027220895,0.18786692759295504,0.17656796027220895,-0.01129896732074609,0.18786692759295504,0.06474158543314328,0.07827788649706459,0.06474158543314328,-0.013536301063921313,0.07827788649706459,2016,2976.0,5,2
,,1910.0,2,0.6057355064988653,-0.6057355064988653,311.0,,world_cup,world_cup_1198567,0.7917793732277744,,1.1182631967515688,1.1184371184371185,1.1182631967515688,1.1184371184371185,0.709717350938725,0.687772925764192,0.709717350938725,0.02194442517453299,0.687772925764192,0.18630080462141532,0.212882096069869,0.18630080462141532,-0.02658129144845367,0.212882096069869,0.10398184443985971,0.09934497816593886,0.10398184443985971,0.004636866273920848,0.09934497816593886,2016,1599.0,2,2
,,2474.0,52,0.6140405133755993,-0.6140405133755993,5.0,,world_cup,world_cup_1198567,0.7758515289527349,,1.080715240641711,1.0785554175746073,1.080715240641711,1.0785554175746073,0.7229008813978662,0.6919149860603208,0.7229008813978662,0.030985895337545477,0.6919149860603208,0.16823875057986704,0.18921756761649589,0.16823875057986704,-0.02097881703662885,0.18921756761649589,0.10886036802226691,0.11886744632318334,0.10886036802226691,-0.010007078300916433,0.11886744632318334,2016,2469.0,52,2
,,3073.0,31,0.6414253897550111,-0.6414253897550111,0.0,,world_cup,world_cup_1198567,0.7503286395849967,,1.0798460798460798,1.0800530738611234,1.0798460798460798,1.0800530738611234,0.7349665924276169,0.6961506961506961,0.7349665924276169,0.038815896276920725,0.6961506961506961,0.17149220489977726,0.19492219492219492,0.17149220489977726,-0.023429990022417663,0.19492219492219492,0.0935412026726058,0.10892710892710893,0.0935412026726058,-0.015385906254503132,0.10892710892710893,2016,3073.0,31,2
,,3200.0,12,0.6824621397166585,-0.6824621397166585,23.0,,world_cup,world_cup_1198568,0.7071111226057158,,1.0224775224775224,1.0632618747372846,1.0224775224775224,1.0632618747372846,0.7523204689789936,0.7709033405811425,0.7523204689789936,-0.018582871602148887,0.7709033405811425,0.17782120175867125,0.15675034591816564,0.17782120175867125,0.02107085584050561,0.15675034591816564,0.06985832926233512,0.07234631350069183,0.06985832926233512,-0.002487984238356708,0.07234631350069183,2016,3177.0,12,2
,,1910.0,3,0.6125,-0.6125,12.0,,world_cup,world_cup_1198568,0.7824199624734824,,1.1162790697674418,1.116544117647059,1.1162790697674418,1.116544117647059,0.7166666666666667,0.6997036549226209,0.7166666666666667,0.016963011744045797,0.6997036549226209,0.17916666666666667,0.21073427724728347,0.17916666666666667,-0.0315676105806168,0.21073427724728347,0.10416666666666667,0.08956206783009549,0.10416666666666667,0.014604598836571184,0.08956206783009549,2016,1898.0,3,2
,,2474.0,99,0.6036970974541918,-0.6036970974541918,3.0,,world_cup,world_cup_1198568,0.7917172570989317,,1.08158827037076,1.0799406710310966,1.08158827037076,1.0799406710310966,0.7112047997405546,0.7234193701160312,0.7112047997405546,-0.012214570375476574,0.7234193701160312,0.18128749797308258,0.17807246033625382,0.18128749797308258,0.0032150376368287603,0.17807246033625382,0.1075077022863629,0.0985081695477149,0.1075077022863629,0.008999532738648008,0.0985081695477149,2016,2471.0,99,2
,,3068.0,27,0.6116368186439352,-0.6116368186439352,0.0,,world_cup,world_cup_1198568,0.7863402312156879,,1.0799466234248842,1.0823922983653016,1.0799466234248842,1.0823922983653016,0.7122859153828106,0.7274641329140406,0.7122859153828106,-0.015178217531229943,0.7274641329140406,0.1870649878783139,0.18854682628588396,0.1870649878783139,-0.0014818384075700464,0.18854682628588396,0.10064909673887544,0.08398904080007559,0.10064909673887544,0.01666005593879985,0.08398904080007559,2016,3068.0,27,2
,,10538.0,10,0.8370990919375058,-0.8370990919375058,23.0,,world_cup,world_cup_1198576,0.45429293269077653,,1.0302715302715302,1.064102564102564,1.0302715302715302,1.064102564102564,0.8744305500351607,0.783132530120482,0.8744305500351607,0.09129801991467867,0.783132530120482,0.08823799186718441,0.14457831325301207,0.08823799186718441,-0.05634032138582766,0.14457831325301207,0.037331458097654945,0.07228915662650603,0.037331458097654945,-0.03495769852885109,0.07228915662650603,2017,10515.0,10,2
,,6237.0,2,0.7530959752321981,-0.7530959752321981,284.0,,world_cup,world_cup_1198576,0.5994523066448096,,1.1186147186147186,1.1181318681318682,1.1186147186147186,1.1181318681318682,0.8126934984520123,0.7985257985257984,0.8126934984520123,0.014167699926213917,0.7985257985257984,0.12770897832817338,0.1375921375921376,0.12770897832817338,-0.009883159263964214,0.1375921375921376,0.05959752321981424,0.06388206388206388,0.05959752321981424,-0.00428454066224964,0.06388206388206388,2017,5953.0,2,2
,,7804.0,30,0.7959128784156326,-0.7959128784156326,0.0,,world_cup,world_cup_1198576,0.5250143133872169,,1.0828768581062158,1.071245889660212,1.0828768581062158,1.071245889660212,0.8472165471012056,0.8117326057298773,0.8472165471012056,0.035483941371328376,0.8117326057298773,0.10147978421322135,0.13335607094133695,0.10147978421322135,-0.0318762867281156,0.13335607094133695,0.05130366868557301,0.05491132332878581,0.05130366868557301,-0.0036076546432127973,0.05491132332878581,2017,7804.0,30,2
,,28604.0,10,0.30009526833915523,0.30009526833915523,244.0,,world_cup,world_cup_1198577,1.027131850918592,,1.029421379535796,1.0654747020088355,1.029421379535796,1.0654747020088355,0.2111781517942204,0.26070799921768045,0.2111781517942204,-0.04952984742346006,0.26070799921768045,0.27754842807240393,0.30275767651085467,0.27754842807240393,-0.025209248438450738,0.30275767651085467,0.5112734201333756,0.4365343242714649,0.5112734201333756,0.07473909586191074,0.4365343242714649,2017,28360.0,10,2
,,9088.0,10,0.2858517805582291,0.2858517805582291,37.0,,world_cup,world_cup_1198577,1.031651702538274,,1.1244588744588744,1.117132867132867,1.1244588744588744,1.117132867132867,0.2223291626564004,0.2712571726656234,0.2223291626564004,-0.04892801000922298,0.2712571726656234,0.2694898941289702,0.2983828899321857,0.2694898941289702,-0.028892995803215527,0.2983828899321857,0.5081809432146295,0.4303599374021909,0.5081809432146295,0.07782100581243856,0.4303599374021909,2017,9051.0,10,2
,,29096.0,110,0.23614783253761443,0.23614783253761443,3.0,,world_cup,world_cup_1198577,1.053327724791325,,1.0828964849583407,1.0788676841453093,1.0828964849583407,1.0788676841453093,0.23985696079736743,0.272616977393133,0.23985696079736743,-0.03276001659576558,0.272616977393133,0.2841382458676507,0.29425324544020703,0.2841382458676507,-0.010114999572556349,0.29425324544020703,0.47600479333498186,0.4331297771666599,0.47600479333498186,0.042875016168321956,0.4331297771666599,2017,29093.0,110,2
,,29079.0,76,0.25300307291181673,0.25300307291181673,0.0,,world_cup,world_cup_1198577,1.0473980126389644,,1.0812525171163916,1.1019710660611453,1.0812525171163916,1.1019710660611453,0.23121333457491383,0.2792199515656201,0.23121333457491383,-0.04800661699070624,0.2792199515656201,0.2845702579383555,0.29273059438331134,0.2845702579383555,-0.00816033644495584,0.29273059438331134,0.48421640748673056,0.4280494540510685,0.48421640748673056,0.05616695343566208,0.4280494540510685,2017,29079.0,76,2
,,45727.0,6,0.8812250870376912,0.8812250870376912,27.0,,world_cup,world_cup_1198578,0.3622387393664852,,1.0290238836967809,1.0695156695156693,1.0290238836967809,1.0695156695156693,0.02699429840052475,0.062333510921683544,0.02699429840052475,-0.03533921252115879,0.062333510921683544,0.06478631616125939,0.0719232818327118,0.06478631616125939,-0.007136965671452403,0.0719232818327118,0.9082193854382159,0.8657432072456047,0.9082193854382159,0.04247617819261118,0.8657432072456047,2017,45700.0,6,0
,,7450.0,2,0.801418439716312,0.801418439716312,368.0,,world_cup,world_cup_1198578,0.5156593032019532,,1.119047619047619,1.117525175686445,1.119047619047619,1.117525175686445,0.04964539007092198,0.05965562845214324,0.04964539007092198,-0.01001023838122126,0.05965562845214324,0.09929078014184396,0.1040505147421103,0.09929078014184396,-0.004759734600266338,0.1040505147421103,0.8510638297872339,0.8362938568057464,0.8510638297872339,0.014769972981487522,0.8362938568057464,2017,7082.0,2,0
,,620.0,4,0.8263507993931615,0.8263507993931615,342.0,,world_cup,world_cup_1198578,0.4874997715533196,,1.1179386823222437,1.1148247978436656,1.1179386823222437,1.1148247978436656,0.025557241218345204,0.025628626692456483,0.025557241218345204,-7.138547411127821e-05,0.025628626692456483,0.12253471817014823,0.1281431334622824,0.12253471817014823,-0.0056084152921341696,0.1281431334622824,0.8519080406115067,0.8462282398452612,0.8519080406115067,0.005679800766245524,0.8462282398452612,2017,278.0,4,0
,,6576.0,10,0.8770388958594729,0.8770388958594729,62.0,,world_cup,world_cup_1198578,0.3741852452636995,,1.0542328042328042,1.1190306587645316,1.0542328042328042,1.1190306587645316,0.026348808030112924,0.05585191032120896,0.026348808030112924,-0.029503102291096036,0.05585191032120896,0.07026348808030113,0.10897933721211506,0.07026348808030113,-0.03871584913181393,0.10897933721211506,0.9033877038895859,0.835168752466676,0.9033877038895859,0.0682189514229099,0.835168752466676,2017,6514.0,10,0
,,15012.0,9,0.3111039171252832,-0.3111039171252832,16.0,,samerica_qual,samerica_qual_2470086,1.0246451879327465,,1.0488964346349745,1.0637489677952106,1.0488964346349745,1.0637489677952106,0.5017805114923923,0.5433938829374321,0.5017805114923923,-0.04161337144503974,0.5433938829374321,0.30754289414049857,0.2685918335662164,0.30754289414049857,0.03895106057428216,0.2685918335662164,0.19067659436710913,0.18801428349635152,0.19067659436710913,0.002662310870757606,0.18801428349635152,2024-2025,14996.0,9,0
,,16482.0,38,0.15077821011673154,0.15077821011673154,0.0,,samerica_qual,samerica_qual_2470087,1.0804387376903914,,1.0527393753200203,1.0616605616605617,1.0527393753200203,1.0616605616605617,0.27140077821011677,0.26164462334675104,0.27140077821011677,0.009756154863365729,0.26164462334675104,0.3064202334630351,0.2898217366302473,0.3064202334630351,0.0165984968327878,0.2898217366302473,0.4221789883268483,0.4485336400230017,0.4221789883268483,-0.02635465169615342,0.4485336400230017,2024-2025,16482.0,38,0
,,14862.0,32,0.4804145441770596,-0.4804145441770596,0.0,,samerica_qual,samerica_qual_2470088,0.9156815586701937,,1.0631185807656396,1.0617283950617282,1.0631185807656396,1.0617283950617282,0.6147900930967856,0.5813953488372093,0.6147900930967856,0.033394744259576226,0.5813953488372093,0.25083435798348847,0.26162790697674426,0.25083435798348847,-0.010793548993255797,0.26162790697674426,0.13437554891972597,0.15697674418604654,0.13437554891972597,-0.022601195266320567,0.15697674418604654,2024-2025,14862.0,32,1
,,15042.0,19,0.7361162877376071,0.7361162877376071,3.0,,samerica_qual,samerica_qual_2470089,0.6323213576346494,,1.0521568627450981,1.0632618747372846,1.0521568627450981,1.0632618747372846,0.05590756615728661,0.07234631350069183,0.05590756615728661,-0.016438747343405218,0.07234631350069183,0.1520685799478196,0.15675034591816564,0.1520685799478196,-0.00468176597034603,0.15675034591816564,0.7920238538948937,0.7709033405811425,0.7920238538948937,0.0211205133137512,0.7709033405811425,2024-2025,15039.0,19,0
,,22002.0,41,0.21812711545693864,0.21812711545693864,15.0,,samerica_qual,samerica_qual_2470091,1.0625881958639514,,1.064920501421763,1.0620300751879699,1.064920501421763,1.0620300751879699,0.22903347122978562,0.23539823008849559,0.22903347122978562,-0.006364758858709962,0.23539823008849559,0.32380594208349,0.26902654867256637,0.32380594208349,0.05477939341092364,0.26902654867256637,0.44716058668672426,0.49557522123893805,0.44716058668672426,-0.04841463455221379,0.49557522123893805,2024-2025,21987.0,41,1
,,22182.0,10,0.39539748953974896,0.39539748953974896,42.0,,samerica_qual,samerica_qual_2470092,0.9765262920033366,,1.0478626233101935,1.0617283950617284,1.0478626233101935,1.0617283950617284,0.16596931659693168,0.15697674418604649,0.16596931659693168,0.008992572410885191,0.15697674418604649,0.27266387726638774,0.2616279069767442,0.27266387726638774,0.011035970289643537,0.2616279069767442,0.5613668061366807,0.5813953488372092,0.5613668061366807,-0.020028542700528562,0.5813953488372092,2024-2025,22140.0,10,2
,,22242.0,27,0.7769953051643192,0.7769953051643192,2.0,,samerica_qual,samerica_qual_2470093,0.5692870764572988,,1.0676691729323309,1.064102564102564,1.0676691729323309,1.064102564102564,0.04460093896713615,0.07228915662650603,0.04460093896713615,-0.027688217659369886,0.07228915662650603,0.13380281690140844,0.14457831325301207,0.13380281690140844,-0.01077549635160363,0.14457831325301207,0.8215962441314554,0.783132530120482,0.8215962441314554,0.03846371401097337,0.783132530120482,2024-2025,22240.0,27,0
,,22242.0,42,0.18766653977921582,0.18766653977921582,5.0,,samerica_qual,samerica_qual_2470094,1.0720104476139831,,1.0557832971626075,1.0625,1.0557832971626075,1.0625,0.2428625808907499,0.23529411764705882,0.2428625808907499,0.007568463243691093,0.23529411764705882,0.32660829843928435,0.29411764705882354,0.32660829843928435,0.03249065138046081,0.29411764705882354,0.43052912066996574,0.47058823529411764,0.43052912066996574,-0.040059114624151904,0.47058823529411764,2024-2025,22237.0,42,0
,,22287.0,34,0.4438617281460376,0.4438617281460376,15.0,,samerica_qual,samerica_qual_2470095,0.9439076009178327,,1.052741944046292,1.064163876932887,1.052741944046292,1.064163876932887,0.14613852399082222,0.15661748183656654,0.14613852399082222,-0.010478957845744319,0.15661748183656654,0.26386122387231786,0.22919631488278033,0.26386122387231786,0.03466490898953753,0.22919631488278033,0.5900002521368598,0.6141862032806532,0.5900002521368598,-0.024185951143793405,0.6141862032806532,2024-2025,22272.0,34,1
,,337.0,8,0.2874709454899903,-0.2874709454899903,0.0,,russia,russia_2546195,1.0250905545331186,,1.118913386355247,1.1206278040255908,1.118913386355247,1.1206278040255908,0.5196071080452875,0.6284203814887627,0.5196071080452875,-0.10881327344347513,0.6284203814887627,0.24825672939941515,0.21502576908772114,0.24825672939941515,0.03323096031169401,0.21502576908772114,0.23213616255529723,0.15655384942351627,0.23213616255529723,0.07558231313178096,0.15655384942351627,2024-2025,337.0,8,0
,,527.0,18,0.5975648491265219,0.5975648491265219,6.0,,russia,russia_2546270,0.7948828115370912,,1.1163115035043554,1.120598235927821,1.1163115035043554,1.120598235927821,0.11339332980412915,0.1129595553719629,0.11339332980412915,0.000433774432166259,0.1129595553719629,0.1756484912652197,0.18986818881670361,0.1756484912652197,-0.014219697551483917,0.18986818881670361,0.710958178930651,0.6971722558113336,0.710958178930651,0.013785923119317478,0.6971722558113336,2024-2025,521.0,18,0
,,559.0,5,0.5710448906509784,0.5710448906509784,6.0,,russia,russia_2546270,0.8241728027670103,,1.1208552493742212,1.123624322373415,1.1208552493742212,1.123624322373415,0.12056430588212144,0.10987372528807568,0.12056430588212144,0.010690580594045762,0.10987372528807568,0.18782649758477868,0.1893568457092368,0.18782649758477868,-0.0015303481244581252,0.1893568457092368,0.6916091965330998,0.7007694290026873,0.6916091965330998,-0.009160232469587526,0.7007694290026873,2024-2025,553.0,5,0
,,461.0,16,0.22961925745938266,-0.22961925745938266,6.0,,russia,russia_2546272,1.0552543989913394,,1.1233478138170647,1.1231327500612212,1.1233478138170647,1.1231327500612212,0.4735086382636987,0.4301288404360754,0.4735086382636987,0.0433797978276233,0.4301288404360754,0.28260198093198524,0.28265609514370665,0.28260198093198524,-5.4114211721412175e-05,0.28265609514370665,0.24388938080431605,0.28721506442021805,0.24388938080431605,-0.043325683615902,0.28721506442021805,2024-2025,455.0,16,2
,,606.0,14,0.22940084457047258,-0.22940084457047258,5.0,,russia,russia_2546272,1.0537020522247451,,1.1202294437588556,1.1209459268545494,1.1202294437588556,1.1209459268545494,0.4773659193373997,0.41882802446369577,0.4773659193373997,0.05853789487370392,0.41882802446369577,0.2746690058956731,0.27033445215384,0.2746690058956731,0.004334553741833114,0.27033445215384,0.2479650747669271,0.3108375233824641,0.2479650747669271,-0.06287244861553701,0.3108375233824641,2024-2025,601.0,14,2
,,221.0,17,0.30011882532676964,0.30011882532676964,4.0,,russia,russia_2546273,1.023661307913697,,1.125826548943164,1.1204726994200678,1.125826548943164,1.1204726994200678,0.2193176031234086,0.171630859375,0.2193176031234086,0.04768674374840859,0.171630859375,0.2612459684264132,0.24121093749999997,0.2612459684264132,0.020035030926413205,0.24121093749999997,0.5194364284501782,0.5871582031250001,0.5194364284501782,-0.06772177467482188,0.5871582031250001,2024-2025,217.0,17,0
,,367.0,4,0.2892561983471075,0.2892561983471075,2.0,,russia,russia_2546273,1.0262905905052302,,1.1235198909617514,1.121991915369399,1.1235198909617514,1.121991915369399,0.22822048676927745,0.17825440385116592,0.22822048676927745,0.049966082918111526,0.17825440385116592,0.2543028281143377,0.23149922578073492,0.2543028281143377,0.022803602333602763,0.23149922578073492,0.5174766851163849,0.5902463703680991,0.5174766851163849,-0.07276968525171423,0.5902463703680991,2024-2025,365.0,4,0
,,341.0,15,0.15580078408595904,0.15580078408595904,10.0,,russia,russia_2546274,1.0780600428073521,,1.1405339162692103,1.116445584918155,1.1405339162692103,1.116445584918155,0.27399448235806595,0.2596231078158789,0.27399448235806595,0.014371374542187065,0.2596231078158789,0.2962102511979091,0.2714241581711461,0.2962102511979091,0.02478609302676299,0.2714241581711461,0.429795266444025,0.468952734012975,0.429795266444025,-0.03915746756895,0.468952734012975,2024-2025,331.0,15,2
,,487.0,9,0.12990660455163494,0.12990660455163494,16.0,,russia,russia_2546274,1.0817360080702334,,1.1243831469094063,1.1233307148468183,1.1243831469094063,1.1233307148468183,0.2915988676637764,0.26573426573426573,0.2915988676637764,0.025864601929510678,0.26573426573426573,0.28689566012081225,0.26573426573426573,0.28689566012081225,0.021161394386546517,0.26573426573426573,0.42150547221541135,0.4685314685314686,0.42150547221541135,-0.04702599631605725,0.4685314685314686,2024-2025,471.0,9,2
,,33.0,1,0.5263157894736843,-0.5263157894736843,33.0,,russia,russia_2546275,0.8676429124448364,,1.1195286195286194,1.1195286195286194,1.1195286195286194,1.1195286195286194,0.6616541353383459,0.6616541353383459,0.6616541353383459,0.0,0.6616541353383459,0.2030075187969925,0.2030075187969925,0.2030075187969925,0.0,0.2030075187969925,0.13533834586466167,0.13533834586466167,0.13533834586466167,0.0,0.13533834586466167,2024-2025,0.0,1,1
,,57.0,4,0.5083798882681564,-0.5083798882681564,2.0,,russia,russia_2546275,0.8822691153857544,,1.1623376623376624,1.1537786182211116,1.1623376623376624,1.1537786182211116,0.6517690875232774,0.666705689534067,0.6517690875232774,-0.014936602010789501,0.666705689534067,0.20484171322160147,0.20393350503394989,0.20484171322160147,0.0009082081876515824,0.20393350503394989,0.14338919925512103,0.12936080543198314,0.14338919925512103,0.014028393823137891,0.12936080543198314,2024-2025,55.0,4,1
,,375.0,19,0.4681367377083774,-0.4681367377083774,10.0,,russia,russia_2546276,0.9115904410575146,,1.1159285914021222,1.1189092991112617,1.1159285914021222,1.1189092991112617,0.6310666807343323,0.5729022375046853,0.6310666807343323,0.05816444322964698,0.5729022375046853,0.20600337623971304,0.22626012417906555,0.20600337623971304,-0.020256747939352504,0.22626012417906555,0.16292994302595484,0.20083763831624923,0.16292994302595484,-0.03790769529029439,0.20083763831624923,2024-2025,365.0,19,2
,,442.0,12,0.49789874902267395,-0.49789874902267395,16.0,,russia,russia_2546276,0.8852555738453425,,1.1197321047505444,1.1174985692093862,1.1197321047505444,1.1174985692093862,0.6518764659890539,0.5926196899721066,0.6518764659890539,0.05925677601694734,0.5926196899721066,0.1941458170445661,0.22095203255750145,0.1941458170445661,-0.026806215512935355,0.22095203255750145,0.15397771696638,0.18642827747039187,0.15397771696638,-0.03245056050401188,0.18642827747039187,2024-2025,426.0,12,2
,,510.0,16,0.43270893371757924,0.43270893371757924,7.0,,russia,russia_2546277,0.9523831925553463,,1.1121260195823919,1.119815668202765,1.1121260195823919,1.119815668202765,0.1474063400576369,0.19204389574759945,0.1474063400576369,-0.044637555689962555,0.19204389574759945,0.272478386167147,0.29766803840877915,0.272478386167147,-0.025189652241632166,0.29766803840877915,0.5801152737752161,0.5102880658436214,0.5801152737752161,0.06982720793159469,0.5102880658436214,2024-2025,503.0,16,0
,,526.0,11,0.4095125810555055,0.4095125810555055,2.0,,russia,russia_2546277,0.966981782479602,,1.12135128553039,1.1169365375051628,1.12135128553039,1.1169365375051628,0.16214203716918496,0.20821070107916384,0.16214203716918496,-0.04606866390997888,0.20821070107916384,0.26620334460612455,0.2888083918194853,0.26620334460612455,-0.022605047213360763,0.2888083918194853,0.5716546182246904,0.5029809071013509,0.5716546182246904,0.06867371112333953,0.5029809071013509,2024-2025,524.0,11,0
,,150.0,7,0.07054901693992793,0.07054901693992793,8.0,,russia,russia_2546280,1.0913683744455422,,1.118523347275665,1.1193904339978669,1.118523347275665,1.1193904339978669,0.3181622332584983,0.32843505505982373,0.3181622332584983,-0.010272821801325438,0.32843505505982373,0.29312651654307553,0.2977811165875735,0.29312651654307553,-0.00465460004449797,0.2977811165875735,0.38871125019842623,0.37378382835260276,0.38871125019842623,0.014927421845823463,0.37378382835260276,2024-2025,142.0,7,1
,,169.0,6,0.07639107198994027,0.07639107198994027,0.0,,russia,russia_2546280,1.0889442999518248,,1.1170810507093694,1.1182803571809914,1.1170810507093694,1.1182803571809914,0.319710782772713,0.34660082933216935,0.319710782772713,-0.02689004655945637,0.34660082933216935,0.2841873624646337,0.2838825840244435,0.2841873624646337,0.00030477844019022315,0.2838825840244435,0.39610185476265325,0.3695165866433872,0.39610185476265325,0.026585268119266037,0.3695165866433872,2024-2025,169.0,6,1
,,28.0,3,0.01431980906921232,-0.01431980906921232,6.0,,russia,russia_2546281,1.0928439798033098,,1.1177804455115379,1.1197885163219439,1.1177804455115379,1.1197885163219439,0.36515513126491644,0.36901891247567,0.36515513126491644,-0.0038637812107535363,0.36901891247567,0.2840095465393795,0.28350024387019723,0.2840095465393795,0.0005093026691822544,0.28350024387019723,0.3508353221957041,0.34748084365413284,0.3508353221957041,0.003354478541571282,0.34748084365413284,2024-2025,22.0,3,0
,,46.0,2,0.017862861937218255,-0.017862861937218255,0.0,,russia,russia_2546281,1.08921744514276,,1.1198467193732993,1.1480136926565498,1.1198467193732993,1.1480136926565498,0.3736315288534839,0.3722520298181473,0.3736315288534839,0.0013794990353365733,0.3722520298181473,0.2705998042302505,0.2722092968045202,0.2705998042302505,-0.001609492574269733,0.2722092968045202,0.35576866691626563,0.35553867337733247,0.35576866691626563,0.00022999353893315977,0.35553867337733247,2024-2025,46.0,2,0
,,297.0,7,0.6635175666926522,0.6635175666926522,3.0,,russia,russia_2546282,0.7205887299882785,,1.1157747309450097,1.1191583478973508,1.1157747309450097,1.1191583478973508,0.08962382569401318,0.09607834487626273,0.08962382569401318,-0.006454519182249541,0.09607834487626273,0.15723478191932136,0.16546826062023026,0.15723478191932136,-0.008233478700908903,0.16546826062023026,0.7531413923866653,0.738453394503507,0.7531413923866653,0.014687997883158332,0.738453394503507,2024-2025,294.0,7,0
,,309.0,2,0.6416122166490542,0.6416122166490542,206.0,,russia,russia_2546282,0.7499645638374303,,1.1240171311941647,1.1237816764132553,1.1240171311941647,1.1237816764132553,0.09364906901632755,0.09366869037294015,0.09364906901632755,-1.9621356612598007e-05,0.09366869037294015,0.1710896453182907,0.1647875108412836,0.1710896453182907,0.006302134477007115,0.1647875108412836,0.7352612856653817,0.7415437987857763,0.7352612856653817,-0.006282513120394517,0.7415437987857763,2024-2025,103.0,2,0
,,177.0,10,0.3493523428670782,-0.3493523428670782,13.0,,russia,russia_2546283,0.9977906686256279,,1.1236931925859497,1.1280903665814153,1.1236931925859497,1.1280903665814153,0.5493349560984092,0.5214434158322312,0.5493349560984092,0.027891540266178017,0.5214434158322312,0.25068243067025997,0.25694313243907047,0.25068243067025997,-0.006260701768810495,0.25694313243907047,0.19998261323133099,0.22161345172869826,0.19998261323133099,-0.021630838497367272,0.22161345172869826,2024-2025,164.0,10,2
,,193.0,3,0.376720694549896,-0.376720694549896,110.0,,russia,russia_2546283,0.9825380008404933,,1.1212154859723147,1.1179980496190147,1.1212154859723147,1.1179980496190147,0.5644868451457432,0.5200325251330573,0.5644868451457432,0.0444543200126859,0.5200325251330573,0.24774700425840956,0.2670017740981667,0.24774700425840956,-0.019254769839757158,0.2670017740981667,0.18776615059584723,0.21296570076877583,0.18776615059584723,-0.025199550172928603,0.21296570076877583,2024-2025,83.0,3,2
,,687.0,24,0.3101787158932117,0.3101787158932117,39.0,,russia,russia_2546288,1.017519910201016,,1.121332701070037,1.1177047455032532,1.121332701070037,1.1177047455032532,0.21751121570934767,0.27528943482633905,0.21751121570934767,-0.05777821911699138,0.27528943482633905,0.25479885268809294,0.27959083224550063,0.25479885268809294,-0.024791979557407695,0.27959083224550063,0.5276899316025594,0.4451197329281602,0.5276899316025594,0.08257019867439919,0.4451197329281602,2024-2025,648.0,24,0
,,468.0,7,0.2728131931719549,0.2728131931719549,179.0,,russia,russia_2546288,1.0352745748780865,,1.1188296582115127,1.1225711548987412,1.1188296582115127,1.1225711548987412,0.23215353457421156,0.2783787901874143,0.23215353457421156,-0.04622525561320273,0.2783787901874143,0.26287973767962197,0.28279750114277,0.26287973767962197,-0.019917763463148053,0.28279750114277,0.5049667277461665,0.4388237086698157,0.5049667277461665,0.06614301907635078,0.4388237086698157,2024-2025,289.0,7,0
,,99.0,4,0.30360545488511104,-0.30360545488511104,40.0,,russia,russia_2546289,1.0223248251262593,,1.1228154077206407,1.1193938970463462,1.1228154077206407,1.1193938970463462,0.5208294414347094,0.5381569795437927,0.5208294414347094,-0.017327538109083274,0.5381569795437927,0.26194657201569216,0.25164523550498474,0.26194657201569216,0.010301336510707415,0.25164523550498474,0.21722398654959837,0.21019778495122254,0.21722398654959837,0.007026201598375831,0.21019778495122254,2024-2025,59.0,4,2
,,141.0,9,0.3558017851646661,-0.3558017851646661,44.0,,russia,russia_2546289,0.99367363079843,,1.12111801242236,1.1215639743481085,1.12111801242236,1.1215639743481085,0.554016620498615,0.5214105793450882,0.554016620498615,0.03260604115352683,0.5214105793450882,0.24776854416743618,0.2584382871536524,0.24776854416743618,-0.01066974298621623,0.2584382871536524,0.19821483533394893,0.22015113350125948,0.19821483533394893,-0.021936298167310547,0.22015113350125948,2024-2025,97.0,9,2
,,154.0,4,0.2785176606832658,-0.2785176606832658,5.0,,russia,russia_2546290,1.0357727260589515,,1.1194900605012965,1.1120543293718166,1.1194900605012965,1.1120543293718166,0.5018336228527311,0.4732824427480916,0.5018336228527311,0.02855118010463953,0.4732824427480916,0.2748504149778035,0.2900763358778626,0.2748504149778035,-0.015225920900059087,0.2900763358778626,0.22331596216946534,0.2366412213740458,0.22331596216946534,-0.01332525920458047,0.2366412213740458,2024-2025,149.0,4,2
,,47.0,4,0.21968430826369542,-0.21968430826369542,1.0,,russia,russia_2546290,1.0586877889960378,,1.118798304662179,1.1180030583015657,1.118798304662179,1.1180030583015657,0.467966573816156,0.44500096320554816,0.467966573816156,0.02296561061060781,0.44500096320554816,0.28375116063138345,0.2839529955692545,0.28375116063138345,-0.00020183493787107043,0.2839529955692545,0.24828226555246055,0.2710460412251975,0.24828226555246055,-0.022763775672736936,0.2710460412251975,2024-2025,46.0,4,2
,,567.0,43,0.39362926954074456,0.39362926954074456,2.0,,russia,russia_2546291,0.9761878981050429,,1.119336731771579,1.119778314900266,1.119336731771579,1.119778314900266,0.17180504029678906,0.12068025727679058,0.17180504029678906,0.05112478301999848,0.12068025727679058,0.26276064986567743,0.2178131472800611,0.26276064986567743,0.044947502585616333,0.2178131472800611,0.5654343098375336,0.6615065954431484,0.5654343098375336,-0.09607228560561476,0.6615065954431484,2024-2025,565.0,43,0
,,350.0,15,0.2821100452268441,0.2821100452268441,25.0,,russia,russia_2546291,1.0326242087096449,,1.1522278890699944,1.119499029946791,1.1522278890699944,1.119499029946791,0.22542438193359965,0.12071036376115304,0.22542438193359965,0.1047140181724466,0.12071036376115304,0.26704119090595657,0.21268016472203158,0.26704119090595657,0.05436102618392499,0.21268016472203158,0.5075344271604437,0.6666094715168154,0.5075344271604437,-0.15907504435637165,0.6666094715168154,2024-2025,325.0,15,0
,,91.0,5,0.10622437569884458,-0.10622437569884458,25.0,,russia,russia_2546292,1.0851602883842262,,1.1163119682123612,1.115360189424826,1.1163119682123612,1.115360189424826,0.41092061125605667,0.4189585786338154,0.41092061125605667,-0.008037967377758748,0.4189585786338154,0.2843831531867313,0.28017854946136406,0.2843831531867313,0.00420460372536724,0.28017854946136406,0.3046962355572121,0.3008628719048205,0.3046962355572121,0.0038333636523916192,0.3008628719048205,2024-2025,66.0,5,0
,,135.0,1,0.09922752511836302,-0.09922752511836302,135.0,,russia,russia_2546292,1.0840971617907003,,1.1511061969652443,1.1511061969652443,1.1511061969652443,1.1511061969652443,0.41172017884932743,0.41172017884932743,0.41172017884932743,0.0,0.41172017884932743,0.2757871674197082,0.2757871674197082,0.2757871674197082,0.0,0.2757871674197082,0.3124926537309644,0.3124926537309644,0.3124926537309644,0.0,0.3124926537309644,2024-2025,0.0,1,0
,,21.0,2,0.28767898579432905,-0.28767898579432905,0.0,,russia,russia_2546293,1.0283818882817355,,1.1177322731039543,1.1490960020371785,1.1177322731039543,1.1490960020371785,0.5141773727998189,0.5180055401662049,0.5141773727998189,-0.003828167366386026,0.5180055401662049,0.2593242401946913,0.2559556786703601,0.2593242401946913,0.0033685615243311817,0.2559556786703601,0.22649838700548983,0.22603878116343487,0.22649838700548983,0.00045960584205495536,0.22603878116343487,2024-2025,21.0,2,2
,,18.0,6,0.607656967840735,0.607656967840735,5.0,,russia,russia_2546294,0.7900120423858794,,1.1169266557197592,1.1201640616339652,1.1169266557197592,1.1201640616339652,0.10290964777947934,0.09599208312716476,0.10290964777947934,0.006917564652314578,0.09599208312716476,0.18652373660030627,0.18406729341909947,0.18652373660030627,0.002456443181206802,0.18406729341909947,0.7105666156202143,0.7199406234537358,0.7105666156202143,-0.009374007833521492,0.7199406234537358,2024-2025,13.0,6,0
,,12.0,1,0.1335352805491482,0.1335352805491482,12.0,,russia,russia_2546297,1.07971108582029,,1.1494770602929996,1.1494770602929996,1.1494770602929996,1.1494770602929996,0.2929160992690993,0.2929160992690993,0.2929160992690993,0.0,0.2929160992690993,0.28063252091265317,0.28063252091265317,0.28063252091265317,0.0,0.28063252091265317,0.4264513798182475,0.4264513798182475,0.4264513798182475,0.0,0.4264513798182475,2024-2025,0.0,1,2
,,711.0,48,0.5844777323481416,0.5844777323481416,3.0,,russia,russia_2546299,0.8201514642702334,,1.11381356728299,1.1196977304033264,1.11381356728299,1.1196977304033264,0.10087823838946847,0.12758545362567117,0.10087823838946847,-0.026707215236202703,0.12758545362567117,0.21376579087292127,0.22051806799498722,0.21376579087292127,-0.006752277122065942,0.22051806799498722,0.6853559707376101,0.6518964783793417,0.6853559707376101,0.033459492358268395,0.6518964783793417,2024-2025,708.0,48,0
,,762.0,15,0.554023325753686,0.554023325753686,3.0,,russia,russia_2546299,0.8482876140266127,,1.1227136845399368,1.1200552716989622,1.1227136845399368,1.1200552716989622,0.11567519988263772,0.13527470951083057,0.11567519988263772,-0.019599509628192846,0.13527470951083057,0.21462627448103866,0.21775928848084922,0.21462627448103866,-0.0031330139998105577,0.21775928848084922,0.6696985256363237,0.6469660020083202,0.6696985256363237,0.022732523628003487,0.6469660020083202,2024-2025,759.0,15,0
,,21.0,2,0.01680255093273253,0.01680255093273253,19.0,,russia,russia_2546300,1.0894738206257868,,1.1515206149299937,1.1493808049535605,1.1515206149299937,1.1493808049535605,0.35590857884787963,0.3625140291806958,0.35590857884787963,-0.006605450332816176,0.3625140291806958,0.2713802913715082,0.25589225589225584,0.2713802913715082,0.015488035479252371,0.25589225589225584,0.37271112978061216,0.38159371492704824,0.37271112978061216,-0.008882585146436084,0.38159371492704824,2024-2025,2.0,2,1
,,844.0,45,0.39467312348668276,0.39467312348668276,1.0,,russia,russia_2546301,0.9677483545452364,,1.1174242424242424,1.120092014873637,1.1174242424242424,1.120092014873637,0.1864406779661017,0.20762413841609229,0.1864406779661017,-0.021183460449990588,0.20762413841609229,0.23244552058111378,0.2479954986636658,0.23244552058111378,-0.015549978082552013,0.2479954986636658,0.5811138014527845,0.544380362920242,0.5811138014527845,0.03673343853254252,0.544380362920242,2024-2025,843.0,45,0
,,1205.0,18,0.41923774954627946,0.41923774954627946,5.0,,russia,russia_2546301,0.9528995339782382,,1.1224853577794753,1.1484384720666916,1.1224853577794753,1.1484384720666916,0.17468239564428314,0.18526543878656554,0.17468239564428314,-0.010583043142282395,0.18526543878656554,0.23139745916515425,0.24187432286023836,0.23139745916515425,-0.010476863695084104,0.24187432286023836,0.5939201451905626,0.5728602383531961,0.5939201451905626,0.02105990683736647,0.5728602383531961,2024-2025,1200.0,18,0
,,93.0,14,0.5163361795215582,0.5163361795215582,2.0,,russia,russia_2546302,0.8814849680854765,,1.1186100849357457,1.1191319229293915,1.1186100849357457,1.1191319229293915,0.13146566932467715,0.1489249508944461,0.13146566932467715,-0.017459281569768947,0.1489249508944461,0.22073248182908758,0.2262151152827029,0.22073248182908758,-0.0054826334536153265,0.2262151152827029,0.6478018488462354,0.6248599338228509,0.6478018488462354,0.022941915023384496,0.6248599338228509,2024-2025,91.0,14,0
,,277.0,4,0.49660548151873274,0.49660548151873274,42.0,,russia,russia_2546302,0.898116558362901,,1.1237002712477395,1.120022794509918,1.1237002712477395,1.120022794509918,0.13904953482524518,0.15393775372124496,0.13904953482524518,-0.014888218895999783,0.15393775372124496,0.22529544883077696,0.22603518267929634,0.22529544883077696,-0.0007397338485193861,0.22603518267929634,0.6356550163439779,0.6200270635994588,0.6356550163439779,0.015627952744519114,0.6200270635994588,2024-2025,235.0,4,0
,,19.0,6,0.26139925483470344,0.26139925483470344,3.0,,russia,russia_2546303,1.042445717859912,,1.1199187552778713,1.121440838832143,1.1199187552778713,1.121440838832143,0.23192777022098682,0.2410027001974771,0.23192777022098682,-0.009074929976490287,0.2410027001974771,0.27474520472332287,0.27437230484020475,0.27474520472332287,0.0003728998831181163,0.27437230484020475,0.49332702505569026,0.48462499496231815,0.49332702505569026,0.008702030093372115,0.48462499496231815,2024-2025,16.0,6,2
,,44.0,5,0.23555969469358004,0.23555969469358004,0.0,,russia,russia_2546303,1.0517065089204451,,1.1192993190341842,1.122354852477524,1.1192993190341842,1.122354852477524,0.24477152632964186,0.25098135426889107,0.24477152632964186,-0.006209827939249207,0.25098135426889107,0.27489725264713627,0.26999509322865556,0.27489725264713627,0.004902159418480712,0.26999509322865556,0.4803312210232219,0.4790235525024534,0.4803312210232219,0.0013076685207685235,0.4790235525024534,2024-2025,44.0,5,2
,,19.0,4,0.13524590163934425,-0.13524590163934425,3.0,,russia,russia_2546304,1.080996983161517,,1.11909493961168,1.122704870506378,1.11909493961168,1.122704870506378,0.42349726775956287,0.4475909707129177,0.42349726775956287,-0.024093702953354834,0.4475909707129177,0.2882513661202186,0.27834563491209574,0.2882513661202186,0.009905731208122881,0.27834563491209574,0.2882513661202186,0.27406339437498656,0.2882513661202186,0.014187971745232064,0.27406339437498656,2024-2025,16.0,4,0
,,44.0,5,0.09334819473747058,-0.09334819473747058,8.0,,russia,russia_2546304,1.0822294019350234,,1.1198933647176306,1.1204690312849706,1.1198933647176306,1.1204690312849706,0.4133991481230842,0.437491858091971,0.4133991481230842,-0.024092709968886794,0.437491858091971,0.26654989849130206,0.2746102740023449,0.26654989849130206,-0.008060375511042828,0.2746102740023449,0.3200509533856136,0.2878978679056841,0.3200509533856136,0.03215308547992951,0.2878978679056841,2024-2025,36.0,5,0
,,93.0,19,0.27329192546583847,-0.27329192546583847,5.0,,russia,russia_2546305,1.0387421004006439,,1.1180555555555556,1.1196581196581197,1.1180555555555556,1.1196581196581197,0.4968944099378882,0.6870229007633587,0.4968944099378882,-0.1901284908254705,0.6870229007633587,0.2795031055900621,0.1984732824427481,0.2795031055900621,0.081029823147314,0.1984732824427481,0.2236024844720497,0.11450381679389314,0.2236024844720497,0.10909866767815656,0.11450381679389314,2024-2025,88.0,19,2
,,258.0,8,0.3089342185563959,-0.3089342185563959,7.0,,russia,russia_2546305,1.0227528313121295,,1.1182851293081164,1.1234805984104723,1.1182851293081164,1.1234805984104723,0.516893828713036,0.717815344603381,0.516893828713036,-0.20092151589034501,0.717815344603381,0.2751465611303238,0.18543563068920674,0.2751465611303238,0.08971093044111708,0.18543563068920674,0.20795961015664008,0.09674902470741222,0.20795961015664008,0.11121058544922786,0.09674902470741222,2024-2025,251.0,8,2
,,25.0,3,0.04446420631391729,0.04446420631391729,0.0,,russia,russia_2546306,1.088135520388668,,1.119072498382843,1.119072498382843,1.119072498382843,1.119072498382843,0.34237438861716324,0.34237438861716324,0.34237438861716324,0.0,0.34237438861716324,0.2707870164517564,0.2707870164517564,0.2707870164517564,0.0,0.2707870164517564,0.3868385949310805,0.3868385949310805,0.3868385949310805,0.0,0.3868385949310805,2024-2025,25.0,3,2
,,213.0,17,0.0,0.0,3.0,,russia,russia_2546307,1.0935564789399475,,1.1257934965669127,1.1197916666666667,1.1257934965669127,1.1197916666666667,0.35673187571921744,0.34883720930232553,0.35673187571921744,0.007894666416891905,0.34883720930232553,0.286536248561565,0.27906976744186046,0.286536248561565,0.007466481119704549,0.27906976744186046,0.35673187571921744,0.37209302325581395,0.35673187571921744,-0.015361147536596509,0.37209302325581395,2024-2025,210.0,17,0
,,376.0,7,0.03725589202614732,-0.03725589202614732,3.0,,russia,russia_2546307,1.0919089751676787,,1.119629382612489,1.118951612903226,1.119629382612489,1.118951612903226,0.3768576770337213,0.36036036036036034,0.3768576770337213,0.016497316673360962,0.36036036036036034,0.2835405379587046,0.27927927927927926,0.2835405379587046,0.004261258679425339,0.27927927927927926,0.339601785007574,0.36036036036036034,0.339601785007574,-0.020758575352786357,0.36036036036036034,2024-2025,373.0,7,0
,,17356.0,47,0.12936083032142098,0.12936083032142098,0.0,,epl,epl_2590978,1.0793158412972759,,1.0507855657373106,1.037706497901822,1.0507855657373106,1.037706497901822,0.29739654805852456,0.3108592321755027,0.29739654805852456,-0.013462684116978152,0.3108592321755027,0.27584607356153,0.2470932358318099,0.27584607356153,0.02875283772972012,0.2470932358318099,0.42675737837994554,0.4420475319926873,0.42675737837994554,-0.015290153612741775,0.4420475319926873,2024-2025,17356.0,47,1
,,15793.0,78,0.29903880384478454,0.29903880384478454,0.0,,epl,epl_2590979,1.0164690169094637,,1.0525616569014853,1.0412446557024868,1.0525616569014853,1.0412446557024868,0.23172270947279847,0.24945170985297704,0.23172270947279847,-0.017729000380178578,0.24945170985297704,0.23751577720961842,0.23141905612866545,0.23751577720961842,0.006096721080952966,0.23141905612866545,0.530761513317583,0.5191292340183576,0.530761513317583,0.01163227929922539,0.5191292340183576,2024-2025,15793.0,78,1
,,15791.0,65,0.3696837355931224,0.3696837355931224,0.0,,epl,epl_2590980,0.9802646609779143,,1.0502925664207412,1.039891818796484,1.0502925664207412,1.039891818796484,0.20044540209107606,0.2210663198959688,0.20044540209107606,-0.020620917804892752,0.2210663198959688,0.2294254602247256,0.22626788036410925,0.2294254602247256,0.0031575798606163497,0.22626788036410925,0.5701291376841985,0.5526657997399219,0.5701291376841985,0.01746333794427657,0.5526657997399219,2024-2025,15791.0,65,0
,,17208.0,54,0.21659388646288213,-0.21659388646288213,0.0,,epl,epl_2590983,1.0459132840491245,,1.0485347985347986,1.0409688995215312,1.0485347985347986,1.0409688995215312,0.48908296943231444,0.4596380350474002,0.48908296943231444,0.029444934384914245,0.4596380350474002,0.23842794759825325,0.24016087331226657,0.23842794759825325,-0.001732925714013317,0.24016087331226657,0.2724890829694323,0.3002010916403332,0.2724890829694323,-0.0277120086709009,0.3002010916403332,2024-2025,17208.0,54,0
,,15782.0,20,0.8022813688212929,0.8022813688212929,0.0,,epl,epl_2590986,0.5081134046532061,,1.0436507936507935,1.0387739182306246,1.0436507936507935,1.0387739182306246,0.0532319391634981,0.05203639897517449,0.0532319391634981,0.0011955401883236155,0.05203639897517449,0.09125475285171103,0.10351326677857288,0.09125475285171103,-0.01225851392686185,0.10351326677857288,0.855513307984791,0.8444503342462526,0.855513307984791,0.011062973738538373,0.8444503342462526,2024-2025,15782.0,20,0
,,17207.0,31,0.1580396785252628,-0.1580396785252628,0.0,,epl,epl_2590987,1.0679449011830653,,1.0518962272516774,1.0406749189404723,1.0518962272516774,1.0406749189404723,0.45055171509395087,0.41598046135403716,0.45055171509395087,0.03457125373991371,0.41598046135403716,0.2569362483373611,0.24326958626020906,0.2569362483373611,0.013666662077152059,0.24326958626020906,0.29251203656868807,0.3407499523857539,0.29251203656868807,-0.048237915817065824,0.3407499523857539,2024-2025,17207.0,31,0
,,13164.0,38,0.09274185678877422,0.09274185678877422,0.0,,epl,epl_2590990,1.0813949291723002,,1.053442051332659,1.0395021645021645,1.053442051332659,1.0395021645021645,0.3217861394640801,0.3206663196251952,0.3217861394640801,0.0011198198388848724,0.3206663196251952,0.2636858642830656,0.24986985944820403,0.2636858642830656,0.01381600483486159,0.24986985944820403,0.4145279962528543,0.4294638209266007,0.4145279962528543,-0.014935824673746378,0.4294638209266007,2024-2025,13164.0,38,1
,,13158.0,29,0.568209750102417,0.568209750102417,0.0,,epl,epl_2590991,0.8159582780139423,,1.0496216030271757,1.043905865823674,1.0496216030271757,1.043905865823674,0.13232281851700126,0.15965679676985195,0.13232281851700126,-0.027333978252850694,0.15965679676985195,0.1671446128635805,0.1842193808882907,0.1671446128635805,-0.017074768024710196,0.1842193808882907,0.7005325686194183,0.6561238223418574,0.7005325686194183,0.04440874627756086,0.6561238223418574,2024-2025,13158.0,29,0
,,14675.0,32,0.017330684288797915,-0.017330684288797915,0.0,,epl,epl_2590992,1.08494694241361,,1.0489047816543917,1.040963855421687,1.0489047816543917,1.040963855421687,0.3798308306628206,0.38425925925925924,0.3798308306628206,-0.0044284285964386605,0.38425925925925924,0.25766902296315664,0.23148148148148143,0.25766902296315664,0.02618754148167521,0.23148148148148143,0.36250014637402267,0.38425925925925924,0.36250014637402267,-0.021759112885236576,0.38425925925925924,2024-2025,14675.0,32,1
,,13021.0,61,0.24209934263718494,-0.24209934263718494,0.0,,epl,epl_2590993,1.048022622350881,,1.0483044788879798,1.0416627848478637,1.0483044788879798,1.0416627848478637,0.48669455478609347,0.4682944280475808,0.48669455478609347,0.018400126738512657,0.4682944280475808,0.2687102330649981,0.24935157857078974,0.2687102330649981,0.019358654494208344,0.24935157857078974,0.24459521214890853,0.2823539933816296,0.24459521214890853,-0.037758781232721056,0.2823539933816296,2024-2025,13021.0,61,0
,,13156.0,48,0.19977904621616643,0.19977904621616643,0.0,,epl,epl_2590994,1.062025042577554,,1.0512969415408442,1.0392794868601318,1.0512969415408442,1.0392794868601318,0.2642238998342846,0.3103887349262228,0.2642238998342846,-0.046164835091938194,0.3103887349262228,0.27177315411526415,0.2600554265598083,0.27177315411526415,0.011717727555455859,0.2600554265598083,0.46400294605045106,0.42955583851396906,0.46400294605045106,0.034447107536482,0.42955583851396906,2024-2025,13156.0,48,0
,,13150.0,24,0.00543085444112118,-0.00543085444112118,0.0,,epl,epl_2590995,1.0921018609373965,,1.0488776191469453,1.0407523761561028,1.0488776191469453,1.0407523761561028,0.3625095339448369,0.34813164868082497,0.3625095339448369,0.014377885264011958,0.34813164868082497,0.2804117865514474,0.25968739198893964,0.2804117865514474,0.020724394562507742,0.25968739198893964,0.35707867950371575,0.3921809593302354,0.35707867950371575,-0.035102279826519645,0.3921809593302354,2024-2025,13150.0,24,0
,,14527.0,53,0.18705035971223022,0.18705035971223022,0.0,,epl,epl_2590996,1.053487309629286,,1.053030303030303,1.0393028024606972,1.053030303030303,1.0393028024606972,0.2877697841726619,0.2749095692206511,0.2877697841726619,0.01286021495201084,0.2749095692206511,0.23741007194244607,0.21867806642551793,0.23741007194244607,0.018732005516928135,0.21867806642551793,0.47482014388489213,0.506412364353831,0.47482014388489213,-0.031592220468938836,0.506412364353831,2024-2025,14527.0,53,0
,,13298.0,52,0.08100608487106814,0.08100608487106814,0.0,,epl,epl_2590997,1.0884432676999323,,1.0502508378609046,1.0395010395010393,1.0502508378609046,1.0395010395010393,0.3173844964620538,0.37000000000000005,0.3173844964620538,-0.05261550353794625,0.37000000000000005,0.2842249222048243,0.26,0.2842249222048243,0.024224922204824306,0.26,0.39839058133312194,0.37000000000000005,0.39839058133312194,0.02839058133312189,0.37000000000000005,2024-2025,13298.0,52,1
,,8644.0,28,0.00996323093345991,0.00996323093345991,0.0,,epl,epl_2590998,1.0873360718751623,,1.051614029835853,1.0393409594205782,1.051614029835853,1.0393409594205782,0.36294626971889454,0.34240148326242364,0.36294626971889454,0.020544786456470898,0.34240148326242364,0.26414422962875106,0.24990861505647022,0.26414422962875106,0.014235614572280841,0.24990861505647022,0.37290950065235445,0.40768990168110614,0.37290950065235445,-0.034780401028751684,0.40768990168110614,2024-2025,8644.0,28,0
,,8794.0,63,0.2751041184636742,-0.2751041184636742,0.0,,epl,epl_2590999,1.0234625213681583,,1.0530932482151993,1.0407103445078127,1.0530932482151993,1.0407103445078127,0.521749190189727,0.5279572287814658,0.521749190189727,-0.006208038591738796,0.5279572287814658,0.2316057380842203,0.22878146580530187,0.2316057380842203,0.0028242722789184327,0.22878146580530187,0.24664507172605274,0.24326130541323235,0.24664507172605274,0.003383766312820391,0.24326130541323235,2024-2025,8794.0,63,0
,,10171.0,40,0.062218214607754785,-0.062218214607754785,0.0,,epl,epl_2591000,1.0877859001272552,,1.057398932112891,1.0408353917284185,1.057398932112891,1.0408353917284185,0.39404869251578,0.40031946451661976,0.39404869251578,-0.006270772000839753,0.40031946451661976,0.27412082957619477,0.2528333460104967,0.27412082957619477,0.021287483565698095,0.2528333460104967,0.3318304779080252,0.34684718947288357,0.3318304779080252,-0.015016711564858343,0.34684718947288357,2024-2025,10171.0,40,1
,,8644.0,43,0.12475154916403602,-0.12475154916403602,0.0,,epl,epl_2591001,1.083039461078334,,1.049319101950681,1.0409880663651836,1.049319101950681,1.0409880663651836,0.41798199462177016,0.327858636765502,0.41798199462177016,0.09012335785626818,0.327858636765502,0.28878755992049576,0.2784422625283829,0.28878755992049576,0.010345297392112873,0.2784422625283829,0.29323044545773413,0.39369910070611513,0.29323044545773413,-0.100468655248381,0.39369910070611513,2024-2025,8644.0,43,2
,,8744.0,50,0.49587155963302765,0.49587155963302765,0.0,,epl,epl_2591002,0.8904892307241035,,1.0517682250205045,1.0406324650210443,1.0517682250205045,1.0406324650210443,0.15091743119266057,0.1628735707570888,0.15091743119266057,-0.011956139564428231,0.1628735707570888,0.2022935779816514,0.1921908134933648,0.2022935779816514,0.010102764488286592,0.1921908134933648,0.6467889908256882,0.6449356157495464,0.6467889908256882,0.0018533750761418055,0.6449356157495464,2024-2025,8744.0,50,0
,,10024.0,10,0.6007973278741515,0.6007973278741515,0.0,,epl,epl_2591003,0.7890477472819581,,1.0509330555303922,1.0423280423280423,1.0509330555303922,1.0423280423280423,0.11464281866178212,0.13705583756345177,0.11464281866178212,-0.02241301890166965,0.13705583756345177,0.16991703480228426,0.17766497461928932,0.16991703480228426,-0.007747939817005056,0.17766497461928932,0.7154401465359337,0.6852791878172589,0.7154401465359337,0.030160958718674746,0.6852791878172589,2024-2025,10024.0,10,0
,,9823.0,15,0.6761623219564633,0.6761623219564633,20.0,,epl,epl_2591005,0.6980110893656137,,1.042296918767507,1.0397480896515878,1.042296918767507,1.0397480896515878,0.0913732867508734,0.0991516931179939,0.0913732867508734,-0.007778406367120502,0.0991516931179939,0.14109110454178983,0.14354797361858818,0.14109110454178983,-0.002456869076798346,0.14354797361858818,0.7675356087073367,0.7573003332634178,0.7675356087073367,0.01023527544391889,0.7573003332634178,2024-2025,9803.0,15,2
,,8644.0,85,0.24525151325401795,0.24525151325401795,0.0,,epl,epl_2591007,1.0426389719329399,,1.0506578947368421,1.0418022473860038,1.0506578947368421,1.0418022473860038,0.25046963055729493,0.2666319625195211,0.25046963055729493,-0.016162331962226162,0.2666319625195211,0.2538092256313922,0.24612181155648102,0.2538092256313922,0.007687414074911164,0.24612181155648102,0.4957211438113129,0.48724622592399786,0.4957211438113129,0.008474917887315025,0.48724622592399786,2024-2025,8644.0,85,0
,,18852.0,30,0.06316700317277191,0.06316700317277191,16.0,,epl,epl_2591008,1.0843278892206891,,1.0415164623888489,1.0414233653670273,1.0415164623888489,1.0414233653670273,0.33689068358811647,0.3381071404445045,0.33689068358811647,-0.0012164568563880485,0.3381071404445045,0.26305162965099504,0.24621135355445972,0.26305162965099504,0.016840276096535323,0.24621135355445972,0.4000576867608884,0.4156815060010358,0.4000576867608884,-0.01562381924014744,0.4156815060010358,2024-2025,18836.0,30,2
,,18862.0,30,0.5505892817433845,0.5505892817433845,0.0,,epl,epl_2591009,0.8460869987910694,,1.0491321388577828,1.0409479674074513,1.0491321388577828,1.0409479674074513,0.12541694462975317,0.11042101270623934,0.12541694462975317,0.014995931923513825,0.11042101270623934,0.19857682899710918,0.1883652569694671,0.19857682899710918,0.010211572027642085,0.1883652569694671,0.6760062263731377,0.7012137303242936,0.6760062263731377,-0.025207503951155896,0.7012137303242936,2024-2025,18862.0,30,0
,,18862.0,47,0.3397093758677074,0.3397093758677074,0.0,,epl,epl_2591010,1.0014700731542747,,1.0518442077662467,1.0396938680777978,1.0518442077662467,1.0396938680777978,0.20667633356986398,0.20037949605156682,0.20667633356986398,0.006296837518297155,0.20037949605156682,0.2469379569925647,0.2236794374529118,0.2469379569925647,0.02325851953965291,0.2236794374529118,0.5463857094375714,0.5759410664955215,0.5463857094375714,-0.029555357057950093,0.5759410664955215,2024-2025,18862.0,47,1
,,18850.0,38,0.457950231969633,0.457950231969633,0.0,,epl,epl_2591012,0.9217506217585437,,1.050727665468874,1.042664048931511,1.050727665468874,1.042664048931511,0.16408989576429475,0.20191193511008107,0.16408989576429475,-0.03782203934578632,0.20191193511008107,0.2138699765017774,0.23392236384704518,0.2138699765017774,-0.02005238734526779,0.23392236384704518,0.6220401277339278,0.5641657010428737,0.6220401277339278,0.05787442669105414,0.5641657010428737,2024-2025,18850.0,38,2
,,20366.0,49,0.4000968523002421,-0.4000968523002421,0.0,,epl,epl_2591013,0.965346926205547,,1.0527182050699433,1.04017691615022,1.0527182050699433,1.04017691615022,0.5827741265997924,0.5722469764481222,0.5827741265997924,0.010527150151670273,0.5722469764481222,0.23454859910065723,0.22100572883513686,0.23454859910065723,0.013542870265520368,0.22100572883513686,0.18267727429955033,0.2067472947167409,0.18267727429955033,-0.024070020417190557,0.2067472947167409,2024-2025,20366.0,49,1
,,18714.0,71,0.5315222861428248,-0.5315222861428248,0.0,,epl,epl_2591014,0.862454517823767,,1.0506720855127083,1.0383832413974257,1.0506720855127083,1.0383832413974257,0.665574644023643,0.5944664031620553,0.665574644023643,0.07110824086158762,0.5944664031620553,0.2003729980955388,0.204901185770751,0.2003729980955388,-0.0045281876752122086,0.204901185770751,0.1340523578808182,0.2006324110671937,0.1340523578808182,-0.0665800531863755,0.2006324110671937,2024-2025,18714.0,71,2
,,18997.0,60,0.5320710973724885,0.5320710973724885,0.0,,epl,epl_2591015,0.8499974214355797,,1.0533170533170533,1.0391980172734334,1.0533170533170533,1.0391980172734334,0.14605873261205565,0.19840835296364678,0.14605873261205565,-0.05234962035159113,0.19840835296364678,0.1758114374034003,0.19638377793340547,0.1758114374034003,-0.020572340530005173,0.19638377793340547,0.6781298299845441,0.6052078691029477,0.6781298299845441,0.07292196088159641,0.6052078691029477,2024-2025,18997.0,60,2
,,22014.0,25,0.48047830419422055,0.48047830419422055,0.0,,epl,epl_2591016,0.89932037345594,,1.0535005344327377,1.0406984320027797,1.0535005344327377,1.0406984320027797,0.16088413805598334,0.18478714524207013,0.16088413805598334,-0.02390300718608679,0.18478714524207013,0.19775341969381288,0.2183848080133556,0.19775341969381288,-0.020631388319542726,0.2183848080133556,0.6413624422502039,0.5968280467445743,0.6413624422502039,0.04453439550562954,0.5968280467445743,2024-2025,22014.0,25,2
,,20221.0,42,0.6193941834709318,-0.6193941834709318,0.0,,epl,epl_2591017,0.7714078313707089,,1.0530413183084937,1.0391643775307096,1.0530413183084937,1.0391643775307096,0.7249086672611685,0.7181430318942625,0.7249086672611685,0.006765635366905998,0.7181430318942625,0.16957684894859482,0.16591580392039862,0.16957684894859482,0.003661045028196197,0.16591580392039862,0.10551448379023676,0.11594116418533877,0.10551448379023676,-0.010426680395102014,0.11594116418533877,2024-2025,20221.0,42,2
,,20316.0,25,0.39478908188585604,0.39478908188585604,0.0,,epl,epl_2591018,0.9633388331727364,,1.0518622921723697,1.0422350370437414,1.0518622921723697,1.0422350370437414,0.19205955334987593,0.24290543683900376,0.19205955334987593,-0.05084588348912783,0.24290543683900376,0.22109181141439205,0.21806283534410567,0.22109181141439205,0.0030289760702863766,0.21806283534410567,0.5868486352357319,0.5390317278168905,0.5868486352357319,0.04781690741884148,0.5390317278168905,2024-2025,20316.0,25,0
,,21652.0,35,0.334310581768209,0.334310581768209,0.0,,epl,epl_2591020,0.998947847575714,,1.0492098483780423,1.0391431183872513,1.0492098483780423,1.0391431183872513,0.2166132233928844,0.27495181429648874,0.2166132233928844,-0.058338590903604326,0.27495181429648874,0.23246297144602232,0.226430905891226,0.23246297144602232,0.006032065554796323,0.226430905891226,0.5509238051610934,0.4986172798122853,0.5509238051610934,0.052306525348808086,0.4986172798122853,2024-2025,21652.0,35,0
,,21798.0,60,0.19177884961485858,0.19177884961485858,1.0,,epl,epl_2591022,1.0606960336896964,,1.0414214491884395,1.040976380079607,1.0414214491884395,1.040976380079607,0.2743502987545893,0.3278623173962361,0.2743502987545893,-0.05351201864164684,0.3278623173962361,0.2595205528759628,0.2314786963785474,0.2595205528759628,0.02804185649741542,0.2314786963785474,0.46612914836944785,0.44065898622521643,0.46612914836944785,0.025470162144231423,0.44065898622521643,2024-2025,21797.0,60,0
,,21651.0,44,0.4328786791098348,0.4328786791098348,0.0,,epl,epl_2591023,0.9428744266973419,,1.0495780590717299,1.0379125780553078,1.0495780590717299,1.0379125780553078,0.17013639626704954,0.1633003867640739,0.17013639626704954,0.006836009502975637,0.1633003867640739,0.22684852835606606,0.202836269875376,0.22684852835606606,0.024012258480690052,0.202836269875376,0.6030150753768844,0.6338633433605501,0.6030150753768844,-0.03084826798366569,0.6338633433605501,2024-2025,21651.0,44,0
,,20307.0,43,0.3586927404232521,0.3586927404232521,0.0,,epl,epl_2591024,0.9911479414116247,,1.0495389113810165,1.042139424039116,1.0495389113810165,1.042139424039116,0.19849986605946962,0.21089329768218276,0.19849986605946962,-0.012393431622713141,0.21089329768218276,0.2443075274578088,0.23122036251901965,0.2443075274578088,0.013087164938789142,0.23122036251901965,0.5571926064827217,0.5578863397987974,0.5571926064827217,-0.0006937333160756953,0.5578863397987974,2024-2025,20307.0,43,0
,,15546.0,78,0.12787751955061133,0.12787751955061133,0.0,,epl,epl_2591028,1.065100737908783,,1.047536633206415,1.0412047199987475,1.047536633206415,1.0412047199987475,0.31820685097477697,0.4230951184717674,0.31820685097477697,-0.10488826749699043,0.4230951184717674,0.2357087784998348,0.23142793227250888,0.2357087784998348,0.004280846227325913,0.23142793227250888,0.4460843705253883,0.34547694925572375,0.4460843705253883,0.10060742126966454,0.34547694925572375,2024-2025,15546.0,78,0
,,14115.0,51,0.4844587352625938,0.4844587352625938,0.0,,epl,epl_2591029,0.8968070901439493,,1.0506756756756757,1.0424400257066944,1.0506756756756757,1.0424400257066944,0.15862808145766344,0.16259115272250463,0.15862808145766344,-0.003963071264841189,0.16259115272250463,0.1982851018220793,0.20629845184145748,0.1982851018220793,-0.008013350019378168,0.20629845184145748,0.6430868167202572,0.6311103954360379,0.6430868167202572,0.011976421284219385,0.6311103954360379,2024-2025,14115.0,51,0
,,14112.0,36,0.3789004457652303,0.3789004457652303,0.0,,epl,epl_2591030,0.9732884278787816,,1.049688057040998,1.041165463779738,1.049688057040998,1.041165463779738,0.19847166206750164,0.22079589216944803,0.19847166206750164,-0.022324230101946396,0.22079589216944803,0.2241562300997665,0.22079589216944803,0.2241562300997665,0.00336033793031848,0.22079589216944803,0.577372107832732,0.558408215661104,0.577372107832732,0.018963892171627972,0.558408215661104,2024-2025,14112.0,36,0
,,14083.0,42,0.19106810569408267,0.19106810569408267,0.0,,epl,epl_2591031,1.0663641142123237,,1.0503643243581324,1.0422965747250252,1.0503643243581324,1.0422965747250252,0.26445850390770376,0.2780927036436214,0.26445850390770376,-0.013634199735917618,0.2780927036436214,0.2800148864905099,0.2628547472795873,0.2800148864905099,0.017160139210922576,0.2628547472795873,0.4555266096017864,0.4590525490767913,0.4555266096017864,-0.0035259394750049022,0.4590525490767913,2024-2025,14083.0,42,0
,,15507.0,46,0.014199166982203693,0.014199166982203693,0.0,,epl,epl_2591032,1.087378477259067,,1.0502664439672313,1.039755173983362,1.0502664439672313,1.039755173983362,0.36065884134797427,0.32273988934632364,0.36065884134797427,0.03791895200165063,0.32273988934632364,0.2644831503218478,0.24980905720832322,0.2644831503218478,0.014674093113524606,0.24980905720832322,0.37485800833017796,0.42745105344535306,0.37485800833017796,-0.0525930451151751,0.42745105344535306,2024-2025,15507.0,46,0
,,12654.0,30,0.12013721057145083,-0.12013721057145083,0.0,,epl,epl_2591033,1.082944804495894,,1.0496039539146373,1.0391408869231735,1.0496039539146373,1.0391408869231735,0.41786855850939425,0.367302830748104,0.41786855850939425,0.05056572776129026,0.367302830748104,0.2844000935526623,0.27495240473143784,0.2844000935526623,0.009447688821224487,0.27495240473143784,0.2977313479379434,0.3577447645204582,0.2977313479379434,-0.0600134165825148,0.3577447645204582,2024-2025,12654.0,30,2
,,14077.0,43,0.6193168804397619,0.6193168804397619,0.0,,epl,epl_2591035,0.7701418594911192,,1.05115692567898,1.0429044639570955,1.05115692567898,1.0429044639570955,0.10689131928538709,0.10536929669775649,0.10689131928538709,0.0015220225876305948,0.10536929669775649,0.16690048098946406,0.16822115788589195,0.16690048098946406,-0.001320676896427897,0.16822115788589195,0.7262081997251489,0.7264095454163516,0.7262081997251489,-0.0002013456912026701,0.7264095454163516,2024-2025,14077.0,43,0
,,8248.0,28,0.6064837008628955,0.6064837008628955,0.0,,epl,epl_2591038,0.7806978536962147,,1.0504714783900493,1.0443690296631472,1.0504714783900493,1.0443690296631472,0.11469319271332692,0.14731014562522568,0.11469319271332692,-0.032616952911898756,0.14731014562522568,0.16412991371045063,0.18774822481646414,0.16412991371045063,-0.023618311106013506,0.18774822481646414,0.7211768935762224,0.6649416295583104,0.7211768935762224,0.05623526401791201,0.6649416295583104,2024-2025,8248.0,28,0
,,8250.0,58,0.09386098427194323,-0.09386098427194323,0.0,,epl,epl_2591039,1.0791908222433018,,1.049002815920109,1.0411505226901927,1.049002815920109,1.0411505226901927,0.41810802084774695,0.38885664538595477,0.41810802084774695,0.029251375461792184,0.38885664538595477,0.25764494257644943,0.2527568195008706,0.25764494257644943,0.004888123075578843,0.2527568195008706,0.3242470365758037,0.3583865351131747,0.3242470365758037,-0.03413949853737097,0.3583865351131747,2024-2025,8250.0,58,0
,,9610.0,30,0.4150928275677841,-0.4150928275677841,0.0,,epl,epl_2591042,0.9557006939585782,,1.0502056366319357,1.0400702426564497,1.0502056366319357,1.0400702426564497,0.5914251369039668,0.6009209516500383,0.5914251369039668,-0.00949581474607153,0.6009209516500383,0.23224255375985042,0.2210283960092095,0.23224255375985042,0.011214157750640913,0.2210283960092095,0.1763323093361827,0.1780506523407521,0.1763323093361827,-0.0017183430045693837,0.1780506523407521,2024-2025,9610.0,30,1
,,9607.0,34,0.3757264957264957,-0.3757264957264957,0.0,,epl,epl_2591044,0.9761328439015862,,1.0488382099827884,1.0387700534759359,1.0488382099827884,1.0387700534759359,0.5743589743589743,0.546975546975547,0.5743589743589743,0.02738342738342736,0.546975546975547,0.22700854700854697,0.2265122265122265,0.22700854700854697,0.0004963204963204793,0.2265122265122265,0.19863247863247863,0.2265122265122265,0.19863247863247863,-0.027879747879747868,0.2265122265122265,2024-2025,9607.0,34,1
,,8385.0,46,0.36679939464288347,0.36679939464288347,0.0,,epl,epl_2591045,0.9858345711501206,,1.0510661003036954,1.0403515513024597,1.0510661003036954,1.0403515513024597,0.1961680306792636,0.20671258976989593,0.1961680306792636,-0.010544559090632316,0.20671258976989593,0.24086454399858945,0.23444232742195517,0.24086454399858945,0.0064222165766342765,0.23444232742195517,0.562967425322147,0.5588450828081489,0.562967425322147,0.004122342513998123,0.5588450828081489,2024-2025,8385.0,46,2
,,9753.0,58,0.08130081300813008,-0.08130081300813008,0.0,,epl,epl_2591046,1.0726804792577702,,1.049620733249052,1.040375202500425,1.049620733249052,1.040375202500425,0.4215597711532671,0.3599968879552755,0.4215597711532671,0.06156288319799158,0.3599968879552755,0.2381812707015959,0.2344369977659965,0.2381812707015959,0.0037442729355993964,0.2344369977659965,0.340258958145137,0.405566114278728,0.340258958145137,-0.065307156133591,0.405566114278728,2024-2025,9753.0,58,2
,,15676.0,44,0.3204633204633205,0.3204633204633205,3.0,,epl,epl_2591048,1.0027398831265837,,1.0387700534759359,1.039891818796484,1.0387700534759359,1.039891818796484,0.2265122265122265,0.22626788036410925,0.2265122265122265,0.0002443461481172471,0.22626788036410925,0.2265122265122265,0.2210663198959688,0.2265122265122265,0.005445906616257684,0.2210663198959688,0.546975546975547,0.5526657997399219,0.546975546975547,-0.005690252764374959,0.5526657997399219,2024-2025,15673.0,44,1
,,13883.0,43,0.2418272164588964,0.2418272164588964,0.0,,epl,epl_2591050,1.0462589232279003,,1.0465333753004986,1.0406186777494792,1.0465333753004986,1.0406186777494792,0.2481910905762357,0.23727575290202133,0.2481910905762357,0.010915337674214376,0.23727575290202133,0.26179060238863217,0.2432827339881484,0.26179060238863217,0.018507868400483768,0.2432827339881484,0.4900183070351321,0.5194415131098303,0.4900183070351321,-0.029423206074698227,0.5194415131098303,2024-2025,13883.0,43,2
,,14030.0,42,0.4590786425620329,0.4590786425620329,0.0,,epl,epl_2591053,0.9157515147229919,,1.053589041647376,1.038641863278887,1.053589041647376,1.038641863278887,0.16948869199722974,0.16599927193301783,0.16948869199722974,0.0034894200642119066,0.16599927193301783,0.20194397344350776,0.20058245358572988,0.20194397344350776,0.001361519857777882,0.20058245358572988,0.6285673345592626,0.6334182744812522,0.6285673345592626,-0.004850939921989594,0.6334182744812522,2024-2025,14030.0,42,2
,,9923.0,40,0.2816739919740111,-0.2816739919740111,0.0,,epl,epl_2591056,1.0138121229686097,,1.0490898398866642,1.0403796479846217,1.0490898398866642,1.0403796479846217,0.5325179947767374,0.5369763037553699,0.5325179947767374,-0.004458308978632419,0.5369763037553699,0.21663800242053638,0.2067070072520671,0.21663800242053638,0.009930995168469292,0.2067070072520671,0.25084400280272634,0.2563166889925632,0.25084400280272634,-0.005472686189836873,0.2563166889925632,2024-2025,9923.0,40,2
,,18134.0,75,0.12599318955732125,-0.12599318955732125,0.0,,epl,epl_2591058,1.0745347901537794,,1.047396369977015,1.0402268760907503,1.047396369977015,1.0402268760907503,0.43397654180855094,0.5033134804127172,0.43397654180855094,-0.06933693860416623,0.5033134804127172,0.2580401059402194,0.24033218689707242,0.2580401059402194,0.017707919043147002,0.24033218689707242,0.3079833522512297,0.2563543326902106,0.3079833522512297,0.05162901956101912,0.2563543326902106,2024-2025,18134.0,75,0
,,18282.0,28,0.039252078109266064,0.039252078109266064,0.0,,epl,epl_2591059,1.0876611941809997,,1.0501848040765758,1.0449986865081204,1.0501848040765758,1.0449986865081204,0.34625940332102595,0.2899815157116451,0.34625940332102595,0.05627788760938085,0.2899815157116451,0.26822911524868204,0.2586321626617375,0.26822911524868204,0.00959695258694454,0.2586321626617375,0.385511481430292,0.45138632162661735,0.385511481430292,-0.06587484019632533,0.45138632162661735,2024-2025,18282.0,28,2
,,18425.0,45,0.5034411562284927,-0.5034411562284927,0.0,,epl,epl_2591060,0.8902407710549853,,1.0500072264778146,1.0388655462184873,1.0500072264778146,1.0388655462184873,0.6434962147281487,0.6016177957532862,0.6434962147281487,0.04187841897486244,0.6016177957532862,0.21644872677219545,0.2264914054600607,0.21644872677219545,-0.010042678687865236,0.2264914054600607,0.1400550584996559,0.1718907987866532,0.1400550584996559,-0.03183574028699729,0.1718907987866532,2024-2025,18425.0,45,2
,,19646.0,36,0.09144082667186587,-0.09144082667186587,0.0,,epl,epl_2591064,1.0842512522099501,,1.0482321684038423,1.0404394236907388,1.0482321684038423,1.0404394236907388,0.4094365373367128,0.38599693221754067,0.4094365373367128,0.023439605119172147,0.38599693221754067,0.27256775199844024,0.2707415102032891,0.27256775199844024,0.0018262417951511178,0.2707415102032891,0.31799571066484694,0.34326155757917015,0.31799571066484694,-0.02526584691432321,0.34326155757917015,2024-2025,19646.0,36,2
,,19785.0,58,0.3707086221927022,-0.3707086221927022,0.0,,epl,epl_2591066,0.9660792926936173,,1.0487423494284065,1.0421724245253658,1.0487423494284065,1.0421724245253658,0.584983464098413,0.5076900104524414,0.584983464098413,0.07729345364597151,0.5076900104524414,0.2007416939958764,0.22577273406002685,0.2007416939958764,-0.02503104006415044,0.22577273406002685,0.21427484190571078,0.2665372554875317,0.21427484190571078,-0.05226241358182093,0.2665372554875317,2024-2025,19785.0,58,2
,,18276.0,49,0.04250723240115717,-0.04250723240115717,0.0,,epl,epl_2591067,1.0813888074810813,,1.0484660244433122,1.044921721343718,1.0484660244433122,1.044921721343718,0.3957569913211185,0.4291522361090197,0.3957569913211185,-0.03339524478790118,0.4291522361090197,0.2509932497589199,0.25184460171660894,0.2509932497589199,-0.0008513519576890394,0.25184460171660894,0.35324975891996135,0.3190031621743713,0.35324975891996135,0.03424659674559005,0.3190031621743713,2024-2025,18276.0,49,1
,,15189.0,47,0.2340919075652404,0.2340919075652404,0.0,,epl,epl_2591074,1.04369903620831,,1.054546195813319,1.0384130926899735,1.054546195813319,1.0384130926899735,0.25980142342500656,0.2712698278055815,0.25980142342500656,-0.011468404380574948,0.2712698278055815,0.24630524558474648,0.23487997285605228,0.24630524558474648,0.011425272728694202,0.23487997285605228,0.49389333099024696,0.4938501993383663,0.49389333099024696,4.3131651880634614e-05,0.4938501993383663,2024-2025,15189.0,47,0
,,15189.0,38,0.13927963853878933,0.13927963853878933,0.0,,epl,epl_2591075,1.0629634145819604,,1.0487160819950296,1.0398009950248757,1.0487160819950296,1.0398009950248757,0.31263833757111237,0.4007177033492823,0.31263833757111237,-0.08807936577816994,0.4007177033492823,0.23544368631898585,0.24043062200956936,0.23544368631898585,-0.004986935690583505,0.24043062200956936,0.4519179761099017,0.35885167464114825,0.4519179761099017,0.09306630146875344,0.35885167464114825,2024-2025,15189.0,38,0
,,15333.0,45,0.30483962187929237,-0.30483962187929237,0.0,,epl,epl_2591077,1.0175207877706682,,1.050589932942874,1.0428394527125069,1.050589932942874,1.0428394527125069,0.5288034257089764,0.5640708093538283,0.5288034257089764,-0.035267383644851824,0.5640708093538283,0.24723277046133957,0.22044146572448461,0.24723277046133957,0.026791304736854954,0.22044146572448461,0.2239638038296841,0.2154877249216872,0.2239638038296841,0.008476078907996898,0.2154877249216872,2024-2025,15333.0,45,0
,,11686.0,76,0.27366134825829086,0.27366134825829086,0.0,,epl,epl_2591078,1.029056357959697,,1.0501153539128223,1.0388080165386635,1.0501153539128223,1.0388080165386635,0.24108261632278,0.27902660342338625,0.24108261632278,-0.03794398710060626,0.27902660342338625,0.24417341909614906,0.23479067849041038,0.24417341909614906,0.009382740605738682,0.23479067849041038,0.5147439645810709,0.48618271808620334,0.5147439645810709,0.02856124649486752,0.48618271808620334,2024-2025,11686.0,76,1
,,14427.0,47,0.4504602057390364,-0.4504602057390364,0.0,,epl,epl_2591079,0.9275553512453398,,1.0520619731146046,1.0408510157428967,1.0520619731146046,1.0408510157428967,0.6172171088251219,0.6362597966592403,0.6172171088251219,-0.019042687834118333,0.6362597966592403,0.21602598808879264,0.1980932562794748,0.21602598808879264,0.017932731809317842,0.1980932562794748,0.16675690308608554,0.16564694706128497,0.16675690308608554,0.0011099560248005735,0.16564694706128497,2024-2025,14427.0,47,2
,,9969.0,40,0.4825222755311857,0.4825222755311857,0.0,,epl,epl_2591080,0.9055282101920727,,1.0526695526695526,1.0423291640166772,1.0526695526695526,1.0423291640166772,0.15078821110349555,0.1810169491525424,0.15078821110349555,-0.030228738049046855,0.1810169491525424,0.21590130226182316,0.21559322033898307,0.21590130226182316,0.0003080819228400977,0.21559322033898307,0.6333104866346813,0.6033898305084746,0.6333104866346813,0.029920656126206646,0.6033898305084746,2024-2025,9969.0,40,0
,,9967.0,43,0.12239050347932867,0.12239050347932867,0.0,,epl,epl_2591082,1.0803389428848544,,1.053743961352657,1.0411206645516269,1.053743961352657,1.0411206645516269,0.3012689316414245,0.3518327690269395,0.3012689316414245,-0.05056383738551501,0.3518327690269395,0.2750716332378224,0.24628293831885767,0.2750716332378224,0.02878869491896474,0.24628293831885767,0.42365943512075316,0.40188429265420283,0.42365943512075316,0.021775142466550323,0.40188429265420283,2024-2025,9967.0,43,1
,,11683.0,31,0.563585971644814,-0.563585971644814,0.0,,epl,epl_2591083,0.829951245751542,,1.0522950599003904,1.0458972909509936,1.0522950599003904,1.0458972909509936,0.6886259460611875,0.6593909157052282,0.6886259460611875,0.029235030355959313,0.6593909157052282,0.186334079522439,0.18386862072549628,0.186334079522439,0.00246545879694271,0.18386862072549628,0.12503997441637352,0.15674046356927557,0.12503997441637352,-0.03170048915290205,0.15674046356927557,2024-2025,11683.0,31,0
,,9852.0,31,0.3566263666338867,0.3566263666338867,0.0,,epl,epl_2591086,0.9787089613644107,,1.0519045880491664,1.0450533073483894,1.0519045880491664,1.0450533073483894,0.2160583097125007,0.15686704695041684,0.2160583097125007,0.05919126276208386,0.15686704695041684,0.2112570139411118,0.17397981570864413,0.2112570139411118,0.03727719823246767,0.17397981570864413,0.5726846763463874,0.6691531373409391,0.5726846763463874,-0.09646846099455164,0.6691531373409391,2024-2025,9852.0,31,1
,,9986.0,34,0.5369910151022749,-0.5369910151022749,0.0,,epl,epl_2591087,0.8481645361293684,,1.0522186909120168,1.0430799220272906,1.0522186909120168,1.0430799220272906,0.678837698336838,0.630723229302934,0.678837698336838,0.04811446903390404,0.630723229302934,0.17931561842859875,0.19173986170809193,0.17931561842859875,-0.01242424327949318,0.19173986170809193,0.14184668323456315,0.17753690898897398,0.14184668323456315,-0.03569022575441083,0.17753690898897398,2024-2025,9986.0,34,2
,,11560.0,43,0.3727714748784442,0.3727714748784442,0.0,,epl,epl_2591088,0.9818071058186284,,1.0493197278911564,1.0386051699888452,1.0493197278911564,1.0386051699888452,0.19448946515397084,0.22134018211533973,0.19448946515397084,-0.026850716961368898,0.22134018211533973,0.2382495948136143,0.24375437777258926,0.2382495948136143,-0.005504782958974969,0.24375437777258926,0.567260940032415,0.534905440112071,0.567260940032415,0.03235549992034403,0.534905440112071,2024-2025,11560.0,43,0
,,11562.0,24,0.577029404372958,0.577029404372958,0.0,,epl,epl_2591089,0.8099572970556912,,1.0526455026455026,1.0397940970230126,1.0526455026455026,1.0397940970230126,0.12666499120382005,0.11587094796536132,0.12666499120382005,0.010794043238458728,0.11587094796536132,0.16964061321940188,0.171737297877232,0.16964061321940188,-0.0020966846578301113,0.171737297877232,0.703694395576778,0.7123917541574067,0.703694395576778,-0.0086973585806287,0.7123917541574067,2024-2025,11562.0,24,0
,,11709.0,84,0.32319391634981,-0.32319391634981,0.0,,epl,epl_2591090,1.0113365255985434,,1.0506866416978777,1.0432777099443766,1.0506866416978777,1.0432777099443766,0.5346958174904943,0.5266579973992197,0.5346958174904943,0.008037820091274628,0.5266579973992197,0.25380228136882127,0.23667100130039012,0.25380228136882127,0.01713128006843115,0.23667100130039012,0.21150190114068437,0.23667100130039012,0.21150190114068437,-0.02516910015970575,0.23667100130039012,2024-2025,11709.0,84,1
,,11562.0,62,0.21536173903807687,-0.21536173903807687,0.0,,epl,epl_2591091,1.0499487580438998,,1.0490446137832996,1.0377329187187443,1.0490446137832996,1.0377329187187443,0.48388238834504615,0.5045230810163629,0.48388238834504615,-0.02064069267131674,0.5045230810163629,0.24759696234798464,0.23503392310762275,0.24759696234798464,0.012563039240361895,0.23503392310762275,0.2685206493069693,0.2604429958760143,0.2685206493069693,0.008077653430954956,0.2604429958760143,2024-2025,11562.0,62,1
,,12939.0,37,0.4582852982221953,0.4582852982221953,0.0,,epl,epl_2591092,0.9269909520756197,,1.0500595719737755,1.040477601013385,1.0500595719737755,1.040477601013385,0.15611916752624236,0.16289781275315357,0.15611916752624236,-0.006778645226911212,0.16289781275315357,0.22947636672532004,0.2089341511399144,0.22947636672532004,0.020542215585405643,0.2089341511399144,0.6144044657484377,0.6281680361069321,0.6144044657484377,-0.013763570358494404,0.6281680361069321,2024-2025,12939.0,37,1
,,11413.0,98,0.29876919725520096,-0.29876919725520096,0.0,,epl,epl_2591096,1.0027634991928993,,1.0542331231986404,1.0410315040650406,1.0542331231986404,1.0410315040650406,0.545147587408779,0.37522879804759,0.545147587408779,0.16991878936118898,0.37522879804759,0.20847402243764296,0.23428920073215379,0.20847402243764296,-0.025815178294510827,0.23428920073215379,0.24637839015357804,0.3904820012202562,0.24637839015357804,-0.14410361106667818,0.3904820012202562,2024-2025,11413.0,98,2
,,14738.0,53,0.21718246820588394,-0.21718246820588394,0.0,,epl,epl_2591097,1.0578114516179498,,1.0515712440809297,1.039215392078901,1.0515712440809297,1.039215392078901,0.47077124611102017,0.38645157564440674,0.47077124611102017,0.08431967046661343,0.38645157564440674,0.2756399759838437,0.2636340885902939,0.2756399759838437,0.012005887393549797,0.2636340885902939,0.25358877790513623,0.34991433576529923,0.25358877790513623,-0.096325557860163,0.34991433576529923,2024-2025,14738.0,53,2
,,17572.0,30,0.3934161844227302,-0.3934161844227302,0.0,,epl,epl_2591099,0.9588080134355235,,1.0492315655359135,1.0426103890605816,1.0492315655359135,1.0426103890605816,0.5919741959965846,0.6070449700538016,0.5919741959965846,-0.015070774057217018,0.6070449700538016,0.20946779242956073,0.20850675058369714,0.20946779242956073,0.0009610418458635972,0.20850675058369714,0.19855801157385447,0.18444827936250127,0.19855801157385447,0.014109732211353199,0.18444827936250127,2024-2025,17572.0,30,1
,,19003.0,52,0.1453836756064925,-0.1453836756064925,0.0,,epl,epl_2591100,1.0811629290703701,,1.0497932660302802,1.0441176470588236,1.0497932660302802,1.0441176470588236,0.4214904881028565,0.39906103286384975,0.4214904881028565,0.022429455239006746,0.39906103286384975,0.3024026994007796,0.28169014084507044,0.3024026994007796,0.020712558555709137,0.28169014084507044,0.276106812496364,0.31924882629107976,0.276106812496364,-0.04314201379471577,0.31924882629107976,2024-2025,19003.0,52,2
,,19001.0,53,0.23905558288243983,-0.23905558288243983,0.0,,epl,epl_2591102,1.0481271222730744,,1.0477221191506905,1.041987441987442,1.0477221191506905,1.041987441987442,0.48696507624200697,0.48469922448124086,0.48696507624200697,0.002265851760766102,0.48469922448124086,0.265125430398426,0.259379584992664,0.265125430398426,0.005745845405762007,0.259379584992664,0.24790949335956713,0.25592119052609513,0.24790949335956713,-0.008011697166527998,0.25592119052609513,2024-2025,19001.0,53,2
,,17568.0,37,0.09638364470342731,-0.09638364470342731,0.0,,epl,epl_2591104,1.0855000680265707,,1.051171048874063,1.0397856235814062,1.051171048874063,1.0397856235814062,0.40829182825757426,0.37715164919703814,0.40829182825757426,0.03114017906053612,0.37715164919703814,0.27979998818827884,0.25992883931147215,0.27979998818827884,0.019871148876806688,0.25992883931147215,0.31190818355414696,0.36291951149148954,0.31190818355414696,-0.05101132793734259,0.36291951149148954,2024-2025,17568.0,37,0
,,17568.0,29,0.4523383469555545,0.4523383469555545,0.0,,epl,epl_2591105,0.9202299277271404,,1.0524788761070956,1.0410487857296369,1.0524788761070956,1.0410487857296369,0.17275233351066402,0.20437654830718413,0.17275233351066402,-0.03162421479652011,0.20437654830718413,0.2021569860231175,0.21345995045417007,0.2021569860231175,-0.011302964431052581,0.21345995045417007,0.6250906804662185,0.5821635012386457,0.6250906804662185,0.04292717922757283,0.5821635012386457,2024-2025,17568.0,29,1
,,20458.0,36,0.6451563221931311,0.6451563221931311,0.0,,epl,epl_2591107,0.7416028901856861,,1.0527823417502593,1.0421122994652405,1.0527823417502593,1.0421122994652405,0.09692489347502438,0.11994868505452214,0.09692489347502438,-0.023023791579497757,0.11994868505452214,0.16099389085682017,0.1744708146247595,0.16099389085682017,-0.013476923767939325,0.1744708146247595,0.7420812156681555,0.7055805003207184,0.7420812156681555,0.03650071534743715,0.7055805003207184,2024-2025,20458.0,36,0
,,18176.0,45,0.4362082797437889,0.4362082797437889,0.0,,epl,epl_2591108,0.939729388715496,,1.050808221377723,1.0441780441780442,1.050808221377723,1.0441780441780442,0.16993722064460265,0.13681301158711598,0.16993722064460265,0.03312420905748667,0.13681301158711598,0.22391727896700583,0.19347294567874987,0.22391727896700583,0.030444333288255965,0.19347294567874987,0.6061455003883915,0.6697140427341343,0.6061455003883915,-0.06356854234574272,0.6697140427341343,2024-2025,18176.0,45,1
,,18035.0,37,0.4792469744509189,-0.4792469744509189,0.0,,epl,epl_2591109,0.8974544099059278,,1.0501096707993258,1.0434219644745961,1.0501096707993258,1.0434219644745961,0.6434334379202152,0.6475574587083807,0.6434334379202152,-0.004124020788165428,0.6475574587083807,0.1923800986104886,0.18430481517084676,0.1923800986104886,0.00807528343964184,0.18430481517084676,0.1641864634692963,0.16813772612077252,0.1641864634692963,-0.003951262651476217,0.16813772612077252,2024-2025,18035.0,37,2
,,21191.0,39,0.510567296996663,0.510567296996663,0.0,,epl,epl_2591110,0.8723163500450349,,1.049253034547152,1.0419405511750979,1.049253034547152,1.0419405511750979,0.1512791991101224,0.11291148875129907,0.1512791991101224,0.03836771035882332,0.11291148875129907,0.1868743047830924,0.16547373351483485,0.1868743047830924,0.021400571268257534,0.16547373351483485,0.6618464961067854,0.7216147777338662,0.6618464961067854,-0.05976828162708081,0.7216147777338662,2024-2025,21191.0,39,0
,,19400.0,77,0.03912201625190448,0.03912201625190448,0.0,,epl,epl_2591111,1.0911945100169755,,1.0468149300052167,1.0430381921795602,1.0468149300052167,1.0430381921795602,0.3399568308786186,0.4028309513277711,0.3399568308786186,-0.06287412044915247,0.4028309513277711,0.2809643219908583,0.25229938530528817,0.2809643219908583,0.02866493668557013,0.25229938530528817,0.3790788471305231,0.34486966336694075,0.3790788471305231,0.03420918376358234,0.34486966336694075,2024-2025,19400.0,77,0
,,19545.0,29,0.5755698163310468,-0.5755698163310468,0.0,,epl,epl_2591112,0.8196557309473753,,1.051005438671819,1.0423116615067078,1.051005438671819,1.0423116615067078,0.6945035491174018,0.7054455445544554,0.6945035491174018,-0.010941995437053653,0.7054455445544554,0.18656271809624325,0.16831683168316833,0.18656271809624325,0.018245886413074924,0.16831683168316833,0.11893373278635505,0.12623762376237624,0.11893373278635505,-0.007303890976021188,0.12623762376237624,2024-2025,19545.0,29,2
,,18033.0,42,0.30521596077545887,-0.30521596077545887,0.0,,epl,epl_2591113,1.0185815781356762,,1.0482022221170297,1.0392206061759692,1.0482022221170297,1.0392206061759692,0.5270797716202703,0.5064524186162684,0.5270797716202703,0.02062735300400187,0.5064524186162684,0.2510564175349182,0.24361002414453414,0.2510564175349182,0.007446393390384054,0.24361002414453414,0.22186381084481144,0.2499375572391974,0.22186381084481144,-0.02807374639438595,0.2499375572391974,2024-2025,18033.0,42,2
,,19402.0,30,0.10523644031395213,0.10523644031395213,0.0,,epl,epl_2591114,1.08208788970557,,1.0521796294013723,1.0416486939851426,1.0521796294013723,1.0416486939851426,0.31160919989066344,0.2953897119720254,0.31160919989066344,0.01621948791863803,0.2953897119720254,0.27154515990472095,0.256004417042422,0.27154515990472095,0.01554074286229895,0.256004417042422,0.41684564020461556,0.4486058709855526,0.41684564020461556,-0.03176023078093704,0.4486058709855526,2024-2025,19402.0,30,2
,,13111.0,37,0.23366230994931986,0.23366230994931986,0.0,,epl,epl_2591118,1.0484771869188934,,1.0534597822269056,1.0373219373219373,1.0534597822269056,1.0373219373219373,0.2531341691117631,0.2966218071958253,0.2531341691117631,-0.0434876380840622,0.2966218071958253,0.26006935182715385,0.2570722329030486,0.26006935182715385,0.0029971189241052576,0.2570722329030486,0.486796479061083,0.446305959901126,0.486796479061083,0.040490519159956995,0.446305959901126,2024-2025,13111.0,37,0
,,14619.0,27,0.49258258060262416,0.49258258060262416,0.0,,epl,epl_2591119,0.893999313954323,,1.0494595978466945,1.041785388854337,1.0494595978466945,1.041785388854337,0.15124942308960243,0.19589604042872213,0.15124942308960243,-0.044646617339119704,0.19589604042872213,0.20491857321817103,0.22585661131782084,0.20491857321817103,-0.02093803809964981,0.22585661131782084,0.6438320036922266,0.578247348253457,0.6438320036922266,0.06558465543876957,0.578247348253457,2024-2025,14619.0,27,1
,,13114.0,38,0.3425537169671524,0.3425537169671524,0.0,,epl,epl_2591120,1.0037785932809977,,1.0504877542548776,1.0412573135473615,1.0504877542548776,1.0412573135473615,0.19832057298098296,0.1812032845562691,0.19832057298098296,0.017117288424713856,0.1812032845562691,0.26080513707088165,0.2259711548584062,0.26080513707088165,0.03483398221247547,0.2259711548584062,0.5408742899481354,0.5928255605853248,0.5408742899481354,-0.051951270637189406,0.5928255605853248,2024-2025,13114.0,38,2
,,13099.0,45,0.500844772967265,-0.500844772967265,0.0,,epl,epl_2591125,0.8793561123196161,,1.0496680300158503,1.0423423423423424,1.0496680300158503,1.0423423423423424,0.6570221752903908,0.648228176318064,0.6570221752903908,0.0087939989723268,0.648228176318064,0.18680042238648367,0.19187554019014694,0.18680042238648367,-0.005075117803663265,0.19187554019014694,0.15617740232312569,0.1598962834917891,0.15617740232312569,-0.0037188811686634238,0.1598962834917891,2024-2025,13099.0,45,2
,,13101.0,31,0.42585313793372725,-0.42585313793372725,0.0,,epl,epl_2591127,0.9510618742293606,,1.0465566089135883,1.0400521559762947,1.0465566089135883,1.0400521559762947,0.5934872582450478,0.6540749951188433,0.5934872582450478,-0.060587736873795484,0.6540749951188433,0.23887862144363173,0.20241899848941045,0.23887862144363173,0.03645962295422128,0.20241899848941045,0.16763412031132052,0.1435060063917462,0.16763412031132052,0.024128113919574312,0.1435060063917462,2024-2025,13101.0,31,2
,,19793.0,54,0.23843985943425777,0.23843985943425777,0.0,,epl,epl_2591129,1.0426097736293305,,1.0508438633438633,1.0421564895467132,1.0508438633438633,1.0421564895467132,0.25719355624369367,0.27029543419874663,0.25719355624369367,-0.013101877955052965,0.27029543419874663,0.24717302807835495,0.2593375111906893,0.24717302807835495,-0.012164483112334368,0.2593375111906893,0.49563341567795144,0.470367054610564,0.49563341567795144,0.025266361067387444,0.470367054610564,2024-2025,19793.0,54,0
,,19650.0,48,0.1838879159369527,0.1838879159369527,0.0,,epl,epl_2591130,1.0496812811368033,,1.0457875457875458,1.0423250778998887,1.0457875457875458,1.0423250778998887,0.29422066549912435,0.35271823217021403,0.29422066549912435,-0.058497566671089685,0.35271823217021403,0.2276707530647986,0.24919314065012524,0.2276707530647986,-0.021522387585326652,0.24919314065012524,0.47810858143607704,0.39808862717966065,0.47810858143607704,0.08001995425641639,0.39808862717966065,2024-2025,19650.0,48,2
,,21440.0,27,0.6274165202108963,0.6274165202108963,0.0,,epl,epl_2591131,0.7533736960297016,,1.050203026947213,1.0419405511750979,1.050203026947213,1.0419405511750979,0.11072056239015818,0.11291148875129907,0.11072056239015818,-0.002190926361140891,0.11291148875129907,0.15114235500878734,0.16547373351483485,0.15114235500878734,-0.014331378506047515,0.16547373351483485,0.7381370826010545,0.7216147777338662,0.7381370826010545,0.01652230486718831,0.7216147777338662,2024-2025,21440.0,27,0
,,18289.0,56,0.25053655744741743,0.25053655744741743,0.0,,epl,epl_2591132,1.0470374575754917,,1.0595815645845967,1.0403978368050224,1.0595815645845967,1.0403978368050224,0.2359421948776649,0.17799458883331967,0.2359421948776649,0.057947606044345235,0.17799458883331967,0.2775790527972528,0.2464540460769042,0.2775790527972528,0.031125006720348625,0.2464540460769042,0.4864787523250823,0.5755513650897762,0.4864787523250823,-0.08907261276469391,0.5755513650897762,2024-2025,18289.0,56,0
,,18286.0,38,0.25437020659158427,0.25437020659158427,0.0,,epl,epl_2591133,1.0405723799519757,,1.0502407361046104,1.0413270756779553,1.0502407361046104,1.0413270756779553,0.24414426863815383,0.249431966004683,0.24414426863815383,-0.005287697366529176,0.249431966004683,0.257341256132108,0.263099470991241,0.257341256132108,-0.005758214859132971,0.263099470991241,0.49851447522973813,0.4874685630040759,0.49851447522973813,0.011045912225662202,0.4874685630040759,2024-2025,18286.0,38,2
,,19649.0,46,0.3387836304574208,0.3387836304574208,0.0,,epl,epl_2591134,1.0072433497539781,,1.0496734606643685,1.0419464589488763,1.0496734606643685,1.0419464589488763,0.19642829388084987,0.2629430719656284,0.19642829388084987,-0.06651477808477851,0.2629430719656284,0.2683597817808794,0.26659505907626213,0.2683597817808794,0.0017647227046172498,0.26659505907626213,0.5352119243382707,0.4704618689581096,0.5352119243382707,0.0647500553801611,0.4704618689581096,2024-2025,19649.0,46,2
,,18285.0,13,0.3248730964467005,0.3248730964467005,0.0,,epl,epl_2591135,1.0053457740368417,,1.0513136288998357,1.043859649122807,1.0513136288998357,1.043859649122807,0.2186645841468177,0.20168067226890757,0.2186645841468177,0.016983911877910124,0.20168067226890757,0.23779773525966422,0.22809123649459784,0.23779773525966422,0.00970649876506638,0.22809123649459784,0.5435376805935181,0.5702280912364946,0.5435376805935181,-0.026690410642976503,0.5702280912364946,2024-2025,18285.0,13,2
,,18145.0,36,0.0026893627792191066,0.0026893627792191066,5.0,,epl,epl_2591136,1.0924925133056786,,1.0431918250410925,1.041551096345085,1.0431918250410925,1.041551096345085,0.35768524963614506,0.3392602549210801,0.35768524963614506,0.01842499471506498,0.3392602549210801,0.2819401379484908,0.27045254124694557,0.2819401379484908,0.011487596701545255,0.27045254124694557,0.36037461241536417,0.39028720383197424,0.36037461241536417,-0.029912591416610068,0.39028720383197424,2024-2025,18140.0,36,0
,,18424.0,47,0.07232890452662966,-0.07232890452662966,0.0,,epl,epl_2591137,1.0851756368640824,,1.0496518303607874,1.0422965747250252,1.0496518303607874,1.0422965747250252,0.4019817963114609,0.4590525490767913,0.4019817963114609,-0.05707075276533041,0.4590525490767913,0.26836531190370777,0.2628547472795873,0.26836531190370777,0.005510564624120473,0.2628547472795873,0.32965289178483126,0.2780927036436214,0.32965289178483126,0.051560188141209884,0.2780927036436214,2024-2025,18424.0,47,0
,,28064.0,36,0.5403422982885085,0.5403422982885085,0.0,,epl,epl_2591138,0.8495147156328109,,1.0481554323857203,1.0427166273178057,1.0481554323857203,1.0427166273178057,0.13629385341445385,0.11554618441326737,0.13629385341445385,0.020747669001186478,0.11554618441326737,0.18706999488258375,0.18442948665963832,0.18706999488258375,0.0026405082229454258,0.18442948665963832,0.6766361517029624,0.7000243289270943,0.6766361517029624,-0.02338817722413189,0.7000243289270943,2024-2025,28064.0,36,1
,,22739.0,32,0.06695339606514644,-0.06695339606514644,0.0,,epl,epl_2591139,1.083183040381151,,1.051058306758412,1.042528735632184,1.051058306758412,1.042528735632184,0.40314491673268993,0.41345093715545755,0.40314491673268993,-0.010306020422767626,0.41345093715545755,0.2606635625997666,0.2557883131201764,0.2606635625997666,0.004875249479590171,0.2557883131201764,0.3361915206675435,0.33076074972436603,0.3361915206675435,0.005430770943177454,0.33076074972436603,2024-2025,22739.0,32,0
,,28211.0,49,0.2517018862572685,0.2517018862572685,0.0,,epl,epl_2591140,1.0502296446203128,,1.0526512225071194,1.0411778237865197,1.0526512225071194,1.0411778237865197,0.22092610977166358,0.21343349536014133,0.22092610977166358,0.0074926144115222415,0.21343349536014133,0.3064458941994043,0.27839151568714093,0.3064458941994043,0.02805437851226339,0.27839151568714093,0.4726279960289321,0.5081749889527176,0.4726279960289321,-0.03554699292378555,0.5081749889527176,2024-2025,28211.0,49,2
,,28063.0,25,0.17934142373641992,0.17934142373641992,0.0,,epl,epl_2591141,1.0685728522733022,,1.0495030074671532,1.0405783935195698,1.0495030074671532,1.0405783935195698,0.27223770077974535,0.2597308112040742,0.27223770077974535,0.012506889575671143,0.2597308112040742,0.2761831747040895,0.2826482357220808,0.2761831747040895,-0.006465061017991325,0.2826482357220808,0.4515791245161653,0.4576209530738451,0.4515791245161653,-0.006041828557679818,0.4576209530738451,2024-2025,28063.0,25,0
,,27918.0,33,0.6033204138309884,-0.6033204138309884,0.0,,epl,epl_2591142,0.7914943486486661,,1.0485842656358004,1.0446693657219972,1.0485842656358004,1.0446693657219972,0.7116916409802545,0.736338974292727,0.7116916409802545,-0.024647333312472486,0.736338974292727,0.17993713187047947,0.16793695904921846,0.17993713187047947,0.012000172821261007,0.16793695904921846,0.10837122714926603,0.09572406665805452,0.10837122714926603,0.012647160491211507,0.09572406665805452,2024-2025,27918.0,33,2
,,28058.0,47,0.48627222645227747,-0.48627222645227747,0.0,,epl,epl_2591145,0.8973285182940087,,1.0523760593519924,1.0402835833128432,1.0523760593519924,1.0402835833128432,0.6420477448828772,0.5721883001772701,0.6420477448828772,0.06985944470560712,0.5721883001772701,0.20217673668652303,0.23163285404766593,0.20217673668652303,-0.029456117361142897,0.23163285404766593,0.15577551843059972,0.196178845775064,0.15577551843059972,-0.04040332734446428,0.196178845775064,2024-2025,28058.0,47,2
,,28058.0,24,0.06334630350194559,0.06334630350194559,0.0,,epl,epl_2591147,1.0822442331647286,,1.0511419409724494,1.042032852991757,1.0511419409724494,1.042032852991757,0.33976653696498055,0.32865158947859635,0.33976653696498055,0.011114947486384197,0.32865158947859635,0.25712062256809337,0.2559100376740004,0.25712062256809337,0.0012105848940929809,0.2559100376740004,0.40311284046692614,0.41543837284740326,0.40311284046692614,-0.012325532380477122,0.41543837284740326,2024-2025,28058.0,24,2
,,10962.0,21,0.2240117130307467,0.2240117130307467,17.0,,eredivisie,eredivisie_2592273,1.0562137345196114,,1.0572755417956656,1.0533515731874146,1.0572755417956656,1.0533515731874146,0.24890190336749632,0.2792207792207792,0.24890190336749632,-0.030318875853282884,0.2792207792207792,0.2781844802342606,0.2792207792207792,0.2781844802342606,-0.00103629898651858,0.2792207792207792,0.47291361639824303,0.44155844155844154,0.47291361639824303,0.03135517483980149,0.44155844155844154,2024-2025,10945.0,21,2
,,1743.0,5,0.1600831600831601,0.1600831600831601,192.0,,eredivisie,eredivisie_2592273,1.0677953802541877,,1.108294930875576,1.1135550277555812,1.108294930875576,1.1135550277555812,0.291060291060291,0.2944343515020092,0.291060291060291,-0.003374060441718174,0.2944343515020092,0.25779625779625776,0.24738974437496639,0.25779625779625776,0.010406513421291369,0.24738974437496639,0.4511434511434511,0.4581759041230245,0.4511434511434511,-0.007032452979573389,0.4581759041230245,2024-2025,1551.0,5,2
,,2711.0,138,0.20047995017311188,0.20047995017311188,1.0,,eredivisie,eredivisie_2592273,1.0597111785889899,,1.0520787560612719,1.0822510822510822,1.0520787560612719,1.0822510822510822,0.26774624924435325,0.29333333333333333,0.26774624924435325,-0.025587084088980083,0.29333333333333333,0.2640275513381817,0.24,0.2640275513381817,0.024027551338181685,0.24,0.4682261994174651,0.4666666666666667,0.4682261994174651,0.0015595327507984535,0.4666666666666667,2024-2025,2710.0,138,2
,,3761.0,88,0.196078431372549,0.196078431372549,1.0,,eredivisie,eredivisie_2592273,1.0620511191722615,,1.0511851597389215,1.0798333427124953,1.0511851597389215,1.0798333427124953,0.2679738562091503,0.29873188056129246,0.2679738562091503,-0.030758024352142144,0.29873188056129246,0.2679738562091503,0.24053735837402765,0.2679738562091503,0.02743649783512267,0.24053735837402765,0.4640522875816993,0.46073076106468,0.4640522875816993,0.0033215265170193353,0.46073076106468,2024-2025,3760.0,88,2
,,13260.0,33,0.5699313335742682,0.5699313335742682,13.0,,eredivisie,eredivisie_2592282,0.82863878300913,,1.0708204334365323,1.0619602899464229,1.0708204334365323,1.0619602899464229,0.11673292374412723,0.18833095916429252,0.11673292374412723,-0.07159803542016528,0.18833095916429252,0.19660281893747744,0.24780389363722696,0.19660281893747744,-0.05120107469974952,0.24780389363722696,0.6866642573183954,0.5638651471984806,0.6866642573183954,0.12279911011991484,0.5638651471984806,2024-2025,13247.0,33,1
,,4169.0,149,0.5752621681603335,0.5752621681603335,2.0,,eredivisie,eredivisie_2592282,0.8184997092482715,,1.048816978087975,1.0803468151906608,1.048816978087975,1.0803468151906608,0.12069053145170852,0.1469251878177156,0.12069053145170852,-0.02623465636600708,0.1469251878177156,0.1833567689362495,0.2012236267938279,0.1833567689362495,-0.01786685785757841,0.2012236267938279,0.695952699612042,0.6518511853884567,0.695952699612042,0.044101514223585325,0.6518511853884567,2024-2025,4167.0,149,1
,,4362.0,51,0.565129811996419,0.565129811996419,12.0,,eredivisie,eredivisie_2592282,0.827996613939699,,1.0814037918515529,1.0832135417830444,1.0814037918515529,1.0832135417830444,0.12496269770217845,0.15134082053632825,0.12496269770217845,-0.026378122834149795,0.15134082053632825,0.18494479259922414,0.19853311941324775,0.18494479259922414,-0.01358832681402361,0.19853311941324775,0.6900925096985975,0.6501260600504241,0.6900925096985975,0.03996644964817342,0.6501260600504241,2024-2025,4350.0,51,1
,,25711.0,26,0.08945686900958472,-0.08945686900958472,16.0,,eredivisie,eredivisie_2592321,1.0898961829389082,,1.051747311827957,1.055181377762023,1.051747311827957,1.055181377762023,0.39616613418530355,0.4512877939529675,0.39616613418530355,-0.05512165976766392,0.4512877939529675,0.2971246006389776,0.2430011198208287,0.2971246006389776,0.05412348081814891,0.2430011198208287,0.30670926517571884,0.3057110862262038,0.30670926517571884,0.0009981789495150384,0.3057110862262038,2024-2025,25695.0,26,0
,,4657.0,2,0.0986784140969163,-0.0986784140969163,592.0,,eredivisie,eredivisie_2592321,1.0854887512090026,,1.1118730407523512,1.1153169014084505,1.1118730407523512,1.1153169014084505,0.40881057268722465,0.42094185740594586,0.40881057268722465,-0.012131284718721214,0.42094185740594586,0.28105726872246695,0.28018942383583273,0.28105726872246695,0.000867844886634217,0.28018942383583273,0.31013215859030835,0.2988687187582216,0.31013215859030835,0.011263439832086775,0.2988687187582216,2024-2025,4065.0,2,0
,,6409.0,59,0.03931105972410498,-0.03931105972410498,2.0,,eredivisie,eredivisie_2592321,1.0909956865525787,,1.0496668787036727,1.0948043959272487,1.0496668787036727,1.0948043959272487,0.37955505940515116,0.42483961591680997,0.37955505940515116,-0.0452845565116588,0.42483961591680997,0.2802009409138027,0.2686485806532769,0.2802009409138027,0.011552360260525807,0.2686485806532769,0.3402439996810462,0.30651180342991324,0.3402439996810462,0.03373219625113294,0.30651180342991324,2024-2025,6407.0,59,0
,,7134.0,37,0.06972869961759648,-0.06972869961759648,0.0,,eredivisie,eredivisie_2592321,1.0897950662528473,,1.0798531770007587,1.079555170792185,1.0798531770007587,1.079555170792185,0.3923948390245134,0.40987055416676976,0.3923948390245134,-0.017475715142256376,0.40987055416676976,0.2849390215685697,0.2684949137440289,0.2849390215685697,0.01644410782454081,0.2684949137440289,0.3226661394069169,0.3216345320892013,0.3226661394069169,0.0010316073177156215,0.3216345320892013,2024-2025,7134.0,37,0
,,26941.0,10,0.19819481007897705,0.19819481007897705,13.0,,eredivisie,eredivisie_2592322,1.0638503943811566,,1.059700302885382,1.0623931623931624,1.059700302885382,1.0623931623931624,0.26212861978187285,0.3620273531777956,0.26212861978187285,-0.09989873339592276,0.3620273531777956,0.27754795035727714,0.2614641995172969,0.27754795035727714,0.01608375083998026,0.2614641995172969,0.4603234298608499,0.3765084473049075,0.4603234298608499,0.08381498255594239,0.3765084473049075,2024-2025,26928.0,10,0
,,5887.0,2,0.17733473242392445,0.17733473242392445,380.0,,eredivisie,eredivisie_2592322,1.0692761780353313,,1.1107226107226107,1.1116163345211172,1.1107226107226107,1.1116163345211172,0.2728226652675761,0.2988674269206245,0.2728226652675761,-0.02604476165304842,0.2988674269206245,0.2770199370409234,0.2767972169326399,0.2770199370409234,0.00022272010828350286,0.2767972169326399,0.45015739769150054,0.4243353561467357,0.45015739769150054,0.025822041544764862,0.4243353561467357,2024-2025,5507.0,2,0
,,7639.0,29,0.22308317529124905,0.22308317529124905,75.0,,eredivisie,eredivisie_2592322,1.0560207952055403,,1.0505254050115556,1.0929846409298465,1.0505254050115556,1.0929846409298465,0.2505012191817935,0.30497531333080136,0.2505012191817935,-0.054474094149007835,0.30497531333080136,0.2759143863451639,0.277250284846183,0.2759143863451639,-0.0013358985010191171,0.277250284846183,0.47358439447304257,0.41777440182301556,0.47358439447304257,0.05580999265002701,0.41777440182301556,2024-2025,7564.0,29,0
,,8364.0,30,0.1788170563961486,0.1788170563961486,20.0,,eredivisie,eredivisie_2592322,1.0705621193725472,,1.0806391675956895,1.0777091124140674,1.0806391675956895,1.0777091124140674,0.2682255845942228,0.2993206992921401,0.2682255845942228,-0.031095114697917314,0.2993206992921401,0.28473177441540576,0.2769833336733237,0.28473177441540576,0.0077484407420820856,0.2769833336733237,0.4470426409903714,0.42369596703453627,0.4470426409903714,0.023346673955835118,0.42369596703453627,2024-2025,8344.0,30,0
,,27151.0,16,0.3931574369382429,0.3931574369382429,13.0,,eredivisie,eredivisie_2592323,0.9689387918242541,,1.0711180124223603,1.0625,1.0711180124223603,1.0625,0.1867207886343868,0.29411764705882354,0.1867207886343868,-0.10739685842443675,0.29411764705882354,0.23340098579298346,0.23529411764705882,0.23340098579298346,-0.0018931318540753583,0.23529411764705882,0.5798782255726297,0.47058823529411764,0.5798782255726297,0.10928999027851205,0.47058823529411764,2024-2025,27138.0,16,0
,,6095.0,4,0.382636655948553,0.382636655948553,43.0,,eredivisie,eredivisie_2592323,0.9815312694406688,,1.1107142857142858,1.1112168315634645,1.1107142857142858,1.1112168315634645,0.18006430868167203,0.27024455693114596,0.18006430868167203,-0.09018024824947393,0.27024455693114596,0.2572347266881029,0.258596084649631,0.2572347266881029,-0.0013613579615281424,0.258596084649631,0.562700964630225,0.471159358419223,0.562700964630225,0.09154160621100199,0.471159358419223,2024-2025,6052.0,4,0
,,7851.0,49,0.361903354514556,0.361903354514556,3.0,,eredivisie,eredivisie_2592323,0.9884942500457871,,1.0497331844130056,1.0795154685840993,1.0497331844130056,1.0795154685840993,0.1984631298950791,0.2807095515062511,0.1984631298950791,-0.08224642161117199,0.2807095515062511,0.24117038569528595,0.253792197252227,0.24117038569528595,-0.01262181155694106,0.253792197252227,0.5603664844096351,0.4654982512415219,0.5603664844096351,0.09486823316811321,0.4654982512415219,2024-2025,7848.0,49,0
,,8574.0,29,0.36133875508289015,0.36133875508289015,0.0,,eredivisie,eredivisie_2592323,0.9896947022373311,,1.0783334907378677,1.0801976035316376,1.0783334907378677,1.0801976035316376,0.1973099781044729,0.27634523693684926,0.1973099781044729,-0.07903525883237636,0.27634523693684926,0.24404128870816386,0.2607764911939282,0.24404128870816386,-0.01673520248576435,0.2607764911939282,0.5586487331873631,0.46287827186922254,0.5586487331873631,0.09577046131814054,0.46287827186922254,2024-2025,8574.0,29,0
,,27076.0,12,0.7759209132635047,0.7759209132635047,10.0,,eredivisie,eredivisie_2592324,0.5499154688878297,,1.0647869674185464,1.0649875882074025,1.0647869674185464,1.0649875882074025,0.06261033305872661,0.05523400466176047,0.06261033305872661,0.007376328396966142,0.05523400466176047,0.098858420619042,0.09883979781578188,0.098858420619042,1.8622803260121e-05,0.09883979781578188,0.8385312463222313,0.8459261975224576,0.8385312463222313,-0.007394951200226263,0.8459261975224576,2024-2025,27066.0,12,0
,,7774.0,46,0.7922873787973471,0.7922873787973471,1.0,,eredivisie,eredivisie_2592324,0.5257671956539083,,1.0526907732790085,1.0814814814814815,1.0526907732790085,1.0814814814814815,0.055879210595278894,0.05136986301369863,0.055879210595278894,0.004509347581580267,0.05136986301369863,0.09595420001209508,0.09246575342465754,0.09595420001209508,0.0034884465874375353,0.09246575342465754,0.848166589392626,0.8561643835616437,0.848166589392626,-0.007997794169017691,0.8561643835616437,2024-2025,7773.0,46,0
,,8499.0,34,0.7611259033853176,0.7611259033853176,0.0,,eredivisie,eredivisie_2592324,0.5750732453792635,,1.0792282430213465,1.0822039199332776,1.0792282430213465,1.0822039199332776,0.06618486116394066,0.05600244047332339,0.06618486116394066,0.010182420690617276,0.05600244047332339,0.10650437428680108,0.09625419456352458,0.10650437428680108,0.010250179723276506,0.09625419456352458,0.8273107645492582,0.8477433649631522,0.8273107645492582,-0.020432600413893942,0.8477433649631522,2024-2025,8499.0,34,0
,,27211.0,11,0.08507286333202052,0.08507286333202052,446.0,,eredivisie,eredivisie_2592325,1.0820011741777884,,1.0573879726803266,1.0633484162895928,1.0573879726803266,1.0633484162895928,0.32611264277274515,0.36170212765957444,0.32611264277274515,-0.03558948488682928,0.36170212765957444,0.26270185112248917,0.2765957446808511,0.26270185112248917,-0.013893893558361903,0.2765957446808511,0.4111855061047657,0.36170212765957444,0.4111855061047657,0.04948337844519124,0.36170212765957444,2024-2025,26765.0,11,0
,,6155.0,2,0.08929729729729724,0.08929729729729724,780.0,,eredivisie,eredivisie_2592325,1.0794759786734973,,1.1123136123136121,1.1130119487059997,1.1123136123136121,1.1130119487059997,0.326918918918919,0.3565329170875034,0.326918918918919,-0.0296139981685844,0.3565329170875034,0.2568648648648649,0.2545220824534019,0.2568648648648649,0.0023427824114629625,0.2545220824534019,0.41621621621621624,0.38894500045909464,0.41621621621621624,0.027271215757121603,0.38894500045909464,2024-2025,5375.0,2,0
,,7911.0,24,0.08292686662021331,0.08292686662021331,18.0,,eredivisie,eredivisie_2592325,1.077898949536616,,1.0494894670946153,1.0808096738147326,1.0494894670946153,1.0808096738147326,0.3331623237899799,0.35861716323909054,0.3331623237899799,-0.025454839449110644,0.35861716323909054,0.25074848579982695,0.26062881159347995,0.25074848579982695,-0.009880325793653,0.26062881159347995,0.4160891904101932,0.38075402516742946,0.4160891904101932,0.035335165242763755,0.38075402516742946,2024-2025,7893.0,24,0
,,8633.0,19,0.06657397562770923,0.06657397562770923,18.0,,eredivisie,eredivisie_2592325,1.079047498587781,,1.0831185167468353,1.0787560545820014,1.0831185167468353,1.0787560545820014,0.34194814754232433,0.3565360147752924,0.34194814754232433,-0.014587867232968066,0.3565360147752924,0.24952972928764205,0.25397085983993434,0.24952972928764205,-0.004441130552292283,0.25397085983993434,0.40852212317003356,0.38949312538477326,0.40852212317003356,0.019028997785260293,0.38949312538477326,2024-2025,8615.0,19,0
,,28186.0,11,0.257201646090535,-0.257201646090535,39.0,,eredivisie,eredivisie_2592326,1.0385505099019743,,1.0493927125506073,1.0600323592005534,1.0493927125506073,1.0600323592005534,0.5015432098765432,0.5452990911681813,0.5015432098765432,-0.0437558812916381,0.5452990911681813,0.25411522633744854,0.23008961651730578,0.25411522633744854,0.024025609820142763,0.23008961651730578,0.24434156378600827,0.22461129231451277,0.24434156378600827,0.019730271471495503,0.22461129231451277,2024-2025,28147.0,11,2
,,7129.0,2,0.19939942848840025,-0.19939942848840025,4559.0,,eredivisie,eredivisie_2592326,1.0559251400995326,,1.1105234471927194,1.1101641916471932,1.1105234471927194,1.1101641916471932,0.4739348735086615,0.48954764075319857,0.4739348735086615,-0.015612767244537085,0.48954764075319857,0.2515296814710773,0.25161107792901827,0.2515296814710773,-8.139645794097428e-05,0.25161107792901827,0.2745354450202612,0.25884128131778317,0.2745354450202612,0.01569416370247806,0.25884128131778317,2024-2025,2570.0,2,2
,,8886.0,102,0.2372214941022281,-0.2372214941022281,1.0,,eredivisie,eredivisie_2592326,1.0454805405171235,,1.0487972508591066,1.0782762005890247,1.0487972508591066,1.0782762005890247,0.49148099606815204,0.4881085098476403,0.49148099606815204,0.003372486220511728,0.4881085098476403,0.25425950196592395,0.2506503158677072,0.25425950196592395,0.0036091860982167545,0.2506503158677072,0.25425950196592395,0.2612411742846526,0.25425950196592395,-0.006981672318728649,0.2612411742846526,2024-2025,8885.0,102,2
,,9608.0,40,0.241692508119415,-0.241692508119415,6.0,,eredivisie,eredivisie_2592326,1.0427165627147663,,1.0790022312987662,1.0799629416650693,1.0790022312987662,1.0799629416650693,0.4956054239527331,0.4925306907262239,0.4956054239527331,0.0030747332265091964,0.4925306907262239,0.2504816602139489,0.2502588374500813,0.2504816602139489,0.0002228227638675917,0.2502588374500813,0.2539129158333181,0.2572104718236947,0.2539129158333181,-0.0032975559903766216,0.2572104718236947,2024-2025,9602.0,40,2
,,28651.0,14,0.36390532544378695,0.36390532544378695,0.0,,eredivisie,eredivisie_2592327,0.9912195406680029,,1.048062015503876,1.0656819026384245,1.048062015503876,1.0656819026384245,0.1908284023668639,0.1443640484700549,0.1908284023668639,0.046464353896809,0.1443640484700549,0.2544378698224852,0.20399267718594716,0.2544378698224852,0.05044519263653802,0.20399267718594716,0.5547337278106509,0.6516432743439978,0.5547337278106509,-0.09690954653334694,0.6516432743439978,2024-2025,28651.0,14,1
,,7591.0,2,0.30553390491036636,0.30553390491036636,850.0,,eredivisie,eredivisie_2592327,1.0032236915489556,,1.1108225108225107,1.1157911157911158,1.1108225108225107,1.1157911157911158,0.240062353858145,0.18105557497378538,0.240062353858145,0.05900677888435962,0.18105557497378538,0.21434138737334374,0.21338692764767564,0.21434138737334374,0.0009544597256680998,0.21338692764767564,0.5455962587685114,0.6055574973785389,0.5455962587685114,-0.059961238610027556,0.6055574973785389,2024-2025,6741.0,2,1
,,9351.0,40,0.3603332389454388,0.3603332389454388,5.0,,eredivisie,eredivisie_2592327,0.9911635997165396,,1.050721148387996,1.0811965811965811,1.050721148387996,1.0811965811965811,0.19623243267410842,0.17786561264822134,0.19623243267410842,0.018366820025887076,0.17786561264822134,0.24720189570634435,0.2176238084166473,0.24720189570634435,0.029578087289697047,0.2176238084166473,0.5565656716195472,0.6045105789351314,0.5565656716195472,-0.047944907315584206,0.6045105789351314,2024-2025,9346.0,40,1
,,10073.0,29,0.3180970149253732,0.3180970149253732,0.0,,eredivisie,eredivisie_2592327,1.009450698375754,,1.0792308466727072,1.0817369093231162,1.0792308466727072,1.0817369093231162,0.22061567164179102,0.17119244391971664,0.22061567164179102,0.049423227722074387,0.17119244391971664,0.24067164179104475,0.21251475796930347,0.24067164179104475,0.02815688382174128,0.21251475796930347,0.5387126865671642,0.6162927981109799,0.5387126865671642,-0.07758011154381572,0.6162927981109799,2024-2025,10073.0,29,1
,,28321.0,11,0.6917946645109136,0.6917946645109136,54.0,,eredivisie,eredivisie_2592328,0.6776016458826964,,1.0534383649137746,1.0595075239398084,1.0534383649137746,1.0595075239398084,0.08629749393694423,0.11103938024531956,0.08629749393694423,-0.02474188630837533,0.11103938024531956,0.13561034761519808,0.1573057886808694,0.13561034761519808,-0.02169544106567131,0.1573057886808694,0.7780921584478578,0.731654831073811,0.7780921584478578,0.04643732737404682,0.731654831073811,2024-2025,28267.0,11,0
,,9021.0,44,0.7105263157894738,0.7105263157894738,2.0,,eredivisie,eredivisie_2592328,0.6608541152852043,,1.054884509429964,1.0824996555050297,1.054884509429964,1.0824996555050297,0.07292085174768985,0.09237878228547425,0.07292085174768985,-0.0194579305377844,0.09237878228547425,0.14363198071514666,0.15657420726351565,0.14363198071514666,-0.01294222654836899,0.15657420726351565,0.7834471675371636,0.7510470104510101,0.7834471675371636,0.032400157086153514,0.7510470104510101,2024-2025,9019.0,44,0
,,9743.0,20,0.6657697764297247,0.6657697764297247,0.0,,eredivisie,eredivisie_2592328,0.7138897711059637,,1.0809624537281861,1.0823039029935582,1.0809624537281861,1.0823039029935582,0.09251015116677266,0.1015335060569988,0.09251015116677266,-0.00902335489022614,0.1015335060569988,0.1492099212367301,0.15930256984804986,0.1492099212367301,-0.010092648611319754,0.15930256984804986,0.7582799275964973,0.7391639240949514,0.7582799275964973,0.019116003501545964,0.7391639240949514,2024-2025,9743.0,20,0
,,28456.0,30,0.5589041095890412,0.5589041095890412,5.0,,eredivisie,eredivisie_2592329,0.8351409631132563,,1.0579710144927537,1.0586978810663021,1.0579710144927537,1.0586978810663021,0.12602739726027395,0.11806956662093454,0.12602739726027395,0.007957830639339414,0.11806956662093454,0.18904109589041096,0.17173755144863206,0.18904109589041096,0.017303544441778895,0.17173755144863206,0.6849315068493151,0.7101928819304333,0.6849315068493151,-0.025261375081118143,0.7101928819304333,2024-2025,28451.0,30,0
,,7397.0,3,0.5475883843629263,0.5475883843629263,46.0,,eredivisie,eredivisie_2592329,0.8420148229289652,,1.1109111215721024,1.1102975541361582,1.1109111215721024,1.1102975541361582,0.13435254040131278,0.12866563771572892,0.13435254040131278,0.005686902685583861,0.12866563771572892,0.18370653483444807,0.18380805387961274,0.18370653483444807,-0.00010151904516467192,0.18380805387961274,0.6819409247642392,0.6875263084046583,0.6819409247642392,-0.0055853836404191615,0.6875263084046583,2024-2025,7351.0,3,0
,,9156.0,98,0.5723090852108509,0.5723090852108509,3.0,,eredivisie,eredivisie_2592329,0.8275133017540266,,1.0556459246597374,1.079957508528937,1.0556459246597374,1.079957508528937,0.11413100254204825,0.12513004823607302,0.11413100254204825,-0.010999045694024767,0.12513004823607302,0.19942890970505273,0.18897190958100823,0.19942890970505273,0.010457000124044491,0.18897190958100823,0.6864400877528991,0.6858980421829187,0.6864400877528991,0.0005420455699803872,0.6858980421829187,2024-2025,9153.0,98,0
,,9878.0,48,0.5458984181172222,0.5458984181172222,0.0,,eredivisie,eredivisie_2592329,0.8477470136004317,,1.0791054110551386,1.0818593171534348,1.0791054110551386,1.0818593171534348,0.13052021515193618,0.11850443599493031,0.13052021515193618,0.01201577915700587,0.11850443599493031,0.1930611515789056,0.18124207858048166,0.1930611515789056,0.01181907299842394,0.18124207858048166,0.6764186332691583,0.7002534854245881,0.6764186332691583,-0.023834852155429798,0.7002534854245881,2024-2025,9878.0,48,0
,,15462.0,23,0.3988546403907697,0.3988546403907697,5.0,,eredivisie,eredivisie_2592330,0.9718617109482282,,1.054498090642669,1.0551612903225807,1.054498090642669,1.0551612903225807,0.1724215372522598,0.15163558544787528,0.1724215372522598,0.020785951804384528,0.15163558544787528,0.2563022851047105,0.2369306022623051,0.2563022851047105,0.01937168284240537,0.2369306022623051,0.5712761776430295,0.6114338122898196,0.5712761776430295,-0.04015763464679012,0.6114338122898196,2024-2025,15457.0,23,0
,,3248.0,4,0.3727129069752255,0.3727129069752255,11.0,,eredivisie,eredivisie_2592330,0.9815188821840537,,1.114852961303154,1.1161424351608402,1.114852961303154,1.1161424351608402,0.19499549437776706,0.21331976152392026,0.19499549437776706,-0.018324267146153206,0.21331976152392026,0.23729610426924036,0.23702195724880035,0.23729610426924036,0.00027414702044001316,0.23702195724880035,0.5677084013529926,0.5496582812272792,0.5677084013529926,0.018050120125713387,0.5496582812272792,2024-2025,3237.0,4,0
,,4300.0,65,0.39795749378967704,0.39795749378967704,6.0,,eredivisie,eredivisie_2592330,0.9668593944108106,,1.0489773701155816,1.0806212967319193,1.0489773701155816,1.0806212967319193,0.18332873309412087,0.1990093699719216,0.18332873309412087,-0.01568063687780072,0.1990093699719216,0.23538504002208116,0.2435246237814304,0.23538504002208116,-0.008139583759349228,0.2435246237814304,0.5812862268837979,0.5574660062466479,0.5812862268837979,0.023820220637150058,0.5574660062466479,2024-2025,4294.0,65,0
,,6116.0,35,0.35183940063394487,0.35183940063394487,0.0,,eredivisie,eredivisie_2592330,0.9963719868528262,,1.0805621289492258,1.0812458954873816,1.0805621289492258,1.0812458954873816,0.1990202670252617,0.18134490238611714,0.1990202670252617,0.01767536463914457,0.18134490238611714,0.2501200653155316,0.21019522776572666,0.2501200653155316,0.03992483754980494,0.21019522776572666,0.5508596676592066,0.6084598698481563,0.5508596676592066,-0.05760020218894968,0.6084598698481563,2024-2025,6116.0,35,0
,,15327.0,7,0.139018691588785,0.139018691588785,14.0,,eredivisie,eredivisie_2592331,1.0781419623301312,,1.056355409296586,1.058522872476361,1.056355409296586,1.058522872476361,0.29127725856697817,0.2906808305166586,0.29127725856697817,0.000596428050319564,0.2906808305166586,0.27842679127725856,0.269917914051183,0.27842679127725856,0.008508877226075573,0.269917914051183,0.43029595015576316,0.43940125543215836,0.43029595015576316,-0.009105305276395192,0.43940125543215836,2024-2025,15313.0,7,0
,,6107.0,2,0.08745046235138704,0.08745046235138704,777.0,,eredivisie,eredivisie_2592331,1.08436833539202,,1.1138031153136894,1.1138456232116567,1.1138031153136894,1.1138456232116567,0.3206516952884192,0.33499644886363633,0.3206516952884192,-0.01434475357521714,0.33499644886363633,0.2712461470717745,0.27123579545454546,0.2712461470717745,1.0351617229065191e-05,0.27123579545454546,0.40810215763980623,0.3937677556818182,0.40810215763980623,0.014334401957988019,0.3937677556818182,2024-2025,5330.0,2,0
,,6579.0,31,0.12987261390153398,0.12987261390153398,3.0,,eredivisie,eredivisie_2592331,1.0784699929112183,,1.0466447789878284,1.079839951336129,1.0466447789878284,1.079839951336129,0.2985731226808462,0.3226700913575202,0.2985731226808462,-0.02409696867667399,0.3226700913575202,0.2729811407367736,0.2764367648346516,0.2729811407367736,-0.0034556240978780295,0.2764367648346516,0.42844573658238017,0.40089314380782815,0.42844573658238017,0.02755259277455202,0.40089314380782815,2024-2025,6576.0,31,0
,,8120.0,17,0.13891172119020212,0.13891172119020212,0.0,,eredivisie,eredivisie_2592331,1.0794388877630323,,1.0831552706552707,1.07832526950174,1.0831552706552707,1.07832526950174,0.28850895939503535,0.3409426350487061,0.28850895939503535,-0.05243367565367074,0.3409426350487061,0.28407036001972713,0.2576011020368002,0.28407036001972713,0.02646925798292693,0.2576011020368002,0.42742068058523747,0.40145626291449377,0.42742068058523747,0.0259644176707437,0.40145626291449377,2024-2025,8120.0,17,0
,,15192.0,18,0.4065045139559924,-0.4065045139559924,14.0,,eredivisie,eredivisie_2592332,0.9684784947012459,,1.0541004598102557,1.050586364539853,1.0541004598102557,1.050586364539853,0.5714916760995002,0.4427206508371961,0.5714916760995002,0.12877102526230416,0.4427206508371961,0.26352116175699175,0.29287673824614513,0.26352116175699175,-0.02935557648915338,0.29287673824614513,0.16498716214350787,0.2644026109166588,0.16498716214350787,-0.09941544877315092,0.2644026109166588,2024-2025,15178.0,18,2
,,6444.0,40,0.3903557178028695,-0.3903557178028695,23.0,,eredivisie,eredivisie_2592332,0.9755566217216072,,1.050639535229442,1.081060606060606,1.050639535229442,1.081060606060606,0.5699408551942723,0.5606166783461808,0.5699408551942723,0.009324176848091503,0.5606166783461808,0.25047400741432485,0.24667133847231956,0.25047400741432485,0.0038026689420052884,0.24667133847231956,0.17958513739140278,0.19271198318149965,0.17958513739140278,-0.013126845790096875,0.19271198318149965,2024-2025,6421.0,40,2
,,7987.0,40,0.35585970915312226,-0.35585970915312226,1.0,,eredivisie,eredivisie_2592332,0.9924440870079441,,1.051731893837157,1.0783228747300604,1.051731893837157,1.0783228747300604,0.5560307955517536,0.5553089981138356,0.5560307955517536,0.0007217974379180037,0.5553089981138356,0.2437981180496151,0.24087429268833904,0.2437981180496151,0.0029238253612760556,0.24087429268833904,0.20017108639863132,0.20381670919782535,0.20017108639863132,-0.0036456227991940315,0.20381670919782535,2024-2025,7986.0,40,2
,,15327.0,25,0.007407407407407363,-0.007407407407407363,13.0,,eredivisie,eredivisie_2592333,1.0829005904584486,,1.058823529411765,1.0485891917742707,1.058823529411765,1.0485891917742707,0.3777777777777777,0.4652011310772599,0.3777777777777777,-0.0874233532994822,0.4652011310772599,0.25185185185185177,0.25430995165556874,0.25185185185185177,-0.0024580998037169732,0.25430995165556874,0.37037037037037035,0.2804889172671714,0.37037037037037035,0.08988145310319895,0.2804889172671714,2024-2025,15314.0,25,0
,,3113.0,5,0.007968985569674736,-0.007968985569674736,53.0,,eredivisie,eredivisie_2592333,1.0791600644678898,,1.1124688518305539,1.11031717957788,1.1124688518305539,1.11031717957788,0.38251130734438943,0.409383429263216,0.38251130734438943,-0.026872121918826597,0.409383429263216,0.24294637088089596,0.24017161183442007,0.24294637088089596,0.0027747590464758942,0.24017161183442007,0.3745423217747147,0.35044495890236393,0.3745423217747147,0.024097362872350758,0.35044495890236393,2024-2025,3060.0,5,0
,,4165.0,78,0.023223700728094432,-0.023223700728094432,3.0,,eredivisie,eredivisie_2592333,1.0844825492865218,,1.052283955509762,1.079380805612025,1.052283955509762,1.079380805612025,0.3831910620135576,0.39256656349291064,0.3831910620135576,-0.00937550147935301,0.39256656349291064,0.2568415767009791,0.2538238602310326,0.2568415767009791,0.0030177164699465298,0.2538238602310326,0.3599673612854632,0.3536095762760568,0.3599673612854632,0.006357785009406369,0.3536095762760568,2024-2025,4162.0,78,0
,,5982.0,52,0.017568698114421855,-0.017568698114421855,0.0,,eredivisie,eredivisie_2592333,1.094689736302957,,1.0827515085636246,1.0796380982716387,1.0827515085636246,1.0796380982716387,0.36218546882038744,0.4474571508850801,0.36218546882038744,-0.08527168206469266,0.4474571508850801,0.29319776047364693,0.2374964877774656,0.29319776047364693,0.05570127269618133,0.2374964877774656,0.3446167707059656,0.31504636133745434,0.3446167707059656,0.02957040936851124,0.31504636133745434,2024-2025,5982.0,52,0
,,15462.0,15,0.15254237288135591,0.15254237288135591,0.0,,eredivisie,eredivisie_2592334,1.0774294157005464,,1.0516934046345812,1.0527597402597402,1.0516934046345812,1.0527597402597402,0.2796610169491525,0.2968388589051658,0.2796610169491525,-0.017177841956013296,0.2968388589051658,0.288135593220339,0.27139552814186585,0.288135593220339,0.016740065078473143,0.27139552814186585,0.43220338983050843,0.4317656129529684,0.43220338983050843,0.00043777687754004146,0.4317656129529684,2024-2025,15462.0,15,0
,,6242.0,2,0.1515918419429617,0.1515918419429617,2206.0,,eredivisie,eredivisie_2592334,1.0741956427825814,,1.1103239989704574,1.110612335524728,1.1103239989704574,1.110612335524728,0.2877437740583994,0.3083575992003129,0.2877437740583994,-0.02061382514191351,0.3083575992003129,0.2729206099402395,0.2728497544439133,0.2729206099402395,7.085549632618315e-05,0.2728497544439133,0.4393356160013611,0.41879264635577385,0.4393356160013611,0.020542969645587272,0.41879264635577385,2024-2025,4036.0,2,0
,,6714.0,33,0.13323336024916366,0.13323336024916366,13.0,,eredivisie,eredivisie_2592334,1.0775683094501838,,1.0507029734970912,1.0798037041781325,1.0507029734970912,1.0798037041781325,0.29741992540469875,0.29874008017671605,0.29741992540469875,-0.0013201547720173012,0.29874008017671605,0.2719267889414388,0.27644604434263276,0.2719267889414388,-0.004519255401193967,0.27644604434263276,0.4306532856538624,0.42481387548065125,0.4306532856538624,0.005839410173211157,0.42481387548065125,2024-2025,6701.0,33,0
,,8252.0,23,0.12830188679245286,0.12830188679245286,0.0,,eredivisie,eredivisie_2592334,1.0787450630322424,,1.0775277853076715,1.0782324940303338,1.0775277853076715,1.0782324940303338,0.2993710691823899,0.31653370698550226,0.2993710691823899,-0.017162637803112335,0.31653370698550226,0.2729559748427673,0.25409418122397853,0.2729559748427673,0.018861793618788758,0.25409418122397853,0.4276729559748428,0.42937211179051926,0.4276729559748428,-0.0016991558156764786,0.42937211179051926,2024-2025,8252.0,23,0
,,16377.0,23,0.46007940008822235,0.46007940008822235,0.0,,eredivisie,eredivisie_2592335,0.9243513068567171,,1.0583566760037348,1.0543845953682018,1.0583566760037348,1.0543845953682018,0.15747684164093514,0.21076011846001974,0.15747684164093514,-0.053283276819084596,0.21076011846001974,0.22496691662990734,0.27097729516288255,0.22496691662990734,-0.04601037853297521,0.27097729516288255,0.6175562417291575,0.5182625863770978,0.6175562417291575,0.0992936553520597,0.5182625863770978,2024-2025,16377.0,23,1
,,7156.0,3,0.4463880431774149,0.4463880431774149,135.0,,eredivisie,eredivisie_2592335,0.9294511840038496,,1.1117059902275719,1.1093241293734621,1.1117059902275719,1.1093241293734621,0.169720453916413,0.21463090163711887,0.169720453916413,-0.044910447720705876,0.21463090163711887,0.21417104898975922,0.2323324192979122,0.21417104898975922,-0.018161370308152985,0.2323324192979122,0.6161084970938279,0.5530366790649689,0.6161084970938279,0.06307181802885897,0.5530366790649689,2024-2025,7021.0,3,1
,,7629.0,29,0.46011296491456577,0.46011296491456577,5.0,,eredivisie,eredivisie_2592335,0.9187784160688891,,1.0457887841254982,1.0799317527434327,1.0457887841254982,1.0799317527434327,0.16486483286165943,0.20808639115640826,0.16486483286165943,-0.04322155829474883,0.20808639115640826,0.2101573693621153,0.23743190785795304,0.2101573693621153,-0.027274538495837747,0.23743190785795304,0.6249777977762252,0.5544817009856389,0.6249777977762252,0.07049609679058633,0.5544817009856389,2024-2025,7624.0,29,1
,,9163.0,26,0.43480819645818847,0.43480819645818847,0.0,,eredivisie,eredivisie_2592335,0.9373508280996578,,1.0791321216600078,1.0813605347444646,1.0791321216600078,1.0813605347444646,0.1748435075704885,0.21506068703518882,0.1748435075704885,-0.040217179464700326,0.21506068703518882,0.21550478840083462,0.23119023856282797,0.21550478840083462,-0.015685450161993353,0.23119023856282797,0.609651704028677,0.5537490744019833,0.609651704028677,0.05590262962669368,0.5537490744019833,2024-2025,9163.0,26,1
,,16512.0,13,0.20828667413213878,0.20828667413213878,15.0,,eredivisie,eredivisie_2592336,1.0651409366790892,,1.055181377762023,1.0571428571428572,1.055181377762023,1.0571428571428572,0.2430011198208287,0.1891891891891892,0.2430011198208287,0.0538119306316395,0.1891891891891892,0.3057110862262038,0.27027027027027023,0.3057110862262038,0.03544081595593357,0.27027027027027023,0.4512877939529675,0.5405405405405405,0.4512877939529675,-0.08925274658757298,0.5405405405405405,2024-2025,16497.0,13,0
,,7290.0,4,0.16808149405772493,0.16808149405772493,58.0,,eredivisie,eredivisie_2592336,1.0701759682668066,,1.115530303030303,1.1134124443860467,1.115530303030303,1.1134124443860467,0.28013582342954163,0.22853429337136677,0.28013582342954163,0.05160153005817486,0.22853429337136677,0.27164685908319186,0.2697116435283698,0.27164685908319186,0.0019352155548220673,0.2697116435283698,0.44821731748726656,0.5017540631002634,0.44821731748726656,-0.05353674561299682,0.5017540631002634,2024-2025,7232.0,4,0
,,7764.0,75,0.1831341524995792,0.1831341524995792,1.0,,eredivisie,eredivisie_2592336,1.0685104250686084,,1.0497414371929936,1.0807870740681491,1.0497414371929936,1.0807870740681491,0.26834240400980003,0.2434872705743043,0.26834240400980003,0.024855133435495724,0.2434872705743043,0.2801810394808206,0.26435760805210184,0.2801810394808206,0.01582343142871878,0.26435760805210184,0.45147655650937923,0.49215512137359385,0.45147655650937923,-0.04067856486421462,0.49215512137359385,2024-2025,7763.0,75,0
,,9290.0,28,0.1997471554993679,0.1997471554993679,4.0,,eredivisie,eredivisie_2592336,1.0632574708101892,,1.0469194626431078,1.080224939379869,1.0469194626431078,1.080224939379869,0.26169405815423513,0.2607698920622791,0.26169405815423513,0.0009241660919560579,0.2607698920622791,0.2768647281921618,0.26449517623459734,0.2768647281921618,0.01236955195756445,0.26449517623459734,0.461441213653603,0.47473493170312353,0.461441213653603,-0.013293718049520509,0.47473493170312353,2024-2025,9286.0,28,0
,,16512.0,18,0.028056112224448926,-0.028056112224448926,26.0,,eredivisie,eredivisie_2592337,1.0888789887934518,,1.0560846560846562,1.0531045751633987,1.0560846560846562,1.0531045751633987,0.3787575150300601,0.39898038346447967,0.3787575150300601,-0.02022286843441956,0.39898038346447967,0.2705410821643286,0.27130666075584614,0.2705410821643286,-0.0007655785915175461,0.27130666075584614,0.3507014028056112,0.32971295577967413,0.3507014028056112,0.02098844702593705,0.32971295577967413,2024-2025,16486.0,18,2
,,7291.0,5,0.022975929978118093,-0.022975929978118093,5.0,,eredivisie,eredivisie_2592337,1.084589652531945,,1.1112462006079027,1.1130669483072229,1.1112462006079027,1.1130669483072229,0.38293216630196936,0.345545598313126,0.38293216630196936,0.03738656798884338,0.345545598313126,0.25711159737417943,0.26041117554032683,0.25711159737417943,-0.003299578166147399,0.26041117554032683,0.35995623632385126,0.39404322614654724,0.35995623632385126,-0.03408698982269598,0.39404322614654724,2024-2025,7286.0,5,2
,,7764.0,80,0.025512351344959827,-0.025512351344959827,1.0,,eredivisie,eredivisie_2592337,1.0926020283877587,,1.049931361632036,1.0790879994506022,1.049931361632036,1.0790879994506022,0.3706004721688906,0.3445012937639739,0.3706004721688906,0.026099178404916656,0.3445012937639739,0.2843114070071787,0.2725613177132617,0.2843114070071787,0.011750089293917021,0.2725613177132617,0.34508812082393076,0.3829373885227644,0.34508812082393076,-0.03784926769883362,0.3829373885227644,2024-2025,7763.0,80,2
,,9292.0,37,0.0240912378962152,-0.0240912378962152,0.0,,eredivisie,eredivisie_2592337,1.090531517984871,,1.0821536410695876,1.0778415278773874,1.0821536410695876,1.0778415278773874,0.37412275321181254,0.3474832111391781,0.37412275321181254,0.026639542072634415,0.3474832111391781,0.2758457314725901,0.25771671492822373,0.2758457314725901,0.018129016544366383,0.25771671492822373,0.35003151531559734,0.3948000739325981,0.35003151531559734,-0.04476855861700074,0.3948000739325981,2024-2025,9292.0,37,2
,,16647.0,19,0.010718635809987775,-0.010718635809987775,5.0,,eredivisie,eredivisie_2592338,1.0936225620435274,,1.0550800627136505,1.0560224089635852,1.0550800627136505,1.0560224089635852,0.36175395858708886,0.27055702917771884,0.36175395858708886,0.09119692940937002,0.27055702917771884,0.28721071863581,0.2785145888594165,0.28721071863581,0.008696129776393502,0.2785145888594165,0.3510353227771011,0.4509283819628648,0.3510353227771011,-0.09989305918576369,0.4509283819628648,2024-2025,16642.0,19,0
,,7424.0,2,0.017842876165113264,-0.017842876165113264,275.0,,eredivisie,eredivisie_2592338,1.0885628243509509,,1.1119995261786306,1.111221334758165,1.1119995261786306,1.111221334758165,0.3747003994673769,0.38789255504388487,0.3747003994673769,-0.013192155576507991,0.38789255504388487,0.2684420772303595,0.2686300679706904,0.2684420772303595,-0.00018799074033087892,0.2686300679706904,0.3568575233022636,0.3434773769854247,0.3568575233022636,0.013380146316838926,0.3434773769854247,2024-2025,7149.0,2,0
,,7899.0,42,0.010764781491002573,-0.010764781491002573,1.0,,eredivisie,eredivisie_2592338,1.0929368747119501,,1.0505572223699144,1.0790879994506022,1.0505572223699144,1.0790879994506022,0.3633113753213368,0.3829373885227644,0.3633113753213368,-0.019626013201427595,0.3829373885227644,0.28414203084832906,0.2725613177132617,0.28414203084832906,0.011580713135067366,0.2725613177132617,0.3525465938303342,0.3445012937639739,0.3525465938303342,0.008045300066360284,0.3445012937639739,2024-2025,7898.0,42,0
,,9423.0,19,0.014333230752368087,-0.014333230752368087,0.0,,eredivisie,eredivisie_2592338,1.0896706469985258,,1.0818244588620207,1.0810424518749115,1.0818244588620207,1.0810424518749115,0.37123067648633495,0.37450730902655455,0.37123067648633495,-0.003276632540219593,0.37450730902655455,0.2718718777796983,0.2569536259154416,0.2718718777796983,0.014918251864256715,0.2569536259154416,0.35689744573396687,0.3685390650580039,0.35689744573396687,-0.011641619324037011,0.3685390650580039,2024-2025,9423.0,19,0
,,15460.0,20,0.48305084745762716,0.48305084745762716,8.0,,eredivisie,eredivisie_2592339,0.9036490670160099,,1.0488888888888888,1.0695267580716497,1.0488888888888888,1.0695267580716497,0.15254237288135594,0.10999917293854934,0.15254237288135594,0.0425431999428066,0.10999917293854934,0.21186440677966104,0.1869985939955339,0.21186440677966104,0.02486581278412714,0.1869985939955339,0.6355932203389831,0.7030022330659168,0.6355932203389831,-0.06740901272693367,0.7030022330659168,2024-2025,15452.0,20,0
,,5152.0,134,0.4893888658685452,0.4893888658685452,2.0,,eredivisie,eredivisie_2592339,0.8997256482627454,,1.052110040720911,1.0781590904541725,1.052110040720911,1.0781590904541725,0.14851108149574993,0.1520503121301432,0.14851108149574993,-0.0035392306343932645,0.1520503121301432,0.21358897113995498,0.2038476712074447,0.21358897113995498,0.009741299932510272,0.2038476712074447,0.6378999473642951,0.6441020166624121,0.6378999473642951,-0.006202069298116952,0.6441020166624121,2024-2025,5150.0,134,0
,,6786.0,31,0.47193043305916166,0.47193043305916166,0.0,,eredivisie,eredivisie_2592339,0.9126272292357323,,1.0823217738021498,1.0547399976542922,1.0823217738021498,1.0547399976542922,0.15659994054107623,0.1415076053579262,0.15659994054107623,0.015092335183150035,0.1415076053579262,0.214869685858686,0.19548473317486714,0.214869685858686,0.019384952683818846,0.19548473317486714,0.6285303736002379,0.6630076614672068,0.6285303736002379,-0.03447728786696891,0.6630076614672068,2024-2025,6786.0,31,0
,,16690.0,14,0.0709963695038322,0.0709963695038322,26.0,,eredivisie,eredivisie_2592340,1.0919084578280258,,1.0539965986394557,1.0512605042016807,1.0539965986394557,1.0512605042016807,0.3162565550625252,0.38049560351718625,0.3162565550625252,-0.06423904845466105,0.38049560351718625,0.2964905203711174,0.2797761790567546,0.2964905203711174,0.01671434131436278,0.2797761790567546,0.3872529245663574,0.33972821742605913,0.3872529245663574,0.04752470714029827,0.33972821742605913,2024-2025,16664.0,14,0
,,5926.0,3,0.08312477654629968,0.08312477654629968,25.0,,eredivisie,eredivisie_2592340,1.091141123222719,,1.1105816954536432,1.1114805711452713,1.1105816954536432,1.1114805711452713,0.3083661065427243,0.36425135095071887,0.3083661065427243,-0.05588524440799458,0.36425135095071887,0.30014301036825164,0.2829247914617219,0.30014301036825164,0.017218218906529748,0.2829247914617219,0.39149088308902397,0.35282385758755913,0.39149088308902397,0.038667025501464836,0.35282385758755913,2024-2025,5901.0,3,0
,,6382.0,80,0.08628647267396938,0.08628647267396938,10.0,,eredivisie,eredivisie_2592340,1.0887907685293714,,1.0493091973303237,1.081361278907421,1.0493091973303237,1.081361278907421,0.31246162074361666,0.36551791219619467,0.31246162074361666,-0.05305629145257801,0.36551791219619467,0.2887902858387972,0.27604785607652904,0.2887902858387972,0.012742429762268137,0.27604785607652904,0.39874809341758605,0.3584342317272761,0.39874809341758605,0.04031386169030993,0.3584342317272761,2024-2025,6372.0,80,0
,,8010.0,31,0.0621201890614449,0.0621201890614449,0.0,,eredivisie,eredivisie_2592340,1.091499248324319,,1.0788170163170165,1.048892952342783,1.0788170163170165,1.048892952342783,0.3241053342336259,0.36388783856395146,0.3241053342336259,-0.03978250433032554,0.36388783856395146,0.2896691424713031,0.2763438078369719,0.2896691424713031,0.01332533463433122,0.2763438078369719,0.3862255232950708,0.3597683535990766,0.3862255232950708,0.02645716969599421,0.3597683535990766,2024-2025,8010.0,31,0
,,16825.0,7,0.04815864022662886,0.04815864022662886,14.0,,eredivisie,eredivisie_2592341,1.0898007111823305,,1.059423769507803,1.062233589087809,1.059423769507803,1.062233589087809,0.3371104815864023,0.31380417335473515,0.3371104815864023,0.023306308231667128,0.31380417335473515,0.2776203966005666,0.27688603531300165,0.2776203966005666,0.000734361287564933,0.27688603531300165,0.38526912181303113,0.4093097913322633,0.38526912181303113,-0.024040669519232172,0.4093097913322633,2024-2025,16811.0,7,0
,,6517.0,39,0.029615639629503143,0.029615639629503143,12.0,,eredivisie,eredivisie_2592341,1.0923353336377146,,1.051675155756575,1.0783289282275086,1.051675155756575,1.0783289282275086,0.3432721866146953,0.3553106593197795,0.3432721866146953,-0.012038472705084236,0.3553106593197795,0.2838399871411062,0.28101843055291653,0.2838399871411062,0.0028215565881896665,0.28101843055291653,0.3728878262441984,0.3636709101273038,0.3728878262441984,0.009216916116894625,0.3636709101273038,2024-2025,6505.0,39,0
,,8137.0,29,0.04066090919487164,0.04066090919487164,0.0,,eredivisie,eredivisie_2592341,1.0930788986792441,,1.0783691299200515,1.0510430133591897,1.0783691299200515,1.0510430133591897,0.3347748190377765,0.37165462786488784,0.3347748190377765,-0.03687980882711134,0.37165462786488784,0.2897894527295753,0.27983407274532734,0.2897894527295753,0.009955379984247947,0.27983407274532734,0.37543572823264815,0.3485112993897849,0.37543572823264815,0.026924428842863224,0.3485112993897849,2024-2025,8137.0,29,0
,,16900.0,19,0.5631185969786421,-0.5631185969786421,16.0,,eredivisie,eredivisie_2592342,0.8190414257555376,,1.0520643039824624,1.0607908715325594,1.0520643039824624,1.0607908715325594,0.698906060079875,0.7251483679525222,0.698906060079875,-0.026242307872647253,0.7251483679525222,0.16530647681889218,0.16394658753709201,0.16530647681889218,0.0013598892818001695,0.16394658753709201,0.13578746310123285,0.11090504451038577,0.13578746310123285,0.024882418590847083,0.11090504451038577,2024-2025,16884.0,19,2
,,6134.0,2,0.5549738219895287,-0.5549738219895287,47.0,,eredivisie,eredivisie_2592342,0.8301524160133664,,1.113053613053613,1.1120614863635727,1.113053613053613,1.1120614863635727,0.6910994764397905,0.731081995061107,0.6910994764397905,-0.03998251862131652,0.731081995061107,0.17277486910994763,0.16057693820092173,0.17277486910994763,0.012197930909025906,0.16057693820092173,0.13612565445026178,0.10834106673797127,0.13612565445026178,0.027784587712290518,0.10834106673797127,2024-2025,6087.0,2,2
,,6592.0,108,0.588785046728972,-0.588785046728972,1.0,,eredivisie,eredivisie_2592342,0.8079210420903258,,1.049019607843137,1.0792540792540792,1.049019607843137,1.0792540792540792,0.7009345794392524,0.712742980561555,0.7009345794392524,-0.011808401122302636,0.712742980561555,0.18691588785046734,0.16846652267818576,0.18691588785046734,0.018449365172281573,0.16846652267818576,0.11214953271028039,0.1187904967602592,0.11214953271028039,-0.006640964049978812,0.1187904967602592,2024-2025,6591.0,108,2
,,8209.0,44,0.5624551734551356,-0.5624551734551356,0.0,,eredivisie,eredivisie_2592342,0.830125518949844,,1.083254958086281,1.0536648233901302,1.083254958086281,1.0536648233901302,0.6889132158091427,0.7300526240933011,0.6889132158091427,-0.04113940828415841,0.7300526240933011,0.18462874183685027,0.16085905276632056,0.18462874183685027,0.023769689070529704,0.16085905276632056,0.126458042354007,0.10908832314037833,0.126458042354007,0.017369719213628676,0.10908832314037833,2024-2025,8209.0,44,2
,,16960.0,16,0.25256673511293637,-0.25256673511293637,0.0,,eredivisie,eredivisie_2592343,1.043896216444723,,1.0405982905982907,1.0632284382284383,1.0405982905982907,1.0632284382284383,0.49281314168377827,0.5878322828172102,0.49281314168377827,-0.09501914113343196,0.5878322828172102,0.2669404517453799,0.24116196218141958,0.2669404517453799,0.02577848956396031,0.24116196218141958,0.24024640657084187,0.17100575500137025,0.24024640657084187,0.06924065156947162,0.17100575500137025,2024-2025,16960.0,16,2
,,6193.0,3,0.20237623762376233,-0.20237623762376233,44.0,,eredivisie,eredivisie_2592343,1.0539234936254944,,1.103318695243713,1.1150071798377916,1.103318695243713,1.1150071798377916,0.47702970297029706,0.5124886922357768,0.47702970297029706,-0.03545898926547969,0.5124886922357768,0.24831683168316834,0.24044375641088725,0.24831683168316834,0.007873075272281094,0.24044375641088725,0.27465346534653473,0.24706755135333594,0.27465346534653473,0.02758591399319879,0.24706755135333594,2024-2025,6149.0,3,2
,,6652.0,49,0.22985618510197942,-0.22985618510197942,5.0,,eredivisie,eredivisie_2592343,1.0500960626255695,,1.0482534826043621,1.0797814207650274,1.0482534826043621,1.0797814207650274,0.4842475809732713,0.506072874493927,0.4842475809732713,-0.02182529352065571,0.506072874493927,0.26136102315543686,0.24696356275303644,0.26136102315543686,0.01439746040240042,0.24696356275303644,0.2543913958712919,0.24696356275303644,0.2543913958712919,0.007427833118255456,0.24696356275303644,2024-2025,6647.0,49,2
,,8266.0,39,0.1951531106035384,-0.1951531106035384,0.0,,eredivisie,eredivisie_2592343,1.0601404704885042,,1.080858292954399,1.0504876649454962,1.080858292954399,1.0504876649454962,0.46726801130424683,0.5439650464227198,0.46726801130424683,-0.07669703511847298,0.5439650464227198,0.26061708799504474,0.2293828509011469,0.26061708799504474,0.031234237093897832,0.2293828509011469,0.27211490070070843,0.22665210267613328,0.27211490070070843,0.045462798024575146,0.22665210267613328,2024-2025,8266.0,39,2
,,17875.0,16,0.5508837209302325,-0.5508837209302325,53.0,,eredivisie,eredivisie_2592344,0.850123169622897,,1.0514475743348983,1.0602518412924686,1.0514475743348983,1.0602518412924686,0.6697674418604651,0.7730919195088065,0.6697674418604651,-0.1033244776483414,0.7730919195088065,0.2113488372093023,0.16402993770447719,0.2113488372093023,0.047318899504825124,0.16402993770447719,0.11888372093023256,0.06287814278671626,0.11888372093023256,0.056005578143516296,0.06287814278671626,2024-2025,17822.0,16,2
,,7107.0,3,0.5529772866789442,-0.5529772866789442,95.0,,eredivisie,eredivisie_2592344,0.8395160038831948,,1.1097939829954218,1.1126415671870218,1.1097939829954218,1.1126415671870218,0.6826273787599755,0.7427785419532325,0.6826273787599755,-0.060151163193256973,0.7427785419532325,0.18772252915899326,0.16643741403026133,0.18772252915899326,0.021285115128731935,0.16643741403026133,0.12965009208103132,0.09078404401650618,0.12965009208103132,0.038866048064525135,0.09078404401650618,2024-2025,7012.0,3,2
,,7567.0,101,0.5287356321839081,-0.5287356321839081,2.0,,eredivisie,eredivisie_2592344,0.8671573479928959,,1.0507246376811594,1.076325295075295,1.0507246376811594,1.076325295075295,0.6609195402298851,0.7258493353028065,0.6609195402298851,-0.0649297950729214,0.7258493353028065,0.20689655172413796,0.17205317577548004,0.20689655172413796,0.03484337594865791,0.17205317577548004,0.13218390804597702,0.10209748892171344,0.13218390804597702,0.030086419124263575,0.10209748892171344,2024-2025,7565.0,101,2
,,9179.0,21,0.5336680040318598,-0.5336680040318598,12.0,,eredivisie,eredivisie_2592344,0.8629567367495881,,1.0536783050183884,1.0519266917293233,1.0536783050183884,1.0519266917293233,0.6636757119987352,0.7426848335939246,0.6636757119987352,-0.07900912159518936,0.7426848335939246,0.2063165800343894,0.1667783485965304,0.2063165800343894,0.039538231437859006,0.1667783485965304,0.1300077079668755,0.09053681780954508,0.1300077079668755,0.03947089015733042,0.09053681780954508,2024-2025,9167.0,21,2
,,18010.0,19,0.02693602693602698,0.02693602693602698,10.0,,eredivisie,eredivisie_2592345,1.0929731354564425,,1.058823529411765,1.0634920634920635,1.058823529411765,1.0634920634920635,0.34343434343434337,0.3134328358208955,0.34343434343434337,0.030001507613447886,0.3134328358208955,0.2861952861952861,0.26865671641791045,0.2861952861952861,0.017538569777375668,0.26865671641791045,0.37037037037037035,0.417910447761194,0.37037037037037035,-0.047540077390823665,0.417910447761194,2024-2025,18000.0,19,0
,,7241.0,5,0.007628524046434548,-0.007628524046434548,24.0,,eredivisie,eredivisie_2592345,1.0859582071030303,,1.1146850044365573,1.1132489461422719,1.1146850044365573,1.1132489461422719,0.3737976782752902,0.36220632217879606,0.3737976782752902,0.011591356096494143,0.36220632217879606,0.2600331674958541,0.2603686026096853,0.2600331674958541,-0.00033543511383121727,0.2603686026096853,0.36616915422885565,0.3774250752115186,0.36616915422885565,-0.011255920982662926,0.3774250752115186,2024-2025,7217.0,5,0
,,7702.0,90,0.05018189941281592,0.05018189941281592,1.0,,eredivisie,eredivisie_2592345,1.0902247061238166,,1.0510886227103033,1.0785028898490545,1.0510886227103033,1.0785028898490545,0.3349980852693388,0.3694068678459938,0.3349980852693388,-0.03440878257665503,0.3694068678459938,0.2798219300485065,0.2611862643080125,0.2798219300485065,0.018635665740493967,0.2611862643080125,0.3851799846821547,0.3694068678459938,0.3851799846821547,0.015773116836160894,0.3694068678459938,2024-2025,7701.0,90,0
,,9309.0,16,0.054615612941525615,0.054615612941525615,10.0,,eredivisie,eredivisie_2592345,1.0890040799509317,,1.0488955307523466,1.05393976201723,1.0488955307523466,1.05393976201723,0.3345206292668448,0.36353288514210513,0.3345206292668448,-0.02901225587526035,0.36353288514210513,0.2763431285247848,0.25995091238928614,0.2763431285247848,0.016392216135498683,0.25995091238928614,0.3891362422083704,0.3765162024686089,0.3891362422083704,0.012620039739761502,0.3765162024686089,2024-2025,9299.0,16,0
,,18010.0,17,0.04815864022662886,-0.04815864022662886,18.0,,eredivisie,eredivisie_2592346,1.0898007111823305,,1.059423769507803,1.0510204081632653,1.059423769507803,1.0510204081632653,0.38526912181303113,0.33980582524271846,0.38526912181303113,0.04546329657031267,0.33980582524271846,0.2776203966005666,0.27184466019417475,0.2776203966005666,0.00577573640639184,0.27184466019417475,0.3371104815864023,0.3883495145631068,0.3371104815864023,-0.05123903297670451,0.3883495145631068,2024-2025,17992.0,17,1
,,7241.0,4,0.0603476549688422,-0.0603476549688422,108.0,,eredivisie,eredivisie_2592346,1.0837800118007133,,1.1116580074742504,1.1106439043534326,1.1116580074742504,1.1106439043534326,0.39980321416857983,0.35588086824835946,0.39980321416857983,0.043922345920220374,0.35588086824835946,0.26074122663168253,0.2609793033821302,0.26074122663168253,-0.00023807675044767995,0.2609793033821302,0.33945555919973763,0.3831398283695103,0.33945555919973763,-0.043684269169772694,0.3831398283695103,2024-2025,7133.0,4,1
,,7702.0,76,0.05584746562627818,-0.05584746562627818,2.0,,eredivisie,eredivisie_2592346,1.086633204137305,,1.0495232104189525,1.0795650921658986,1.0495232104189525,1.0795650921658986,0.39372463266526125,0.3618355232441806,0.39372463266526125,0.03188910942108064,0.3618355232441806,0.26839820029575556,0.26465683985860067,0.26839820029575556,0.0037413604371548947,0.26465683985860067,0.3378771670389831,0.3735076368972187,0.3378771670389831,-0.03563046985823565,0.3735076368972187,2024-2025,7700.0,76,1
,,9312.0,73,0.05186843292183824,-0.05186843292183824,0.0,,eredivisie,eredivisie_2592346,1.0868283045528,,1.0812309448466195,1.0517302443973315,1.0812309448466195,1.0517302443973315,0.3918948265205553,0.356110169124792,0.3918948265205553,0.03578465739576331,0.356110169124792,0.2680787798807277,0.26049702782553275,0.2680787798807277,0.007581752055194957,0.26049702782553275,0.34002639359871706,0.3833928030496752,0.34002639359871706,-0.043366409450958154,0.3833928030496752,2024-2025,9312.0,73,1
,,18145.0,18,0.4555575835006388,0.4555575835006388,0.0,,eredivisie,eredivisie_2592347,0.9314011118830536,,1.0469426751592357,1.0586080586080584,1.0469426751592357,1.0586080586080584,0.1528259414735049,0.14532871972318342,0.1528259414735049,0.00749722175032147,0.14532871972318342,0.2387905335523514,0.2249134948096886,0.2387905335523514,0.0138770387426628,0.2249134948096886,0.6083835249741437,0.6297577854671281,0.6083835249741437,-0.02137426049298441,0.6297577854671281,2024-2025,18145.0,18,2
,,7373.0,2,0.48034934497816595,0.48034934497816595,293.0,,eredivisie,eredivisie_2592347,0.901942673988952,,1.1185495920009194,1.1187187425577518,1.1185495920009194,1.1187187425577518,0.1582327254045723,0.13145290047897817,0.1582327254045723,0.026779824925594137,0.13145290047897817,0.20318520421268943,0.19645708203451684,0.20318520421268943,0.006728122178172591,0.19645708203451684,0.6385820703827383,0.672090017486505,0.6385820703827383,-0.0335079471037667,0.672090017486505,2024-2025,7080.0,2,2
,,7837.0,66,0.44034452882116104,0.44034452882116104,2.0,,eredivisie,eredivisie_2592347,0.941345684494935,,1.052402917828792,1.0781981845795552,1.052402917828792,1.0781981845795552,0.1610519341521839,0.13842884682790044,0.1610519341521839,0.022623087324283475,0.13842884682790044,0.23755160287447127,0.20842096039256922,0.23755160287447127,0.029130642481902058,0.20842096039256922,0.6013964629733449,0.6531501927795303,0.6013964629733449,-0.05175372980618542,0.6531501927795303,2024-2025,7835.0,66,2
,,9442.0,28,0.4073506891271057,0.4073506891271057,0.0,,eredivisie,eredivisie_2592347,0.9637402727622607,,1.0807679576299238,1.0514475743348983,1.0807679576299238,1.0514475743348983,0.17457886676875958,0.13209302325581396,0.17457886676875958,0.042485843512945626,0.13209302325581396,0.2434915773353752,0.19813953488372094,0.2434915773353752,0.04535204245165425,0.19813953488372094,0.5819295558958653,0.6697674418604651,0.5819295558958653,-0.08783788596459985,0.6697674418604651,2024-2025,9442.0,28,2
,,19162.0,11,0.7583093967993435,0.7583093967993435,25.0,,eredivisie,eredivisie_2592348,0.5862152265306784,,1.068859649122807,1.0556812468577175,1.068859649122807,1.0556812468577175,0.062371768567911365,0.07893796880581021,0.062371768567911365,-0.016566200237898843,0.07893796880581021,0.11694706606483381,0.11144183831408501,0.11694706606483381,0.005505227750748798,0.11144183831408501,0.8206811653672549,0.8096201928801048,0.8206811653672549,0.0110609724871501,0.8096201928801048,2024-2025,19137.0,11,0
,,16568.0,83,0.7646124018688619,0.7646124018688619,10.0,,eredivisie,eredivisie_2592348,0.5780166888596556,,1.055522007514761,1.078425073177697,1.055522007514761,1.078425073177697,0.05921240822553476,0.06623415312303464,0.05921240822553476,-0.007021744897499883,0.06623415312303464,0.11696278168006866,0.13438813677137465,0.11696278168006866,-0.017425355091305994,0.13438813677137465,0.8238248100943967,0.7993777101055907,0.8238248100943967,0.02444709998880601,0.7993777101055907,2024-2025,16558.0,83,0
,,18460.0,42,0.7328263413003511,0.7328263413003511,0.0,,eredivisie,eredivisie_2592348,0.6232979858895713,,1.0816234294495164,1.0497368293978464,1.0816234294495164,1.0497368293978464,0.07111816814307204,0.07056442338654031,0.07111816814307204,0.0005537447565317211,0.07056442338654031,0.12493732241350491,0.12213073278439672,0.12493732241350491,0.0028065896291081943,0.12213073278439672,0.8039445094434231,0.807304843829063,0.8039445094434231,-0.0033603343856398737,0.807304843829063,2024-2025,18460.0,42,0
,,18892.0,15,0.48442906574394473,0.48442906574394473,27.0,,eredivisie,eredivisie_2592349,0.9070961913681601,,1.0586080586080584,1.0560606060606061,1.0586080586080584,1.0560606060606061,0.14532871972318342,0.18938307030129126,0.14532871972318342,-0.04405435057810783,0.18938307030129126,0.2249134948096886,0.23672883787661403,0.2249134948096886,-0.011815343066925416,0.23672883787661403,0.6297577854671281,0.5738880918220947,0.6297577854671281,0.05586969364503347,0.5738880918220947,2024-2025,18865.0,15,0
,,6015.0,3,0.5333861177091581,0.5333861177091581,25.0,,eredivisie,eredivisie_2592349,0.8642358908395869,,1.1107094000390854,1.1101636315434167,1.1107094000390854,1.1101636315434167,0.12861792909298847,0.15802949358674515,0.12861792909298847,-0.029411564493756676,0.15802949358674515,0.20937802410486497,0.22920308230138609,0.20937802410486497,-0.01982505819652111,0.22920308230138609,0.6620040468021465,0.6127674241118689,0.6620040468021465,0.04923662269027762,0.6127674241118689,2024-2025,5990.0,3,0
,,16298.0,32,0.4769802491225656,0.4769802491225656,16.0,,eredivisie,eredivisie_2592349,0.9108032551381661,,1.0465099530435285,1.0803464755077659,1.0465099530435285,1.0803464755077659,0.15167572775445598,0.17141277301631186,0.15167572775445598,-0.01973704526185588,0.17141277301631186,0.21966829536852248,0.231407243572021,0.21966829536852248,-0.011738948203498523,0.231407243572021,0.6286559768770216,0.5971799834116671,0.6286559768770216,0.03147599346535446,0.5971799834116671,2024-2025,16282.0,32,0
,,18201.0,25,0.4806910569105691,0.4806910569105691,0.0,,eredivisie,eredivisie_2592349,0.9084374901833316,,1.0796576695194207,1.0526411790456733,1.0796576695194207,1.0526411790456733,0.14939024390243902,0.1696413099982672,0.14939024390243902,-0.02025106609582819,0.1696413099982672,0.22052845528455284,0.213481199098943,0.22052845528455284,0.007047256185609835,0.213481199098943,0.6300813008130082,0.6168774909027899,0.6300813008130082,0.0132038099102183,0.6168774909027899,2024-2025,18201.0,25,0
,,19027.0,27,0.6496499045194144,0.6496499045194144,15.0,,eredivisie,eredivisie_2592350,0.7446205185563415,,1.0626352813852813,1.0648221343873518,1.0626352813852813,1.0648221343873518,0.08555060471037557,0.08537490720118782,0.08555060471037557,0.00017569750918774996,0.08537490720118782,0.1792488860598345,0.1633259094283593,0.1792488860598345,0.015922976631475183,0.1633259094283593,0.73520050922979,0.7512991833704529,0.73520050922979,-0.016098674140662905,0.7512991833704529,2024-2025,19012.0,27,0
,,16433.0,81,0.6355140186915889,0.6355140186915889,1.0,,eredivisie,eredivisie_2592350,0.7557479998733357,,1.0498430141287283,1.0807152406417113,1.0498430141287283,1.0807152406417113,0.09719626168224299,0.10886036802226688,0.09719626168224299,-0.011664106340023891,0.10886036802226688,0.17009345794392527,0.168238750579867,0.17009345794392527,0.0018547073640582667,0.168238750579867,0.7327102803738318,0.722900881397866,0.7327102803738318,0.009809398975965777,0.722900881397866,2024-2025,16432.0,81,0
,,18334.0,35,0.634551046837902,0.634551046837902,1.0,,eredivisie,eredivisie_2592350,0.7535854022033646,,1.053990570276465,1.0536586152537384,1.053990570276465,1.0536586152537384,0.10093352039715088,0.10205096808754878,0.10093352039715088,-0.0011174476903978992,0.10205096808754878,0.16358191236779626,0.15064666717685773,0.16358191236779626,0.012935245190938527,0.15064666717685773,0.7354845672350528,0.7473023647355934,0.7354845672350528,-0.011817797500540572,0.7473023647355934,2024-2025,18333.0,35,0
,,19027.0,13,0.34089515634580014,0.34089515634580014,1.0,,eredivisie,eredivisie_2592351,0.9976559151097604,,1.0536175710594315,1.0512099921935987,1.0536175710594315,1.0512099921935987,0.21091354996934394,0.2264963612060003,0.21091354996934394,-0.015582811236656363,0.2264963612060003,0.23727774371551194,0.25367592455072036,0.23727774371551194,-0.016398180835208415,0.25367592455072036,0.5518087063151441,0.5198277142432793,0.5518087063151441,0.03198099207186478,0.5198277142432793,2024-2025,19026.0,13,1
,,6149.0,4,0.2925637778179845,0.2925637778179845,585.0,,eredivisie,eredivisie_2592351,1.0176015648330976,,1.1111334485947488,1.110588469326643,1.1111334485947488,1.110588469326643,0.23683734394789216,0.24140041261895775,0.23683734394789216,-0.0045630686710655954,0.24140041261895775,0.23376153428623123,0.2350975297829536,0.23376153428623123,-0.0013359954967223642,0.2350975297829536,0.5294011217658766,0.5235020575980887,0.5294011217658766,0.00589906416778796,0.5235020575980887,2024-2025,5564.0,4,1
,,16433.0,37,0.2959105692501823,0.2959105692501823,0.0,,eredivisie,eredivisie_2592351,1.0197814435228836,,1.097865905709617,1.0792751108540581,1.097865905709617,1.0792751108540581,0.23059697513640315,0.24707941838448075,0.23059697513640315,-0.0164824432480776,0.24707941838448075,0.24289548047701137,0.24382837340573757,0.24289548047701137,-0.0009328929287261978,0.24382837340573757,0.5265075443865854,0.5090922082097817,0.5265075443865854,0.017415336176803686,0.5090922082097817,2024-2025,16433.0,37,1
,,18331.0,27,0.29821580288870003,0.29821580288870003,0.0,,eredivisie,eredivisie_2592351,1.016956291767153,,1.0778388278388278,1.053053074241847,1.0778388278388278,1.053053074241847,0.23194562446898898,0.24041006398874332,0.23194562446898898,-0.008464439519754341,0.24041006398874332,0.23789294817332204,0.24349224429629138,0.23789294817332204,-0.005599296122969333,0.24349224429629138,0.530161427357689,0.5160976917149653,0.530161427357689,0.014063735642723674,0.5160976917149653,2024-2025,18331.0,27,1
,,19162.0,12,0.3180515759312321,-0.3180515759312321,5.0,,eredivisie,eredivisie_2592352,1.0148154326141103,,1.048048048048048,1.0549019607843138,1.048048048048048,1.0549019607843138,0.5300859598853869,0.5576208178438662,0.5300859598853869,-0.02753485795847932,0.5576208178438662,0.2578796561604584,0.2527881040892193,0.2578796561604584,0.005091552071239069,0.2527881040892193,0.21203438395415472,0.1895910780669145,0.21203438395415472,0.022443305887240222,0.1895910780669145,2024-2025,19157.0,12,2
,,16568.0,50,0.3075209453242288,-0.3075209453242288,3.0,,eredivisie,eredivisie_2592352,1.0185195808078213,,1.049037911983235,1.0783329586766608,1.049037911983235,1.0783329586766608,0.526659886677321,0.5039985623146734,0.526659886677321,0.02266132436264756,0.5039985623146734,0.2542011719695869,0.2612274238476054,0.2542011719695869,-0.007026251878018475,0.2612274238476054,0.21913894135309217,0.23477401383772126,0.21913894135309217,-0.015635072484629087,0.23477401383772126,2024-2025,16565.0,50,2
,,18463.0,54,0.29098512519189035,-0.29098512519189035,0.0,,eredivisie,eredivisie_2592352,1.029240346052558,,1.08043649840431,1.0501321008567386,1.08043649840431,1.0501321008567386,0.5113546133079244,0.5175332326534676,0.5113546133079244,-0.0061786193455432015,0.5175332326534676,0.2682758985760415,0.24734055794347543,0.2682758985760415,0.02093534063256608,0.24734055794347543,0.2203694881160341,0.2351262094030569,0.2203694881160341,-0.014756721287022795,0.2351262094030569,2024-2025,18463.0,54,2
,,20077.0,13,0.1296023564064801,0.1296023564064801,36.0,,eredivisie,eredivisie_2592353,1.0818502234468752,,1.0551670551670551,1.056992027580263,1.0551670551670551,1.056992027580263,0.2916053019145803,0.33788604627458974,0.2916053019145803,-0.04628074436000945,0.33788604627458974,0.2871870397643594,0.2911018244827235,0.2871870397643594,-0.003914784718364095,0.2911018244827235,0.4212076583210604,0.37101212924268684,0.4212076583210604,0.050195529078373546,0.37101212924268684,2024-2025,20041.0,13,2
,,7195.0,5,0.10915492957746481,0.10915492957746481,25.0,,eredivisie,eredivisie_2592353,1.0859553120242538,,1.110459433040078,1.1110796237022629,1.110459433040078,1.1110796237022629,0.3001760563380282,0.34616365597075366,0.3001760563380282,-0.04598759963272547,0.34616365597075366,0.2904929577464789,0.28038177742179426,0.2904929577464789,0.01011118032468461,0.28038177742179426,0.409330985915493,0.37345456660745213,0.409330985915493,0.03587641930804086,0.37345456660745213,2024-2025,7170.0,5,2
,,17483.0,91,0.08755942947702061,0.08755942947702061,5.0,,eredivisie,eredivisie_2592353,1.086514680454374,,1.0529828952857738,1.0814778566185466,1.0529828952857738,1.0814778566185466,0.3165610142630745,0.34502262443438914,0.3165610142630745,-0.028461610171314655,0.34502262443438914,0.2793185419968304,0.2760180995475113,0.2793185419968304,0.003300442449319152,0.2760180995475113,0.4041204437400951,0.3789592760180996,0.4041204437400951,0.025161167721995503,0.3789592760180996,2024-2025,17478.0,91,2
,,19375.0,49,0.10116828237633613,0.10116828237633613,0.0,,eredivisie,eredivisie_2592353,1.0850996749693846,,1.078841512469831,1.0511737283824067,1.078841512469831,1.0511737283824067,0.30897340293313447,0.34220055210984834,0.30897340293313447,-0.03322714917671388,0.34220055210984834,0.280884911757395,0.2757442130044575,0.280884911757395,0.005140698752937489,0.2757442130044575,0.4101416853094706,0.3820552348856941,0.4101416853094706,0.0280864504237765,0.3820552348856941,2024-2025,19375.0,49,2
,,20212.0,37,0.010671482515186292,-0.010671482515186292,2.0,,eredivisie,eredivisie_2592354,1.0942757071430764,,1.0597420673756552,1.0488721804511278,1.0597420673756552,1.0488721804511278,0.3601625348875389,0.4767025089605735,0.3601625348875389,-0.11653997407303457,0.4767025089605735,0.29034641274010836,0.27240143369175623,0.29034641274010836,0.017944979048352128,0.27240143369175623,0.3494910523723526,0.25089605734767023,0.3494910523723526,0.09859499502468239,0.25089605734767023,2024-2025,20210.0,37,2
,,7330.0,3,0.02339557845031126,-0.02339557845031126,60.0,,eredivisie,eredivisie_2592354,1.090250260498905,,1.1131020642201834,1.1129203585842764,1.1131020642201834,1.1129203585842764,0.37432925520497967,0.4470332795814975,0.37432925520497967,-0.07270402437651785,0.4470332795814975,0.27473706804035203,0.27478192414642505,0.27473706804035203,-4.485610607302126e-05,0.27478192414642505,0.3509336767546684,0.27818479627207743,0.3509336767546684,0.07274888048259098,0.27818479627207743,2024-2025,7270.0,3,2
,,17618.0,74,0.01785394398996837,-0.01785394398996837,1.0,,eredivisie,eredivisie_2592354,1.0908158680257112,,1.0493305011998972,1.0913867183151895,1.0493305011998972,1.0913867183151895,0.3708126828685735,0.4426403394255875,0.3708126828685735,-0.07182765655701401,0.4426403394255875,0.27622857825282143,0.26179014360313313,0.27622857825282143,0.014438434649688303,0.26179014360313313,0.3529587388786051,0.29556951697127937,0.3529587388786051,0.05738922190732576,0.29556951697127937,2024-2025,17617.0,74,2
,,19507.0,47,0.013805935277775405,-0.013805935277775405,0.0,,eredivisie,eredivisie_2592354,1.0930473367393567,,1.0801809738817614,1.0532407407407407,1.0801809738817614,1.0532407407407407,0.364476691333271,0.43956043956043955,0.364476691333271,-0.07508374822716857,0.43956043956043955,0.2848525526112333,0.26373626373626374,0.2848525526112333,0.02111628887496958,0.26373626373626374,0.3506707560554956,0.2967032967032967,0.3506707560554956,0.05396745935219888,0.2967032967032967,2024-2025,19507.0,47,2
,,20212.0,19,0.08860759493670889,0.08860759493670889,12.0,,eredivisie,eredivisie_2592355,1.0909644702424528,,1.0618279569892473,1.0512969415408442,1.0618279569892473,1.0512969415408442,0.3037974683544304,0.2642238998342846,0.3037974683544304,0.03957356852014576,0.2642238998342846,0.3037974683544304,0.27177315411526415,0.3037974683544304,0.03202431423916624,0.27177315411526415,0.3924050632911393,0.46400294605045106,0.3924050632911393,-0.07159788275931178,0.46400294605045106,2024-2025,20200.0,19,1
,,7329.0,3,0.11077731881336833,0.11077731881336833,48.0,,eredivisie,eredivisie_2592355,1.0877537904709353,,1.116230886918823,1.1133621647365002,1.116230886918823,1.1133621647365002,0.2927686282924736,0.25088836120513985,0.2927686282924736,0.04188026708733372,0.25088836120513985,0.30368542460168446,0.3044679095303053,0.30368542460168446,-0.0007824849286208191,0.3044679095303053,0.4035459471058419,0.4446437292645548,0.4035459471058419,-0.0410977821587129,0.4446437292645548,2024-2025,7281.0,3,1
,,17618.0,46,0.06725187312938152,0.06725187312938152,1.0,,eredivisie,eredivisie_2592355,1.093825670698962,,1.048855872122299,1.0836511789181693,1.048855872122299,1.0836511789181693,0.3125966695458289,0.263658907287417,0.3125966695458289,0.0489377622584119,0.263658907287417,0.3075547877789606,0.2883769298456123,0.3075547877789606,0.019177857933348308,0.2883769298456123,0.3798485426752104,0.4479641628669706,0.3798485426752104,-0.0681156201917602,0.4479641628669706,2024-2025,17617.0,46,1
,,19503.0,44,0.10154092455473285,0.10154092455473285,7.0,,eredivisie,eredivisie_2592355,1.0907000596175433,,1.051849419451531,1.051869520396451,1.051849419451531,1.051869520396451,0.2880928557134281,0.2569427719213739,0.2880928557134281,0.031150083792054195,0.2569427719213739,0.32227336401841106,0.2837875391370398,0.32227336401841106,0.038485824881371256,0.2837875391370398,0.3896337802681609,0.45926968894158626,0.3896337802681609,-0.06963590867342534,0.45926968894158626,2024-2025,19496.0,44,1
,,20347.0,21,0.8011643528884907,0.8011643528884907,11.0,,eredivisie,eredivisie_2592356,0.5161126065580596,,1.0587956377430061,1.06013986013986,1.0587956377430061,1.06013986013986,0.04970891177787729,0.0857519788918206,0.04970891177787729,-0.036043067113943304,0.0857519788918206,0.09941782355575458,0.18865435356200533,0.09941782355575458,-0.08923653000625074,0.18865435356200533,0.850873264666368,0.7255936675461742,0.850873264666368,0.12527959712019388,0.7255936675461742,2024-2025,20336.0,21,0
,,17753.0,99,0.7986373959121879,0.7986373959121879,1.0,,eredivisie,eredivisie_2592356,0.516578224895015,,1.0484126984126982,1.0791240409207161,1.0484126984126982,1.0791240409207161,0.05299015897047692,0.057917345578432824,0.05299015897047692,-0.004927186607955908,0.057917345578432824,0.09538228614685847,0.13627610724337136,0.09538228614685847,-0.04089382109651289,0.13627610724337136,0.8516275548826647,0.8058065471781959,0.8516275548826647,0.04582100770446884,0.8058065471781959,2024-2025,17752.0,99,0
,,19637.0,28,0.7841409691629957,0.7841409691629957,0.0,,eredivisie,eredivisie_2592356,0.5429519147031014,,1.0820565202587673,1.0480020917284445,1.0820565202587673,1.0480020917284445,0.056010069225928265,0.06580665991576043,0.056010069225928265,-0.009796590689832164,0.06580665991576043,0.1038388923851479,0.12555218010243765,0.1038388923851479,-0.021713287717289753,0.12555218010243765,0.8401510383889239,0.808641159981802,0.8401510383889239,0.03150987840712194,0.808641159981802,2024-2025,19637.0,28,0
,,26955.0,31,0.3994317028617821,0.3994317028617821,2.0,,eredivisie,eredivisie_2592357,0.9656906127299651,,1.0404392355611867,1.0588312681406689,1.0404392355611867,1.0588312681406689,0.1830728638116501,0.1988289561557457,0.1830728638116501,-0.015756092344095585,0.1988289561557457,0.23442256951491786,0.25525338965940325,0.23442256951491786,-0.020830820144485396,0.25525338965940325,0.5825045666734322,0.5459176541848509,0.5825045666734322,0.03658691248858126,0.5459176541848509,2024-2025,26953.0,31,1
,,6038.0,3,0.36743295019157085,0.36743295019157085,6.0,,eredivisie,eredivisie_2592357,0.9747865260214144,,1.1116790186557628,1.1106750392464677,1.1116790186557628,1.1106750392464677,0.20919540229885059,0.17314487632508835,0.20919540229885059,0.03605052597376224,0.17314487632508835,0.21417624521072798,0.2143698468786808,0.21417624521072798,-0.00019360166795281963,0.2143698468786808,0.5766283524904214,0.6124852767962309,0.5766283524904214,-0.035856924305809446,0.6124852767962309,2024-2025,6032.0,3,1
,,6418.0,71,0.3899765074393109,0.3899765074393109,1.0,,eredivisie,eredivisie_2592357,0.9692728296926298,,1.0507199529826623,1.078993750055355,1.0507199529826623,1.078993750055355,0.19034567625013984,0.17486592973623727,0.19034567625013984,0.015479746513902576,0.17486592973623727,0.22933214006040942,0.22332275363904996,0.22933214006040942,0.006009386421359453,0.22332275363904996,0.5803221836894508,0.6018113166247127,0.5803221836894508,-0.02148913293526189,0.6018113166247127,2024-2025,6417.0,71,1
,,6955.0,44,0.3729881035689293,0.3729881035689293,0.0,,eredivisie,eredivisie_2592357,0.976901939581291,,1.0824117557945765,1.051698573264358,1.0824117557945765,1.051698573264358,0.20083974807557736,0.17288050629738705,0.20083974807557736,0.027959241778190314,0.17288050629738705,0.22533240027991605,0.213672535873175,0.22533240027991605,0.01165986440674105,0.213672535873175,0.5738278516445067,0.6134469578294379,0.5738278516445067,-0.03961910618493125,0.6134469578294379,2024-2025,6955.0,44,1
,,28185.0,29,0.42793462109955427,0.42793462109955427,9.0,,eredivisie,eredivisie_2592358,0.9498377587818126,,1.045031055900621,1.057997557997558,1.045031055900621,1.057997557997558,0.1664190193164933,0.33756491633006347,0.1664190193164933,-0.17114589701357016,0.33756491633006347,0.23922734026745915,0.24235429890363533,0.23922734026745915,-0.0031269586361761803,0.24235429890363533,0.5943536404160475,0.4200807847663012,0.5943536404160475,0.17427285564974637,0.4200807847663012,2024-2025,28176.0,29,0
,,7266.0,7,0.4382742417770183,0.4382742417770183,31.0,,eredivisie,eredivisie_2592358,0.9425756268603627,,1.110004741583689,1.1139208340060769,1.110004741583689,1.1139208340060769,0.16232379325074758,0.25431440936549043,0.16232379325074758,-0.09199061611474285,0.25431440936549043,0.23707817172148654,0.2805405828313067,0.23707817172148654,-0.04346241110982013,0.2805405828313067,0.6005980350277659,0.4651450078032028,0.6005980350277659,0.1354530272245631,0.4651450078032028,2024-2025,7235.0,7,0
,,7648.0,85,0.41481580709979904,0.41481580709979904,1.0,,eredivisie,eredivisie_2592358,0.9594690126261074,,1.0484786174970224,1.0765835569610154,1.0484786174970224,1.0765835569610154,0.17031480241125252,0.2692360203623881,0.17031480241125252,-0.09892121795113556,0.2692360203623881,0.24455458807769595,0.27319537360301144,0.24455458807769595,-0.028640785525315487,0.27319537360301144,0.5851306095110516,0.4575686060346005,0.5851306095110516,0.12756200347645108,0.4575686060346005,2024-2025,7647.0,85,0
,,8182.0,83,0.3883863965267727,0.3883863965267727,0.0,,eredivisie,eredivisie_2592358,0.974597549978701,,1.0842759071592023,1.0536437942166357,1.0842759071592023,1.0536437942166357,0.1844548962855765,0.27509778357235987,0.1844548962855765,-0.09064288728678338,0.27509778357235987,0.2427038109020743,0.27509778357235987,0.2427038109020743,-0.03239397267028557,0.27509778357235987,0.5728412928123492,0.4498044328552804,0.5728412928123492,0.12303685995706881,0.4498044328552804,2024-2025,8182.0,83,0
,,28320.0,16,0.23636363636363636,0.23636363636363636,0.0,,eredivisie,eredivisie_2592359,1.0543100726616526,,1.0576923076923077,1.0505494505494506,1.0576923076923077,1.0505494505494506,0.23636363636363636,0.2928870292887029,0.23636363636363636,-0.05652339292506656,0.2928870292887029,0.2909090909090909,0.25383542538354253,0.2909090909090909,0.03707366552554836,0.25383542538354253,0.4727272727272727,0.4532775453277545,0.4727272727272727,0.019449727399518224,0.4532775453277545,2024-2025,28320.0,16,0
,,7397.0,2,0.16687327005043384,0.16687327005043384,5042.0,,eredivisie,eredivisie_2592359,1.0733711560324672,,1.1105315404610716,1.1103629907634844,1.1105315404610716,1.1103629907634844,0.27453344427652027,0.2610453292075811,0.27453344427652027,0.013488115068939155,0.2610453292075811,0.2840598413965257,0.28410296080951253,0.2840598413965257,-4.3119412986847294e-05,0.28410296080951253,0.4414067143269541,0.45485170998290647,0.4414067143269541,-0.013444995655952363,0.45485170998290647,2024-2025,2355.0,2,0
,,7783.0,43,0.2008169327887115,0.2008169327887115,1.0,,eredivisie,eredivisie_2592359,1.0665888227549005,,1.0495915440259416,1.094420792189555,1.0495915440259416,1.094420792189555,0.250724099517267,0.26874274425141037,0.250724099517267,-0.018018644734143385,0.26874274425141037,0.29773486817675454,0.2811462555245524,0.29773486817675454,0.016588612652202128,0.2811462555245524,0.4515410323059785,0.45011100022403716,0.4515410323059785,0.0014300320819413126,0.45011100022403716,2024-2025,7782.0,43,0
,,8312.0,27,0.22655307743849915,0.22655307743849915,0.0,,eredivisie,eredivisie_2592359,1.059092516051475,,1.078545847231987,1.0509489649478243,1.078545847231987,1.0509489649478243,0.23472767301617684,0.26069068230475656,0.23472767301617684,-0.025963009288579725,0.26069068230475656,0.3039915765291471,0.2840361165410034,0.3039915765291471,0.019955459988143687,0.2840361165410034,0.461280750454676,0.45527320115424,0.461280750454676,0.006007549300435955,0.45527320115424,2024-2025,8312.0,27,0
,,28395.0,19,0.6642335766423358,0.6642335766423358,4.0,,eredivisie,eredivisie_2592360,0.7135893883917559,,1.0538461538461539,1.0591093117408907,1.0538461538461539,1.0591093117408907,0.09489051094890512,0.09938837920489296,0.09489051094890512,-0.004497868255987844,0.09938837920489296,0.14598540145985403,0.1452599388379205,0.14598540145985403,0.0007254626219335425,0.1452599388379205,0.759124087591241,0.7553516819571866,0.759124087591241,0.0037724056340543433,0.7553516819571866,2024-2025,28391.0,19,1
,,7858.0,68,0.6947617172115007,0.6947617172115007,3.0,,eredivisie,eredivisie_2592360,0.6863351971781466,,1.0500413564929694,1.0801136417087647,1.0500413564929694,1.0801136417087647,0.07325718786923986,0.09955145233636721,0.07325718786923986,-0.02629426446712735,0.09955145233636721,0.15872390705001968,0.171449723468188,0.15872390705001968,-0.012725816418168306,0.171449723468188,0.7680189050807406,0.7289988241954449,0.7680189050807406,0.03902008088529563,0.7289988241954449,2024-2025,7855.0,68,1
,,8384.0,19,0.6641959752436719,0.6641959752436719,0.0,,eredivisie,eredivisie_2592360,0.7209969663397806,,1.0806600184228443,1.0837805605247466,1.0806600184228443,1.0837805605247466,0.08812956305822184,0.10729023383768913,0.08812956305822184,-0.019160670779467287,0.10729023383768913,0.15954489863988439,0.17744154057771663,0.15954489863988439,-0.017896641937832247,0.17744154057771663,0.7523255383018937,0.7152682255845941,0.7523255383018937,0.03705731271729962,0.7152682255845941,2024-2025,8384.0,19,1
,,28465.0,23,0.017163874131589707,-0.017163874131589707,25.0,,eredivisie,eredivisie_2592361,1.088340363416852,,1.0673936750272628,1.058005914659907,1.0673936750272628,1.058005914659907,0.37474458520637516,0.37806972008145995,0.37474458520637516,-0.0033251348750847898,0.37806972008145995,0.2676747037188394,0.26254841672323603,0.2676747037188394,0.005126286995603357,0.26254841672323603,0.35758071107478545,0.35938186319530413,0.35758071107478545,-0.0018011521205186787,0.35938186319530413,2024-2025,28440.0,23,0
,,7538.0,5,0.017842876165113264,-0.017842876165113264,80.0,,eredivisie,eredivisie_2592361,1.0885628243509509,,1.1119995261786306,1.1114116525662094,1.1119995261786306,1.1114116525662094,0.3747003994673769,0.39636855826018086,0.3747003994673769,-0.021668158792803982,0.39636855826018086,0.2684420772303595,0.25488856296051293,0.2684420772303595,0.013553514269846578,0.25488856296051293,0.3568575233022636,0.3487428787793064,0.3568575233022636,0.008114644522957237,0.3487428787793064,2024-2025,7458.0,5,0
,,7928.0,98,0.005761613251710429,-0.005761613251710429,1.0,,eredivisie,eredivisie_2592361,1.089578604559272,,1.0846808843059137,1.0931453494382557,1.0846808843059137,1.0931453494382557,0.367302844796543,0.3909365095593498,0.367302844796543,-0.02363366476280676,0.3909365095593498,0.2711559236586244,0.2651569369185155,0.2711559236586244,0.0059989867401089025,0.2651569369185155,0.3615412315448326,0.34390655352213473,0.3615412315448326,0.01763467802269786,0.34390655352213473,2024-2025,7927.0,98,0
,,8451.0,34,0.024502297090352176,-0.024502297090352176,7.0,,eredivisie,eredivisie_2592361,1.0937482731296022,,1.0796957671957672,1.0788650819031376,1.0796957671957672,1.0788650819031376,0.36753445635528326,0.3927542198435571,0.36753445635528326,-0.025219763488273816,0.3927542198435571,0.2894333843797856,0.2574722107863318,0.2894333843797856,0.031961173593453795,0.2574722107863318,0.3430321592649311,0.34977356937011117,0.3430321592649311,-0.00674141010518009,0.34977356937011117,2024-2025,8444.0,34,0
,,29370.0,18,0.49958915365653256,-0.49958915365653256,46.0,,eredivisie,eredivisie_2592362,0.8861231219388039,,1.0601814882032667,1.0595238095238095,1.0601814882032667,1.0595238095238095,0.6505067104902768,0.6554307116104868,0.6505067104902768,-0.004924001120210075,0.6554307116104868,0.1985757326759792,0.2097378277153558,0.1985757326759792,-0.011162095039376596,0.2097378277153558,0.1509175568337442,0.1348314606741573,0.1509175568337442,0.016086096159586893,0.1348314606741573,2024-2025,29324.0,18,2
,,8440.0,2,0.4866376631448104,-0.4866376631448104,4249.0,,eredivisie,eredivisie_2592362,0.8961376198841613,,1.1104209799861975,1.110873209513851,1.1104209799861975,1.110873209513851,0.6432566811684275,0.5961541334847376,0.6432566811684275,0.04710254768368993,0.5961541334847376,0.2001243008079552,0.21433160513379848,0.2001243008079552,-0.014207304325843273,0.21433160513379848,0.15661901802361713,0.1895142613814639,0.15661901802361713,-0.03289524335784677,0.1895142613814639,2024-2025,4191.0,2,2
,,8833.0,49,0.4844587352625938,-0.4844587352625938,5.0,,eredivisie,eredivisie_2592362,0.8968070901439495,,1.0506756756756757,1.0807231983702572,1.0506756756756757,1.0807231983702572,0.6430868167202572,0.6008482563619227,0.6430868167202572,0.04223856035833451,0.6008482563619227,0.1982851018220793,0.2177191328934967,0.1982851018220793,-0.01943403107141739,0.2177191328934967,0.15862808145766344,0.1814326107445806,0.15862808145766344,-0.022804529286917175,0.1814326107445806,2024-2025,8828.0,49,2
,,9353.0,46,0.48584269662921353,-0.48584269662921353,0.0,,eredivisie,eredivisie_2592362,0.8948266744398244,,1.0844804498509562,1.0824030838075782,1.0844804498509562,1.0824030838075782,0.6448255470136015,0.5999157421710434,0.6448255470136015,0.04490980484255813,0.5999157421710434,0.19619160260201063,0.20761129054908017,0.19619160260201063,-0.011419687947069546,0.20761129054908017,0.15898285038438795,0.19247296727987642,0.15898285038438795,-0.033490116895488475,0.19247296727987642,2024-2025,9353.0,46,2
,,29505.0,14,0.5545454545454545,0.5545454545454545,59.0,,eredivisie,eredivisie_2592363,0.8396314355921546,,1.0476190476190477,1.05,1.0476190476190477,1.05,0.12727272727272726,0.07936507936507936,0.12727272727272726,0.0479076479076479,0.07936507936507936,0.19090909090909092,0.15873015873015872,0.19090909090909092,0.032178932178932196,0.15873015873015872,0.6818181818181818,0.7619047619047619,0.6818181818181818,-0.0800865800865801,0.7619047619047619,2024-2025,29446.0,14,0
,,8968.0,58,0.5508160237388724,0.5508160237388724,4.0,,eredivisie,eredivisie_2592363,0.8432790441836994,,1.0514410514410515,1.0798610413191023,1.0514410514410515,1.0798610413191023,0.12852373887240354,0.10405000853123207,0.12852373887240354,0.024473730341171465,0.10405000853123207,0.19213649851632048,0.17808559152460873,0.19213649851632048,0.014050906991711742,0.17808559152460873,0.6793397626112759,0.7178643999441593,0.6793397626112759,-0.03852463733288336,0.7178643999441593,2024-2025,8964.0,58,0
,,9484.0,24,0.526196187350082,0.526196187350082,0.0,,eredivisie,eredivisie_2592363,0.8635062714889654,,1.0792729452801397,1.0503402145081304,1.0792729452801397,1.0503402145081304,0.14038631485923492,0.10348613779851773,0.14038631485923492,0.03690017706071719,0.10348613779851773,0.19303118293144803,0.16415042547351089,0.19303118293144803,0.02888075745793714,0.16415042547351089,0.6665825022093169,0.7323634367279714,0.6665825022093169,-0.06578093451865452,0.7323634367279714,2024-2025,9484.0,24,0
,,29505.0,16,0.3601696404512812,0.3601696404512812,14.0,,eredivisie,eredivisie_2592364,0.9806136100193803,,1.055578742993529,1.0492016943629847,1.055578742993529,1.0492016943629847,0.21052169124969247,0.17329192546583852,0.21052169124969247,0.03722976578385395,0.17329192546583852,0.21878697704933397,0.21180124223602484,0.21878697704933397,0.006985734813309136,0.21180124223602484,0.5706913317009736,0.6149068322981366,0.5706913317009736,-0.04421550059716295,0.6149068322981366,2024-2025,29491.0,16,0
,,8569.0,3,0.34979423868312753,0.34979423868312753,293.0,,eredivisie,eredivisie_2592364,0.9821651211608537,,1.1121079490765122,1.111471335170476,1.1121079490765122,1.111471335170476,0.21931543536481812,0.19348565872630044,0.21931543536481812,0.025829776638517682,0.19348565872630044,0.21157489058723628,0.22605736509479826,0.21157489058723628,-0.014482474507561988,0.22605736509479826,0.5691096740479457,0.5804569761789014,0.5691096740479457,-0.011347302130955694,0.5804569761789014,2024-2025,8276.0,3,0
,,8968.0,31,0.3651091805588166,0.3651091805588166,1.0,,eredivisie,eredivisie_2592364,0.9858015299719234,,1.0500493096646943,1.075009248982612,1.0500493096646943,1.075009248982612,0.1984033810753698,0.18239697152198228,0.1984033810753698,0.01600640955338753,0.18239697152198228,0.23808405729044374,0.23255613869052738,0.23808405729044374,0.005527918599916359,0.23255613869052738,0.5635125616341864,0.5850468897874903,0.5635125616341864,-0.021534328153303917,0.5850468897874903,2024-2025,8967.0,31,0
,,9487.0,31,0.3291680368299902,0.3291680368299902,0.0,,eredivisie,eredivisie_2592364,1.0043081126424713,,1.0805336933927905,1.053676151957244,1.0805336933927905,1.053676151957244,0.21522525485037816,0.1898116414882242,0.21522525485037816,0.025413613362153975,0.1898116414882242,0.24038145346925352,0.2207112110328188,0.24038145346925352,0.019670242436434726,0.2207112110328188,0.5443932916803683,0.589477147478957,0.5443932916803683,-0.045083855798588646,0.589477147478957,2024-2025,9487.0,31,0
,,29640.0,18,0.3298828347173246,-0.3298828347173246,0.0,,eredivisie,eredivisie_2592365,1.0021186889493574,,1.0623422310542994,1.0485527544351074,1.0623422310542994,1.0485527544351074,0.5472768867149485,0.5609973285841496,0.5472768867149485,-0.013720441869201183,0.5609973285841496,0.2353290612874278,0.22707034728406053,0.2353290612874278,0.008258714003367279,0.22707034728406053,0.21739405199762382,0.21193232413178983,0.21739405199762382,0.005461727865833987,0.21193232413178983,2024-2025,29640.0,18,2
,,8698.0,3,0.29326538041499817,-0.29326538041499817,26.0,,eredivisie,eredivisie_2592365,1.0183947505894808,,1.113173293566531,1.1133526597598455,1.113173293566531,1.1133526597598455,0.5284310156534401,0.5378371264130675,0.5284310156534401,-0.009406110759627384,0.5378371264130675,0.23640334910811794,0.2376158733094769,0.23640334910811794,-0.00121252420135895,0.2376158733094769,0.23516563523844194,0.22454700027745564,0.23516563523844194,0.010618634960986306,0.22454700027745564,2024-2025,8672.0,3,2
,,9103.0,51,0.2997013479699734,-0.2997013479699734,1.0,,eredivisie,eredivisie_2592365,1.0175826393918685,,1.0496839679392675,1.0783228747300604,1.0496839679392675,1.0783228747300604,0.5292598272661232,0.5553089981138356,0.5292598272661232,-0.02604917084771241,0.5553089981138356,0.241181693437727,0.24087429268833904,0.241181693437727,0.0003074007493879538,0.24087429268833904,0.2295584792961498,0.20381670919782535,0.2295584792961498,0.025741770098324457,0.20381670919782535,2024-2025,9102.0,51,2
,,9616.0,27,0.271339138453899,-0.271339138453899,0.0,,eredivisie,eredivisie_2592365,1.0310088968935622,,1.0788931142522302,1.0502658690594882,1.0788931142522302,1.0502658690594882,0.5120861191409368,0.5379321256229729,0.5120861191409368,-0.025846006482036055,0.5379321256229729,0.24716690017202547,0.2380349655881655,0.24716690017202547,0.009131934583859969,0.2380349655881655,0.2407469806870378,0.22403290878886165,0.2407469806870378,0.01671407189817614,0.22403290878886165,2024-2025,9616.0,27,2
,,18825.0,23,0.35568513119533535,-0.35568513119533535,10.0,,eredivisie,eredivisie_2592366,0.9937466149089587,,1.061919504643963,1.0669235709698137,1.061919504643963,1.0669235709698137,0.5539358600583091,0.5417770286539851,0.5539358600583091,0.012158831404323944,0.5417770286539851,0.24781341107871718,0.24993980255237178,0.24781341107871718,-0.002126391473654593,0.24993980255237178,0.19825072886297374,0.20828316879364314,0.19825072886297374,-0.010032439930669407,0.20828316879364314,2024-2025,18815.0,23,2
,,5932.0,3,0.2916666666666667,-0.2916666666666667,31.0,,eredivisie,eredivisie_2592366,1.018922677800583,,1.1145510835913313,1.1142310850161172,1.1145510835913313,1.1142310850161172,0.5277777777777778,0.5217906380962254,0.5277777777777778,0.0059871396815524,0.5217906380962254,0.2361111111111111,0.24388040693627921,0.2361111111111111,-0.00776929582516811,0.24388040693627921,0.2361111111111111,0.23432895496749542,0.2361111111111111,0.0017821561436156819,0.23432895496749542,2024-2025,5901.0,3,2
,,3339.0,44,0.3633298641141032,-0.3633298641141032,5.0,,eredivisie,eredivisie_2592366,0.9857711507328175,,1.049155872367748,1.0789816033261728,1.049155872367748,1.0789816033261728,0.5639924361248333,0.5206740792216817,0.5639924361248333,0.043318356903151556,0.5206740792216817,0.23534499186443664,0.25048644892286304,0.23534499186443664,-0.0151414570584264,0.25048644892286304,0.20066257201073015,0.22883947185545517,0.20066257201073015,-0.028176899844725017,0.22883947185545517,2024-2025,3334.0,44,2
,,7211.0,31,0.3250058448281621,-0.3250058448281621,0.0,,eredivisie,eredivisie_2592366,1.0093551996211167,,1.081550676578744,1.078728963344348,1.081550676578744,1.078728963344348,0.537557195818443,0.5485307212822796,0.537557195818443,-0.010973525463836675,0.5485307212822796,0.24989145319127615,0.24078361531611753,0.24989145319127615,0.00910783787515862,0.24078361531611753,0.2125513509902809,0.21068566340160283,0.2125513509902809,0.0018656875886780833,0.21068566340160283,2024-2025,7211.0,31,2
,,18690.0,30,0.014481094127111904,-0.014481094127111904,0.0,,eredivisie,eredivisie_2592367,1.0863548863694499,,1.0623931623931624,1.0648148148148149,1.0623931623931624,1.0648148148148149,0.3765084473049075,0.391304347826087,0.3765084473049075,-0.014795900521179461,0.391304347826087,0.2614641995172969,0.2608695652173913,0.2614641995172969,0.0005946342999055831,0.2608695652173913,0.3620273531777956,0.3478260869565217,0.3620273531777956,0.014201266221273934,0.3478260869565217,2024-2025,18690.0,30,0
,,5801.0,3,0.007656967840735163,-0.007656967840735163,383.0,,eredivisie,eredivisie_2592367,1.0849652583341898,,1.1105442176870748,1.1120769408680902,1.1105442176870748,1.1120769408680902,0.3751914241960184,0.4124854850170714,0.3751914241960184,-0.037294060821052966,0.4124854850170714,0.2572741194486983,0.2569195306677759,0.2572741194486983,0.00035458878092242685,0.2569195306677759,0.36753445635528326,0.33059498431515283,0.36753445635528326,0.03693947204013043,0.33059498431515283,2024-2025,5418.0,3,0
,,3204.0,102,0.018011669978702627,-0.018011669978702627,1.0,,eredivisie,eredivisie_2592367,1.0898016041304577,,1.0480864976101965,1.0793650793650793,1.0480864976101965,1.0793650793650793,0.3727030172516171,0.4117647058823529,0.3727030172516171,-0.039061688630735836,0.4117647058823529,0.2726056354754685,0.2573529411764706,0.2726056354754685,0.015252694298997893,0.2573529411764706,0.35469134727291446,0.3308823529411765,0.35469134727291446,0.023808994331737943,0.3308823529411765,2024-2025,3203.0,102,0
,,7079.0,53,0.002984084880636617,-0.002984084880636617,0.0,,eredivisie,eredivisie_2592367,1.0848842399900414,,1.0810035842293908,1.0797115938687225,1.0810035842293908,1.0797115938687225,0.3730106100795756,0.4153243290338006,0.3730106100795756,-0.04231371895422503,0.4153243290338006,0.2569628647214854,0.25031709560685816,0.2569628647214854,0.00664576911462722,0.25031709560685816,0.37002652519893897,0.3343585753593413,0.37002652519893897,0.035667949839597646,0.3343585753593413,2024-2025,7079.0,53,0
,,17370.0,13,0.21052631578947367,0.21052631578947367,18.0,,eredivisie,eredivisie_2592368,1.0565758044102838,,1.0555555555555556,1.0608685608685609,1.0555555555555556,1.0608685608685609,0.2631578947368421,0.25476320087098525,0.2631578947368421,0.00839469386585684,0.25476320087098525,0.2631578947368421,0.26183995645073493,0.2631578947368421,0.0013179382861071565,0.26183995645073493,0.47368421052631576,0.48339684267827987,0.47368421052631576,-0.009712632151964107,0.48339684267827987,2024-2025,17352.0,13,0
,,6066.0,47,0.1922297919351869,0.1922297919351869,8.0,,eredivisie,eredivisie_2592368,1.062025042577554,,1.0512969415408442,1.0788434866104768,1.0512969415408442,1.0788434866104768,0.27177315411526415,0.28520569620253167,0.27177315411526415,-0.013432542087267518,0.28520569620253167,0.2642238998342846,0.26483386075949367,0.2642238998342846,-0.000609960925209041,0.26483386075949367,0.46400294605045106,0.4499604430379747,0.46400294605045106,0.014042503012476337,0.4499604430379747,2024-2025,6058.0,47,0
,,8630.0,25,0.20866141732283466,0.20866141732283466,23.0,,eredivisie,eredivisie_2592368,1.0573034790963516,,1.053067993366501,1.0830667062484194,1.053067993366501,1.0830667062484194,0.2637795275590551,0.3027226767912615,0.2637795275590551,-0.03894314923220643,0.3027226767912615,0.2637795275590551,0.26380118977524214,0.2637795275590551,-2.1662216187046113e-05,0.26380118977524214,0.47244094488188976,0.4334761334334965,0.47244094488188976,0.038964811448393255,0.4334761334334965,2024-2025,8607.0,25,0
,,17640.0,13,0.16182572614107882,0.16182572614107882,0.0,,eredivisie,eredivisie_2592370,1.0757607646784593,,1.0432900432900434,1.064488017429194,1.0432900432900434,1.064488017429194,0.2738589211618257,0.34793286942284074,0.2738589211618257,-0.07407394826101504,0.34793286942284074,0.2904564315352697,0.2762996316004912,0.2904564315352697,0.014156799934778475,0.2762996316004912,0.4356846473029045,0.375767498976668,0.4356846473029045,0.05991714832623651,0.375767498976668,2024-2025,17640.0,13,1
,,6098.0,5,0.10452462772050397,0.10452462772050397,44.0,,eredivisie,eredivisie_2592370,1.0862465966841515,,1.1559086395233367,1.1096171802054156,1.1559086395233367,1.1096171802054156,0.3035509736540664,0.35341635812857625,0.3035509736540664,-0.04986538447450983,0.35341635812857625,0.2883734249713631,0.28609895658027595,0.2883734249713631,0.0022744683910871366,0.28609895658027595,0.4080756013745704,0.36048468529114774,0.4080756013745704,0.04759091608342264,0.36048468529114774,2024-2025,6054.0,5,1
,,6336.0,43,0.13461538461538464,0.13461538461538464,1.0,,eredivisie,eredivisie_2592370,1.0811583338324033,,1.0505050505050504,1.0801809738817614,1.0505050505050504,1.0801809738817614,0.2884615384615385,0.3506707560554956,0.2884615384615385,-0.06220921759395709,0.3506707560554956,0.2884615384615385,0.2848525526112333,0.2884615384615385,0.0036089858503051686,0.2848525526112333,0.42307692307692313,0.364476691333271,0.42307692307692313,0.05860023174365214,0.364476691333271,2024-2025,6335.0,43,1
,,8897.0,36,0.1342952275249722,0.1342952275249722,0.0,,eredivisie,eredivisie_2592370,1.0793483464159928,,1.0834535834535834,1.0774034620746118,1.0834535834535834,1.0774034620746118,0.293007769145394,0.3727539773535639,0.293007769145394,-0.07974620820816991,0.3727539773535639,0.27968923418423974,0.27298747165011006,0.27968923418423974,0.006701762534129685,0.27298747165011006,0.4273029966703662,0.354258550996326,0.4273029966703662,0.07304444567404017,0.354258550996326,2024-2025,8897.0,36,1
,,16140.0,23,0.5683681565723353,0.5683681565723353,0.0,,eredivisie,eredivisie_2592371,0.8227856021420872,,1.0591036414565826,1.0642802155504234,1.0591036414565826,1.0642802155504234,0.12589262099973553,0.1566003616636528,0.12589262099973553,-0.030707740663917266,0.1566003616636528,0.1798466014281936,0.21699819168173598,0.1798466014281936,-0.037151590253542394,0.21699819168173598,0.6942607775720708,0.6264014466546112,0.6942607775720708,0.06785933091745966,0.6264014466546112,2024-2025,16140.0,23,0
,,4613.0,2,0.527729751296715,0.527729751296715,508.0,,eredivisie,eredivisie_2592371,0.8594743126925908,,1.11333214877991,1.1136989371238315,1.11333214877991,1.1136989371238315,0.1425721505519351,0.15752784764642472,0.1425721505519351,-0.014955697094489628,0.15752784764642472,0.18712594759941484,0.18706431908012935,0.18712594759941484,6.162851928548374e-05,0.18706431908012935,0.67030190184865,0.6554078332734459,0.67030190184865,0.014894068575204145,0.6554078332734459,2024-2025,4105.0,2,0
,,4836.0,135,0.5997830968274092,0.5997830968274092,1.0,,eredivisie,eredivisie_2592371,0.7870450120040615,,1.0477502824750253,1.0799681574757563,1.0477502824750253,1.0799681574757563,0.11783035727923993,0.15432553776050392,0.11783035727923993,-0.03649518048126399,0.15432553776050392,0.16455618861411095,0.18897004623735172,0.16455618861411095,-0.024413857623240776,0.18897004623735172,0.7176134541066491,0.6567044160021444,0.7176134541066491,0.060909038104504765,0.6567044160021444,2024-2025,4835.0,135,0
,,7402.0,31,0.5524296675191815,0.5524296675191815,0.0,,eredivisie,eredivisie_2592371,0.8313840997725097,,1.0807075732448865,1.0809925584320301,1.0807075732448865,1.0809925584320301,0.1381074168797954,0.16519209792752396,0.1381074168797954,-0.027084681047728543,0.16519209792752396,0.17135549872122763,0.19682462731790087,0.17135549872122763,-0.025469128596673246,0.19682462731790087,0.690537084398977,0.6379832747545753,0.690537084398977,0.052553809644401706,0.6379832747545753,2024-2025,7402.0,31,0
,,17505.0,35,0.3491544426796225,0.3491544426796225,14.0,,eredivisie,eredivisie_2592372,0.9989020439481252,,1.0621919348969533,1.0668070668070668,1.0621919348969533,1.0668070668070668,0.19819988165311905,0.17854792717701248,0.19819988165311905,0.01965195447610657,0.17854792717701248,0.2544457940141393,0.2533450318052204,0.2544457940141393,0.001100762208918915,0.2533450318052204,0.5473543243327416,0.5681070410177671,0.5473543243327416,-0.02075271668502554,0.5681070410177671,2024-2025,17491.0,35,2
,,5976.0,7,0.31132075471698106,0.31132075471698106,276.0,,eredivisie,eredivisie_2592372,1.0213840164585144,,1.1076280041797282,1.111622205991754,1.1076280041797282,1.111622205991754,0.2075471698113208,0.2701460070531624,0.2075471698113208,-0.06259883724184159,0.2701460070531624,0.2735849056603774,0.2661497643452754,0.2735849056603774,0.007435141315102034,0.2661497643452754,0.5188679245283019,0.4637042286015623,0.5188679245283019,0.05516369592673959,0.4637042286015623,2024-2025,5700.0,7,2
,,6201.0,68,0.32646266053591244,0.32646266053591244,2.0,,eredivisie,eredivisie_2592372,1.0132700012403768,,1.0500116538474347,1.0817492949414917,1.0500116538474347,1.0817492949414917,0.20263199619470426,0.26040242610956,0.20263199619470426,-0.05777042991485573,0.26040242610956,0.26827334707467887,0.26795032251853274,0.26827334707467887,0.00032302455614613423,0.26795032251853274,0.5290946567306167,0.47164725137190716,0.5290946567306167,0.05744740535870957,0.47164725137190716,2024-2025,6199.0,68,2
,,8765.0,59,0.32558139534883723,0.32558139534883723,0.0,,eredivisie,eredivisie_2592372,1.0127663964181537,,1.0826491516146688,1.0799317527434327,1.0826491516146688,1.0799317527434327,0.20525783619817997,0.20808639115640826,0.20525783619817997,-0.0028285549582282854,0.20808639115640826,0.2639029322548028,0.23743190785795304,0.2639029322548028,0.026471024396849785,0.23743190785795304,0.5308392315470172,0.5544817009856389,0.5308392315470172,-0.023642469438621694,0.5544817009856389,2024-2025,8765.0,59,2
,,17580.0,11,0.6846526655896606,-0.6846526655896606,53.0,,eredivisie,eredivisie_2592373,0.6908993501407685,,1.0644273759027858,1.0595075239398084,1.0644273759027858,1.0595075239398084,0.7700592353257942,0.731654831073811,0.7700592353257942,0.038404404251983215,0.731654831073811,0.14453419493807215,0.1573057886808694,0.14453419493807215,-0.012771593742797238,0.1573057886808694,0.08540656973613354,0.11103938024531956,0.08540656973613354,-0.02563281050918602,0.11103938024531956,2024-2025,17527.0,11,2
,,6051.0,2,0.6613924050632912,-0.6613924050632912,63.0,,eredivisie,eredivisie_2592373,0.7233427599983873,,1.1087719298245613,1.1093546708300805,1.1087719298245613,1.1093546708300805,0.7515822784810128,0.7388729255849412,0.7515822784810128,0.012709352896071557,0.7388729255849412,0.15822784810126583,0.16096874450243362,0.15822784810126583,-0.002740896401167786,0.16096874450243362,0.09018987341772153,0.10015832991262535,0.09018987341772153,-0.009968456494903827,0.10015832991262535,2024-2025,5988.0,2,2
,,6276.0,49,0.7209775967413441,-0.7209775967413441,2.0,,eredivisie,eredivisie_2592373,0.6421893771104548,,1.0491452991452992,1.0799406748238785,1.0491452991452992,1.0799406748238785,0.7942973523421588,0.7407814323971709,0.7942973523421588,0.053515919944987944,0.7407814323971709,0.13238289205702647,0.15965117077525234,0.13238289205702647,-0.027268278718225875,0.15965117077525234,0.07331975560081466,0.09956739682757672,0.07331975560081466,-0.026247641226762056,0.09956739682757672,2024-2025,6274.0,49,2
,,8835.0,19,0.6694268824873374,-0.6694268824873374,0.0,,eredivisie,eredivisie_2592373,0.7083197144792148,,1.0851764397218941,1.08060263653484,1.0851764397218941,1.08060263653484,0.7615777957762655,0.740327640292785,0.7615777957762655,0.021250155483480526,0.740327640292785,0.14627129093480654,0.15684907633321712,0.14627129093480654,-0.010577785398410589,0.15684907633321712,0.09215091328892812,0.10282328337399789,0.09215091328892812,-0.010672370085069771,0.10282328337399789,2024-2025,8835.0,19,2
,,18690.0,15,0.14166501092787598,0.14166501092787598,23.0,,eredivisie,eredivisie_2592374,1.0821266021342753,,1.0611427366645583,1.065942422596415,1.0611427366645583,1.065942422596415,0.27717067355454006,0.3567060741948635,0.27717067355454006,-0.07953540064032344,0.3567060741948635,0.3039936419630439,0.2680391357521402,0.3039936419630439,0.03595450621090368,0.2680391357521402,0.41883568448241604,0.3752547900529964,0.41883568448241604,0.04358089442941965,0.3752547900529964,2024-2025,18667.0,15,2
,,7154.0,3,0.10363672716770711,0.10363672716770711,79.0,,eredivisie,eredivisie_2592374,1.0863749464443715,,1.1150719137530407,1.113375689554112,1.1150719137530407,1.113375689554112,0.3040010663586075,0.32899978842457334,0.3040010663586075,-0.024998722065965817,0.32899978842457334,0.2883611401150779,0.28880045736304993,0.2883611401150779,-0.0004393172479720264,0.28880045736304993,0.40763779352631463,0.3821997542123767,0.40763779352631463,0.025438039313937955,0.3821997542123767,2024-2025,7075.0,3,2
,,7386.0,22,0.14141727399596837,0.14141727399596837,5.0,,eredivisie,eredivisie_2592374,1.081389539815347,,1.0490955231650183,1.0811001229760198,1.0490955231650183,1.0811001229760198,0.2803535431849899,0.3222939747615379,0.2803535431849899,-0.04194043157654803,0.3222939747615379,0.2978756396340518,0.2890574086142544,0.2978756396340518,0.008818231019797396,0.2890574086142544,0.42177081718095827,0.3886486166242076,0.42177081718095827,0.03312220055675069,0.3886486166242076,2024-2025,7381.0,22,2
,,9935.0,28,0.12545371104343112,0.12545371104343112,0.0,,eredivisie,eredivisie_2592374,1.0844374008092532,,1.083511138434833,1.0809943704931682,1.083511138434833,1.0809943704931682,0.2884142016771663,0.3351718107601376,0.2884142016771663,-0.046757609082971274,0.3351718107601376,0.29771788560223617,0.27614155155163567,0.29771788560223617,0.0215763340506005,0.27614155155163567,0.4138679127205974,0.3886866376882267,0.4138679127205974,0.02518127503237072,0.3886866376882267,2024-2025,9935.0,28,2
,,15967.0,17,0.7342755086193508,0.7342755086193508,49.0,,eredivisie,eredivisie_2592375,0.617584070074825,,1.0493807040417211,1.0715197956577267,1.0493807040417211,1.0715197956577267,0.07330330796707563,0.03218116805721096,0.07330330796707563,0.041122139909864665,0.03218116805721096,0.11911787544649789,0.1036948748510131,0.11911787544649789,0.015423000595484793,0.1036948748510131,0.8075788165864264,0.8641239570917758,0.8075788165864264,-0.05654514050534942,0.8641239570917758,2024-2025,15918.0,17,0
,,8815.0,3,0.7259786476868328,0.7259786476868328,64.0,,eredivisie,eredivisie_2592375,0.6312559368059312,,1.115079365079365,1.1133531784761532,1.115079365079365,1.1133531784761532,0.07473309608540926,0.06370124699574109,0.07473309608540926,0.011031849089668172,0.06370124699574109,0.12455516014234878,0.11227344782999366,0.12455516014234878,0.012281712312355128,0.11227344782999366,0.8007117437722421,0.8240253051742653,0.8007117437722421,-0.02331356140202323,0.8240253051742653,2024-2025,8751.0,3,0
,,7990.0,76,0.758090913890502,0.758090913890502,3.0,,eredivisie,eredivisie_2592375,0.585069175600936,,1.0492175598947515,1.078343429636533,1.0492175598947515,1.078343429636533,0.06353941185787444,0.05795927186301518,0.06353941185787444,0.005580139994859262,0.05795927186301518,0.11483026239374898,0.10659176434577505,0.11483026239374898,0.008238498047973927,0.10659176434577505,0.8216303257483765,0.8354489637912097,0.8216303257483765,-0.013818638042833231,0.8354489637912097,2024-2025,7987.0,76,0
,,10074.0,23,0.7092310370169806,0.7092310370169806,0.0,,eredivisie,eredivisie_2592375,0.6544602189823632,,1.0825024468625204,1.0811738827190298,1.0825024468625204,1.0811738827190298,0.08032916876184582,0.04868003175863438,0.08032916876184582,0.03164913700321143,0.04868003175863438,0.13011062545932775,0.10276895593489481,0.13011062545932775,0.02734166952443294,0.10276895593489481,0.7895602057788265,0.8485510123064709,0.7895602057788265,-0.058990806527644435,0.8485510123064709,2024-2025,10074.0,23,0
,,14782.0,15,0.7817047817047817,0.7817047817047817,22.0,,eredivisie,eredivisie_2592376,0.5556738542261086,,1.0548245614035088,1.0666666666666667,1.0548245614035088,1.0666666666666667,0.04989604989604989,0.09375,0.04989604989604989,-0.04385395010395011,0.09375,0.1185031185031185,0.15625,0.1185031185031185,-0.037746881496881504,0.15625,0.8316008316008316,0.75,0.8316008316008316,0.08160083160083165,0.75,2024-2025,14760.0,15,0
,,7639.0,2,0.7153306199492715,0.7153306199492715,23.0,,eredivisie,eredivisie_2592376,0.6501342366735346,,1.1097800471327572,1.1092280564263324,1.1097800471327572,1.1092280564263324,0.07508995458031027,0.08195707851276163,0.07508995458031027,-0.006867123932451355,0.08195707851276163,0.13448947089010793,0.14086372869380906,0.13448947089010793,-0.006374257803701128,0.14086372869380906,0.7904205745295818,0.7771791927934293,0.7904205745295818,0.013241381736152524,0.7771791927934293,2024-2025,7616.0,2,0
,,6805.0,85,0.762841040092225,0.762841040092225,1.0,,eredivisie,eredivisie_2592376,0.5758988493384448,,1.052510953825413,1.0786827551533433,1.052510953825413,1.0786827551533433,0.06334059177661074,0.0713120484735493,0.06334059177661074,-0.007971456696938564,0.0713120484735493,0.1104777763545536,0.13633185737590306,0.1104777763545536,-0.025854081021349465,0.13633185737590306,0.8261816318688358,0.7923560941505478,0.8261816318688358,0.033825537718288,0.7923560941505478,2024-2025,6804.0,85,0
,,8904.0,36,0.766393388690766,0.766393388690766,0.0,,eredivisie,eredivisie_2592376,0.5738938495653204,,1.0808300620128577,1.0829140359397766,1.0808300620128577,1.0829140359397766,0.059691279230435185,0.07387474660495488,0.059691279230435185,-0.014183467374519698,0.07387474660495488,0.11422405284836364,0.13006117360027267,0.11422405284836364,-0.01583712075190903,0.13006117360027267,0.8260846679212012,0.7960640797947725,0.8260846679212012,0.030020588126428716,0.7960640797947725,2024-2025,8904.0,36,0
,,14647.0,22,0.6825396825396826,-0.6825396825396826,16.0,,eredivisie,eredivisie_2592377,0.7004253769361404,,1.05,1.068649885583524,1.05,1.068649885583524,0.7619047619047619,0.7035790761700825,0.7619047619047619,0.05832568573467933,0.7035790761700825,0.15873015873015872,0.16274089935760172,0.15873015873015872,-0.004010740627442999,0.16274089935760172,0.07936507936507936,0.1336800244723157,0.07936507936507936,-0.054314945107236334,0.1336800244723157,2024-2025,14631.0,22,0
,,7507.0,2,0.6619351478057038,-0.6619351478057038,647.0,,eredivisie,eredivisie_2592377,0.7109588886268303,,1.1124148920759092,1.1153479090751346,1.1124148920759092,1.1153479090751346,0.7618179450449277,0.7934347166582396,0.7618179450449277,-0.03161677161331189,0.7934347166582396,0.13829925771584842,0.13185018085644276,0.13829925771584842,0.006449076859405656,0.13185018085644276,0.09988279723922384,0.07471510248531756,0.09988279723922384,0.02516769475390629,0.07471510248531756,2024-2025,6860.0,2,0
,,6670.0,135,0.7059538274605104,-0.7059538274605104,1.0,,eredivisie,eredivisie_2592377,0.6617654059138438,,1.0526367571822117,1.078425073177697,1.0526367571822117,1.078425073177697,0.7851201046826807,0.7993777101055907,0.7851201046826807,-0.014257605422909991,0.7993777101055907,0.13571361809514906,0.13438813677137465,0.13571361809514906,0.0013254813237744134,0.13438813677137465,0.07916627722217029,0.06623415312303464,0.07916627722217029,0.012932124099135647,0.06623415312303464,2024-2025,6669.0,135,0
,,8776.0,22,0.6895852119026149,-0.6895852119026149,0.0,,eredivisie,eredivisie_2592377,0.6790445292994784,,1.0805017659237608,1.0849261083743844,1.0805017659237608,1.0849261083743844,0.7777276825969341,0.7945877224845622,0.7777276825969341,-0.016860039887628075,0.7945877224845622,0.13412984670874661,0.1316745368688703,0.13412984670874661,0.002455309839876324,0.1316745368688703,0.0881424706943192,0.07373774064656737,0.0881424706943192,0.014404730047751835,0.07373774064656737,2024-2025,8776.0,22,0
,,16162.0,19,0.18037135278514593,-0.18037135278514593,32.0,,eredivisie,eredivisie_2592378,1.0688531502594694,,1.0560224089635852,1.06838905775076,1.0560224089635852,1.06838905775076,0.4509283819628648,0.3342816500711237,0.4509283819628648,0.11664673189174107,0.3342816500711237,0.2785145888594165,0.26742532005689895,0.2785145888594165,0.011089268802517538,0.26742532005689895,0.27055702917771884,0.3982930298719772,0.27055702917771884,-0.12773600069425833,0.3982930298719772,2024-2025,16130.0,19,2
,,9006.0,5,0.15573016801805561,-0.15573016801805561,33.0,,eredivisie,eredivisie_2592378,1.0700375721166058,,1.1074852225755536,1.107880330787534,1.1074852225755536,1.107880330787534,0.4470032600518264,0.44906694702061356,0.4470032600518264,-0.0020636869687871706,0.44906694702061356,0.2617236479144027,0.26163030826418354,0.2617236479144027,9.333965021918189e-05,0.26163030826418354,0.2912730920337708,0.2893027447152029,0.2912730920337708,0.0019703473185678777,0.2893027447152029,2024-2025,8973.0,5,2
,,8185.0,72,0.17686972255729794,-0.17686972255729794,16.0,,eredivisie,eredivisie_2592378,1.0700058134811454,,1.0515300459806562,1.0779171808583574,1.0515300459806562,1.0779171808583574,0.4485826296743064,0.4460168548258864,0.4485826296743064,0.0025657748484200216,0.4460168548258864,0.2797044632086852,0.27285737001113053,0.2797044632086852,0.006847093197554666,0.27285737001113053,0.27171290711700846,0.281125775162983,0.27171290711700846,-0.00941286804597452,0.281125775162983,2024-2025,8169.0,72,2
,,10265.0,38,0.16244214238483584,-0.16244214238483584,0.0,,eredivisie,eredivisie_2592378,1.0726911157988093,,1.0800066652384013,1.078247261345853,1.0800066652384013,1.078247261345853,0.44302402468591584,0.41219158200290273,0.44302402468591584,0.030832442683013106,0.41219158200290273,0.27639409301300416,0.2612481857764877,0.27639409301300416,0.015145907236516487,0.2612481857764877,0.28058188230108,0.3265602322206096,0.28058188230108,-0.04597834991952959,0.3265602322206096,2024-2025,10265.0,38,2
,,15832.0,18,0.1525853658536585,0.1525853658536585,24.0,,eredivisie,eredivisie_2592379,1.074990368227315,,1.062264229158894,1.0620300751879699,1.062264229158894,1.0620300751879699,0.28526829268292686,0.23539823008849559,0.28526829268292686,0.049870062594431275,0.23539823008849559,0.27687804878048783,0.26902654867256637,0.27687804878048783,0.00785150010792146,0.26902654867256637,0.43785365853658537,0.49557522123893805,0.43785365853658537,-0.05772156270235268,0.49557522123893805,2024-2025,15808.0,18,1
,,8686.0,4,0.11627906976744184,0.11627906976744184,6.0,,eredivisie,eredivisie_2592379,1.075981311835534,,1.1091269841269842,1.1121224904445333,1.1091269841269842,1.1121224904445333,0.31305903398926654,0.2919420544633952,0.31305903398926654,0.021116979525871327,0.2919420544633952,0.257602862254025,0.2629185753646951,0.257602862254025,-0.005315713110670084,0.2629185753646951,0.4293381037567084,0.4451393701719096,0.4293381037567084,-0.015801266415201187,0.4451393701719096,2024-2025,8680.0,4,1
,,7855.0,43,0.1463456577815993,0.1463456577815993,22.0,,eredivisie,eredivisie_2592379,1.0761266024305767,,1.0495063800602813,1.0762887217528676,1.0495063800602813,1.0762887217528676,0.2887360275150473,0.29034960014358935,0.2887360275150473,-0.0016135726285420593,0.29034960014358935,0.27618228718830606,0.2693097740462278,0.27618228718830606,0.006872513142078263,0.2693097740462278,0.4350816852966466,0.4403406258101829,0.4350816852966466,-0.005258940513536314,0.4403406258101829,2024-2025,7833.0,43,1
,,9946.0,31,0.1540854536725877,0.1540854536725877,6.0,,eredivisie,eredivisie_2592379,1.075217919479948,,1.0534546028329483,1.079627034048954,1.0534546028329483,1.079627034048954,0.2833605376860297,0.28945181080546206,0.2833605376860297,-0.006091273119432361,0.28945181080546206,0.27919347095535285,0.26091430833168416,0.27919347095535285,0.018279162623668688,0.26091430833168416,0.4374459913586174,0.4496338808628537,0.4374459913586174,-0.012187889504236327,0.4496338808628537,2024-2025,9940.0,31,1
,,14722.0,23,0.39468690702087283,0.39468690702087283,6.0,,eredivisie,eredivisie_2592380,0.9712227504604589,,1.052947052947053,1.065738967409311,1.052947052947053,1.065738967409311,0.18089816571790004,0.19754022535296703,0.18089816571790004,-0.016642059635066986,0.19754022535296703,0.24351676154332702,0.24059386421194706,0.24351676154332702,0.002922897331379959,0.24059386421194706,0.5755850727387729,0.5618659104350859,0.5755850727387729,0.013719162303686971,0.5618659104350859,2024-2025,14716.0,23,0
,,7580.0,2,0.3291855203619909,0.3291855203619909,684.0,,eredivisie,eredivisie_2592380,1.0010931025852243,,1.1113904953482525,1.1126170162341509,1.1113904953482525,1.1126170162341509,0.21945701357466063,0.20661652133395464,0.21945701357466063,0.012840492240705992,0.20661652133395464,0.2319004524886878,0.23164481128935635,0.2319004524886878,0.00025564119933144114,0.23164481128935635,0.5486425339366515,0.5617386673766891,0.5486425339366515,-0.013096133440037572,0.5617386673766891,2024-2025,6896.0,2,0
,,6745.0,35,0.3601476014760148,0.3601476014760148,4.0,,eredivisie,eredivisie_2592380,0.9884704811171108,,1.0487616099071206,1.0807364599052407,1.0487616099071206,1.0807364599052407,0.2007380073800738,0.18883570622846862,0.2007380073800738,0.011902301151605177,0.18883570622846862,0.23837638376383766,0.24349867382092008,0.23837638376383766,-0.005122290057082424,0.24349867382092008,0.5608856088560886,0.5676656199506113,0.5608856088560886,-0.006780011094522642,0.5676656199506113,2024-2025,6741.0,35,0
,,8846.0,39,0.35365446657025257,0.35365446657025257,0.0,,eredivisie,eredivisie_2592380,0.9923505841426905,,1.0819301180746965,1.082337714058144,1.0819301180746965,1.082337714058144,0.20313716764934917,0.19869377242204028,0.20313716764934917,0.004443395227308883,0.19869377242204028,0.24007119813104902,0.23098151044062187,0.24007119813104902,0.009089687690427145,0.23098151044062187,0.5567916342196018,0.5703247171373379,0.5567916342196018,-0.013533082917736139,0.5703247171373379,2024-2025,8846.0,39,0
,,15832.0,26,0.6116642958748223,0.6116642958748223,31.0,,eredivisie,eredivisie_2592381,0.7870565358959504,,1.057142857142857,1.067345605562166,1.057142857142857,1.067345605562166,0.09957325746799432,0.18017377998797748,0.09957325746799432,-0.08060052251998316,0.18017377998797748,0.18918918918918923,0.22307229903273404,0.18918918918918923,-0.03388310984354481,0.22307229903273404,0.7112375533428166,0.5967539209792885,0.7112375533428166,0.1144836323635281,0.5967539209792885,2024-2025,15801.0,26,0
,,7855.0,89,0.6052750838393909,0.6052750838393909,6.0,,eredivisie,eredivisie_2592381,0.7897439965887665,,1.0473074525612345,1.0771884415172261,1.0473074525612345,1.0771884415172261,0.10728420798211427,0.12056398385337948,0.10728420798211427,-0.013279775871265206,0.12056398385337948,0.18015650019638058,0.2018136251458744,0.18015650019638058,-0.021657124949493817,0.2018136251458744,0.7125592918215051,0.6776223910007461,0.7125592918215051,0.034936900820759065,0.6776223910007461,2024-2025,7849.0,89,0
,,9942.0,25,0.5720440663176265,0.5720440663176265,0.0,,eredivisie,eredivisie_2592381,0.8203546453203463,,1.0812914639540026,1.0801714625244037,1.0812914639540026,1.0801714625244037,0.12330933682373474,0.13225413539743036,0.12330933682373474,-0.008944798573695623,0.13225413539743036,0.18133726003490405,0.18702605005697223,0.18133726003490405,-0.00568879002206818,0.18702605005697223,0.6953534031413613,0.6807198145455974,0.6953534031413613,0.014633588595763913,0.6807198145455974,2024-2025,9942.0,25,0
,,15697.0,29,0.18181818181818182,0.18181818181818182,0.0,,eredivisie,eredivisie_2592382,1.0670895187820832,,1.0476190476190474,1.066129920176163,1.0476190476190474,1.066129920176163,0.27272727272727276,0.22332666365455367,0.27272727272727276,0.04940060907271909,0.22332666365455367,0.27272727272727276,0.23449299683728136,0.27272727272727276,0.0382342758899914,0.23449299683728136,0.4545454545454546,0.542180339508165,0.4545454545454546,-0.08763488496271044,0.542180339508165,2024-2025,15697.0,29,1
,,8551.0,3,0.14595375722543347,0.14595375722543347,426.0,,eredivisie,eredivisie_2592382,1.0729276657629574,,1.1121825779492125,1.1133482475764356,1.1121825779492125,1.1133482475764356,0.2947976878612717,0.3014065639651708,0.2947976878612717,-0.006608876103899097,0.3014065639651708,0.26445086705202314,0.24949765572672472,0.26445086705202314,0.014953211325298421,0.24949765572672472,0.44075144508670516,0.44909578030810443,0.44075144508670516,-0.008344335221399268,0.44909578030810443,2024-2025,8125.0,3,1
,,7720.0,83,0.17120622568093385,0.17120622568093385,1.0,,eredivisie,eredivisie_2592382,1.0706023988966185,,1.0491937130026536,1.0780826558265584,1.0491937130026536,1.0780826558265584,0.27626459143968873,0.28986645718774545,0.27626459143968873,-0.013601865748056718,0.28986645718774545,0.27626459143968873,0.25765907305577374,0.27626459143968873,0.018605518383915,0.25765907305577374,0.4474708171206226,0.45247446975648076,0.4474708171206226,-0.005003652635858169,0.45247446975648076,2024-2025,7719.0,83,1
,,9815.0,53,0.1664672023707756,0.1664672023707756,9.0,,eredivisie,eredivisie_2592382,1.0714541612217037,,1.0534562875977092,1.0801609499116798,1.0534562875977092,1.0801609499116798,0.27919302444862365,0.25364053640536405,0.27919302444862365,0.025552488043259602,0.25364053640536405,0.275146748731977,0.24046440464404642,0.275146748731977,0.034682344087930556,0.24046440464404642,0.44566022681939926,0.5058950589505894,0.44566022681939926,-0.06023483213119013,0.5058950589505894,2024-2025,9806.0,53,1
,,13282.0,24,0.2905332069945731,0.2905332069945731,29.0,,eredivisie,eredivisie_2592383,1.0310071910441259,,1.065605069816454,1.0666666666666669,1.065605069816454,1.0666666666666669,0.21672840037901628,0.34090909090909083,0.21672840037901628,-0.12418069053007455,0.34090909090909083,0.2760099922473943,0.28409090909090906,0.2760099922473943,-0.008080916843514752,0.28409090909090906,0.5072616073735894,0.37499999999999994,0.5072616073735894,0.13226160737358944,0.37499999999999994,2024-2025,13253.0,24,2
,,6146.0,6,0.2732684602175158,0.2732684602175158,56.0,,eredivisie,eredivisie_2592383,1.0404809518111355,,1.107022761452542,1.1117516363418003,1.107022761452542,1.1117516363418003,0.21766838389620302,0.2949119585178784,0.21766838389620302,-0.07724357462167536,0.2949119585178784,0.2913947719900783,0.27676353030139356,0.2913947719900783,0.014631241688684737,0.27676353030139356,0.4909368441137188,0.42832451118072806,0.4909368441137188,0.06261233293299073,0.42832451118072806,2024-2025,6090.0,6,2
,,5305.0,116,0.23465626836173278,0.23465626836173278,1.0,,eredivisie,eredivisie_2592383,1.0523318213934516,,1.0487778916880948,1.0831552706552707,1.0487778916880948,1.0831552706552707,0.2444848031622243,0.28407036001972713,0.2444848031622243,-0.03958555685750284,0.28407036001972713,0.2763741253138187,0.28850895939503535,0.2763741253138187,-0.012134834081216628,0.28850895939503535,0.4791410715239571,0.42742068058523747,0.4791410715239571,0.05172039093871961,0.42742068058523747,2024-2025,5304.0,116,2
,,7427.0,64,0.2639024121396947,0.2639024121396947,0.0,,eredivisie,eredivisie_2592383,1.0432971583839947,,1.0806952758172272,1.079230925515376,1.0806952758172272,1.079230925515376,0.22569029816471622,0.3228521788168168,0.22569029816471622,-0.0971618806521006,0.3228521788168168,0.28471699153087277,0.272525221530666,0.28471699153087277,0.01219177000020677,0.272525221530666,0.4895927103044109,0.4046225996525172,0.4895927103044109,0.08497011065189375,0.4046225996525172,2024-2025,7427.0,64,2
,,17305.0,13,0.056848265291904676,-0.056848265291904676,14.0,,eredivisie,eredivisie_2592384,1.0897533156926138,,1.0507129681140748,1.065934065934066,1.0507129681140748,1.065934065934066,0.38846314616134875,0.4467353951890034,0.38846314616134875,-0.058272249027654655,0.4467353951890034,0.27992197296920723,0.2405498281786942,0.27992197296920723,0.03937214479051304,0.2405498281786942,0.3316148808694441,0.3127147766323024,0.3316148808694441,0.01890010423714167,0.3127147766323024,2024-2025,17291.0,13,0
,,6167.0,4,0.08609738884968238,-0.08609738884968238,56.0,,eredivisie,eredivisie_2592384,1.0872388775641677,,1.1098057644110275,1.110463324085615,1.1098057644110275,1.110463324085615,0.402258292166549,0.42882143503711306,0.402258292166549,-0.02656314287056405,0.42882143503711306,0.28158080451658435,0.27880031380121906,0.28158080451658435,0.0027804907153652914,0.27880031380121906,0.31616090331686664,0.292378251161668,0.31616090331686664,0.023782652155198647,0.292378251161668,2024-2025,6111.0,4,0
,,7437.0,41,0.040877487413090385,-0.040877487413090385,3.0,,eredivisie,eredivisie_2592384,1.0929588632288696,,1.0476082834143339,1.0916474768467177,1.0476082834143339,1.0916474768467177,0.3758091584751858,0.42214130739228045,0.3758091584751858,-0.04633214891709464,0.42214130739228045,0.2892591704627188,0.26942548148272016,0.2892591704627188,0.019833688979998654,0.26942548148272016,0.3349316710620954,0.3084332111249995,0.3349316710620954,0.02649845993709593,0.3084332111249995,2024-2025,7434.0,41,0
,,8223.0,21,0.048813559322033906,-0.048813559322033906,0.0,,eredivisie,eredivisie_2592384,1.092504597185237,,1.0794789227166277,1.0479629081582322,1.0794789227166277,1.0479629081582322,0.37966101694915255,0.43772121394683333,0.37966101694915255,-0.05806019699768078,0.43772121394683333,0.2894915254237288,0.25446193237442577,0.2894915254237288,0.03502959304930303,0.25446193237442577,0.33084745762711865,0.30781685367874084,0.33084745762711865,0.023030603948377804,0.30781685367874084,2024-2025,8223.0,21,0
,,17380.0,48,0.21313895552685003,0.21313895552685003,0.0,,eredivisie,eredivisie_2592385,1.061393751190741,,1.0539930758159257,1.062568951930654,1.0539930758159257,1.062568951930654,0.24967706218859564,0.3485612577870068,0.24967706218859564,-0.09888419559841116,0.3485612577870068,0.28750692009595863,0.2509641056066449,0.28750692009595863,0.036542814489313735,0.2509641056066449,0.46281601771544567,0.4004746366063483,0.46281601771544567,0.06234138110909737,0.4004746366063483,2024-2025,17380.0,48,0
,,6242.0,7,0.15590479444254646,0.15590479444254646,200.0,,eredivisie,eredivisie_2592385,1.0727656152091378,,1.1079566961919902,1.1126938462334888,1.1079566961919902,1.1126938462334888,0.28652773032684203,0.3175688367968337,0.28652773032684203,-0.03104110646999164,0.3175688367968337,0.27103974490376953,0.26827456959254903,0.27103974490376953,0.0027651753112205024,0.26827456959254903,0.4424325247693885,0.4141565936106172,0.4424325247693885,0.028275931158771306,0.4141565936106172,2024-2025,6042.0,7,0
,,7512.0,123,0.2008169327887115,0.2008169327887115,1.0,,eredivisie,eredivisie_2592385,1.0665888227549005,,1.0495915440259416,1.0964367440339982,1.0495915440259416,1.0964367440339982,0.250724099517267,0.34287418008348236,0.250724099517267,-0.09215008056621538,0.34287418008348236,0.29773486817675454,0.2605843768634466,0.29773486817675454,0.03715049131330794,0.2605843768634466,0.4515410323059785,0.39654144305307093,0.4515410323059785,0.054999589252907544,0.39654144305307093,2024-2025,7511.0,123,0
,,8298.0,89,0.18574883501445172,0.18574883501445172,0.0,,eredivisie,eredivisie_2592385,1.0670579168574732,,1.0785586135817078,1.0510086502101692,1.0785586135817078,1.0510086502101692,0.2687429953400578,0.34473440395305754,0.2687429953400578,-0.07599140861299974,0.34473440395305754,0.2767651743054326,0.25038604076590487,0.2767651743054326,0.026379133539527755,0.25038604076590487,0.4544918303545095,0.4048795552810377,0.4544918303545095,0.04961227507347182,0.4048795552810377,2024-2025,8298.0,89,0
,,17170.0,29,0.4636363636363636,0.4636363636363636,15.0,,eredivisie,eredivisie_2592386,0.9159675710132135,,1.0628019323671496,1.0653918207082715,1.0628019323671496,1.0653918207082715,0.16363636363636366,0.21677178079286996,0.16363636363636366,-0.0531354171565063,0.21677178079286996,0.2090909090909091,0.24067225918798132,0.2090909090909091,-0.03158135009707222,0.24067225918798132,0.6272727272727273,0.5425559600191486,0.6272727272727273,0.08471676725357868,0.5425559600191486,2024-2025,17155.0,29,0
,,6033.0,4,0.42774566473988435,0.42774566473988435,608.0,,eredivisie,eredivisie_2592386,0.9455951831704748,,1.108974358974359,1.1133486766398157,1.108974358974359,1.1133486766398157,0.17341040462427743,0.20413436692506462,0.17341040462427743,-0.030723962300787194,0.20413436692506462,0.2254335260115607,0.22739018087855298,0.2254335260115607,-0.0019566548669922856,0.22739018087855298,0.6011560693641618,0.5684754521963824,0.6011560693641618,0.03268061716777937,0.5684754521963824,2024-2025,5425.0,4,0
,,7302.0,71,0.4636763601244768,0.4636763601244768,1.0,,eredivisie,eredivisie_2592386,0.9198089360357371,,1.0501464953797612,1.0810421171866955,1.0501464953797612,1.0810421171866955,0.15870801588153233,0.2055629643741665,0.15870801588153233,-0.04685494849263416,0.2055629643741665,0.2189076081124584,0.237188035816346,0.2189076081124584,-0.018280427703887603,0.237188035816346,0.6223843760060092,0.5572489998094876,0.6223843760060092,0.06513537619652154,0.5572489998094876,2024-2025,7301.0,71,0
,,8089.0,35,0.47253291101652967,0.47253291101652967,0.0,,eredivisie,eredivisie_2592386,0.9101005962163048,,1.0846180272254906,1.0509299273344217,1.0846180272254906,1.0509299273344217,0.15896268435118283,0.1762107828205909,0.15896268435118283,-0.017248098469408085,0.1762107828205909,0.20954172028110463,0.2138288151081328,0.20954172028110463,-0.004287094827028187,0.2138288151081328,0.6314955953677125,0.6099604020712762,0.6314955953677125,0.021535193296436272,0.6099604020712762,2024-2025,8089.0,35,0
,,10.0,2,0.21599197581651614,0.21599197581651614,1.0,,eredivisie,eredivisie_2592387,0.931430236681464,,1.0684887531268752,1.0626787712971024,1.0684887531268752,1.0626787712971024,0.11010603385317963,0.1107080163838502,0.11010603385317963,-0.000601982530670564,0.1107080163838502,0.5637959564771247,0.5471035693387946,0.5637959564771247,0.0166923871383301,0.5471035693387946,0.32609800966969577,0.3421884142773552,0.32609800966969577,-0.016090404607659425,0.3421884142773552,2024-2025,9.0,2,1
,,18490.0,22,0.3896050182670435,0.3896050182670435,15.0,,eredivisie,eredivisie_2592388,0.9615633749523533,,1.053866550434056,1.0691821763347371,1.053866550434056,1.0691821763347371,0.1997656303853312,0.23382357612528193,0.1997656303853312,-0.03405794573995072,0.23382357612528193,0.21086372096229405,0.2160033035799371,0.21086372096229405,-0.0051395826176430515,0.2160033035799371,0.5893706486523748,0.550173120294781,0.5893706486523748,0.039197528357593714,0.550173120294781,2024-2025,18475.0,22,0
,,7349.0,4,0.3687585890975721,0.3687585890975721,24.0,,eredivisie,eredivisie_2592388,0.97421307160102,,1.1106023606023605,1.1111111111111112,1.1106023606023605,1.1111111111111112,0.20842876775080163,0.22222222222222224,0.20842876775080163,-0.013793454471420608,0.22222222222222224,0.21438387540082457,0.22222222222222224,0.21438387540082457,-0.007838346821397668,0.22222222222222224,0.5771873568483737,0.5555555555555555,0.5771873568483737,0.021631801292818276,0.5555555555555555,2024-2025,7325.0,4,0
,,8622.0,90,0.38304631332553085,0.38304631332553085,2.0,,eredivisie,eredivisie_2592388,0.969029106469556,,1.0479744883655733,1.0795934119999613,1.0479744883655733,1.0795934119999613,0.1987961879284401,0.22319870864652458,0.1987961879284401,-0.02440252071808449,0.22319870864652458,0.21936131081758906,0.22870978787236473,0.21936131081758906,-0.009348477054775678,0.22870978787236473,0.581842501253971,0.5480915034811107,0.581842501253971,0.03375099777286028,0.5480915034811107,2024-2025,8620.0,90,0
,,10328.0,44,0.3666121112929624,0.3666121112929624,0.0,,eredivisie,eredivisie_2592388,0.9783371892300488,,1.077601410934744,1.049232316200642,1.077601410934744,1.049232316200642,0.20621931260229137,0.22425359380759305,0.20621931260229137,-0.018034281205301678,0.22425359380759305,0.22094926350245503,0.2117950608182823,0.22094926350245503,0.009154202684172719,0.2117950608182823,0.5728314238952538,0.5639513453741246,0.5728314238952538,0.008880078521129153,0.5639513453741246,2024-2025,10328.0,44,0
,,18355.0,29,0.32157752600712697,-0.32157752600712697,12.0,,eredivisie,eredivisie_2592389,1.0084172223667833,,1.058785710055918,1.0678895573763256,1.058785710055918,1.0678895573763256,0.539701816903434,0.5964499519258584,0.539701816903434,-0.05674813502242437,0.5964499519258584,0.2421738922002589,0.21626476316942211,0.2421738922002589,0.02590912903083678,0.21626476316942211,0.21812429089630705,0.18728528490471957,0.21812429089630705,0.03083900599158748,0.18728528490471957,2024-2025,18343.0,29,2
,,7215.0,5,0.2677740863787375,-0.2677740863787375,16.0,,eredivisie,eredivisie_2592389,1.0260018941380231,,1.1089006778661952,1.1108650562780704,1.1089006778661952,1.1108650562780704,0.5182724252491694,0.5591300301617217,0.5182724252491694,-0.0408576049125523,0.5591300301617217,0.23122923588039868,0.2290583584123084,0.23122923588039868,0.0021708774680902765,0.2290583584123084,0.2504983388704319,0.21181161142596988,0.2504983388704319,0.038686727444462,0.21181161142596988,2024-2025,7199.0,5,2
,,8487.0,79,0.29607299983705393,-0.29607299983705393,2.0,,eredivisie,eredivisie_2592389,1.0188370531224908,,1.0526225515419712,1.0786874526808452,1.0526225515419712,1.0786874526808452,0.527782304057357,0.5551213131490373,0.527782304057357,-0.0273390090916803,0.5551213131490373,0.24050839172233987,0.23176314823972308,0.24050839172233987,0.008745243482616794,0.23176314823972308,0.2317093042203031,0.21311553861123964,0.2317093042203031,0.01859376560906345,0.21311553861123964,2024-2025,8485.0,79,2
,,9270.0,59,0.2591093117408906,-0.2591093117408906,0.0,,eredivisie,eredivisie_2592389,1.0354376135837198,,1.0797814207650274,1.0503124326653739,1.0797814207650274,1.0503124326653739,0.506072874493927,0.5667247922863883,0.506072874493927,-0.06065191779246126,0.5667247922863883,0.24696356275303644,0.22402297671556057,0.24696356275303644,0.02294058603747587,0.22402297671556057,0.24696356275303644,0.20925223099805107,0.24696356275303644,0.03771133175498537,0.20925223099805107,2024-2025,9270.0,59,2
,,18490.0,26,0.4877224600135165,0.4877224600135165,48.0,,eredivisie,eredivisie_2592390,0.9030393634667662,,1.0514597027299106,1.0702614379084967,1.0514597027299106,1.0702614379084967,0.14631673800405498,0.15572519083969466,0.14631673800405498,-0.00940845283563968,0.15572519083969466,0.2196440639783735,0.233587786259542,0.2196440639783735,-0.013943722281168497,0.233587786259542,0.6340391980175715,0.6106870229007634,0.6340391980175715,0.023352175116808094,0.6106870229007634,2024-2025,18442.0,26,2
,,7349.0,4,0.496551724137931,0.496551724137931,55.0,,eredivisie,eredivisie_2592390,0.8945245879758557,,1.1136712749615976,1.1137882179294083,1.1136712749615976,1.1137882179294083,0.14482758620689654,0.1973267594703084,0.14482758620689654,-0.05249917326341186,0.1973267594703084,0.21379310344827585,0.23442212939684154,0.21379310344827585,-0.020629025948565693,0.23442212939684154,0.6413793103448275,0.5682511111328501,0.6413793103448275,0.07312819921197744,0.5682511111328501,2024-2025,7294.0,4,2
,,8622.0,77,0.4951174686122982,0.4951174686122982,6.0,,eredivisie,eredivisie_2592390,0.9021446971406947,,1.0530967260516744,1.0798621668186887,1.0530967260516744,1.0798621668186887,0.1337437169238945,0.20131393711872358,0.1337437169238945,-0.06757022019482908,0.20131393711872358,0.23739509753991273,0.2374472078836227,0.23739509753991273,-5.211034370997125e-05,0.2374472078836227,0.6288611855361927,0.5612388549976536,0.6288611855361927,0.06762233053853917,0.5612388549976536,2024-2025,8616.0,77,2
,,9403.0,51,0.4850149970005999,0.4850149970005999,0.0,,eredivisie,eredivisie_2592390,0.9069103645104877,,1.0804245478679277,1.048099583964601,1.0804245478679277,1.048099583964601,0.14461907618476302,0.19877246067141813,0.14461907618476302,-0.054153384486655104,0.19877246067141813,0.22574685062987404,0.22990549668019442,0.22574685062987404,-0.004158646050320375,0.22990549668019442,0.6296340731853629,0.5713220426483874,0.6296340731853629,0.058312030536975534,0.5713220426483874,2024-2025,9403.0,51,2
,,15940.0,29,0.02826855123674915,-0.02826855123674915,36.0,,eredivisie,eredivisie_2592391,1.0871472522600287,,1.0481481481481483,1.0650856389986827,1.0481481481481483,1.0650856389986827,0.38162544169611307,0.40821375556655115,0.38162544169611307,-0.026588313870438085,0.40821375556655115,0.26501766784452296,0.25037110341415136,0.26501766784452296,0.0146465644303716,0.25037110341415136,0.3533568904593639,0.3414151410192973,0.3533568904593639,0.011941749440066596,0.3414151410192973,2024-2025,15904.0,29,1
,,4804.0,5,0.029213483146067476,-0.029213483146067476,368.0,,eredivisie,eredivisie_2592391,1.0885699471397847,,1.0971400394477318,1.1132921714761235,1.0971400394477318,1.1132921714761235,0.3797752808988764,0.4027967722785339,0.3797752808988764,-0.023021491379657477,0.4027967722785339,0.2696629213483146,0.2657505331896836,0.2696629213483146,0.003912388158630986,0.2657505331896836,0.35056179775280893,0.3314526945317825,0.35056179775280893,0.019109103221026436,0.3314526945317825,2024-2025,4436.0,5,1
,,6075.0,106,0.03305455198706564,-0.03305455198706564,4.0,,eredivisie,eredivisie_2592391,1.0900985101558935,,1.051897810602124,1.095084137768248,1.051897810602124,1.095084137768248,0.3787500748517934,0.4094940998665471,0.3787500748517934,-0.030744025014753706,0.4094940998665471,0.27555440228347866,0.2572315049865916,0.27555440228347866,0.018322897296887075,0.2572315049865916,0.34569552286472777,0.3332743951468613,0.34569552286472777,0.012421127717866465,0.3332743951468613,2024-2025,6071.0,106,1
,,7782.0,59,0.03319458679328158,-0.03319458679328158,0.0,,eredivisie,eredivisie_2592391,1.0879757482913743,,1.0804367035256737,1.0497835497835497,1.0804367035256737,1.0497835497835497,0.38245936957476623,0.4123711340206186,0.38245936957476623,-0.029911764445852362,0.4123711340206186,0.26827584764374907,0.24742268041237112,0.26827584764374907,0.02085316723137795,0.24742268041237112,0.34926478278148465,0.3402061855670103,0.34926478278148465,0.009058597214474329,0.3402061855670103,2024-2025,7782.0,59,1
,,18625.0,26,0.1780821917808219,-0.1780821917808219,0.0,,eredivisie,eredivisie_2592392,1.071303877118103,,1.0695970695970696,1.0648148148148149,1.0695970695970696,1.0648148148148149,0.4452054794520548,0.3478260869565217,0.4452054794520548,0.09737939249553312,0.3478260869565217,0.28767123287671237,0.2608695652173913,0.28767123287671237,0.02680166765932107,0.2608695652173913,0.2671232876712329,0.391304347826087,0.2671232876712329,-0.12418106015485408,0.391304347826087,2024-2025,18625.0,26,0
,,7483.0,4,0.12034283715235267,-0.12034283715235267,354.0,,eredivisie,eredivisie_2592392,1.0820892126737693,,1.1131230529595015,1.1117007992007992,1.1131230529595015,1.1117007992007992,0.4198005947175092,0.3894037255452588,0.4198005947175092,0.030396869172250374,0.3894037255452588,0.2807416477173343,0.28110081437798373,0.2807416477173343,-0.0003591666606494459,0.28110081437798373,0.2994577575651565,0.32949546007675745,0.2994577575651565,-0.030037702511600928,0.32949546007675745,2024-2025,7129.0,4,0
,,8757.0,45,0.1572327044025157,-0.1572327044025157,1.0,,eredivisie,eredivisie_2592392,1.076607366068579,,1.0474308300395256,1.0820482957895978,1.0474308300395256,1.0820482957895978,0.4339622641509434,0.3787594945331926,0.4339622641509434,0.055202769617750835,0.3787594945331926,0.289308176100629,0.2888041145815593,0.289308176100629,0.0005040615190696762,0.2888041145815593,0.2767295597484277,0.3324363908852482,0.2767295597484277,-0.055706831136820456,0.3324363908852482,2024-2025,8756.0,45,0
,,9537.0,28,0.16241159046486792,-0.16241159046486792,0.0,,eredivisie,eredivisie_2592392,1.0745792179675127,,1.0801334196679744,1.0478227036679406,1.0801334196679744,1.0478227036679406,0.4387732484333125,0.39274071109960335,0.4387732484333125,0.046032537333709156,0.39274071109960335,0.2848650935982429,0.26883378252733414,0.2848650935982429,0.01603131107090877,0.26883378252733414,0.2763616579684446,0.33842550637306246,0.2763616579684446,-0.06206384840461787,0.33842550637306246,2024-2025,9537.0,28,0
,,27715.0,8,0.7797752808988764,0.7797752808988764,13.0,,eredivisie,eredivisie_2592393,0.5410380799376757,,1.0595238095238095,1.0566239316239316,1.0595238095238095,1.0566239316239316,0.06292134831460675,0.07280080889787664,0.06292134831460675,-0.009879460583269897,0.07280080889787664,0.09438202247191012,0.11830131445904954,0.09438202247191012,-0.02391929198713942,0.11830131445904954,0.8426966292134831,0.8088978766430739,0.8426966292134831,0.03379875257040921,0.8088978766430739,2024-2025,27702.0,8,0
,,22136.0,63,0.8152396558787381,0.8152396558787381,7.0,,eredivisie,eredivisie_2592393,0.49225408179735164,,1.0567099567099567,1.100376929094659,1.0567099567099567,1.100376929094659,0.04506349856616141,0.060585300276621595,0.04506349856616141,-0.015521801710460185,0.060585300276621595,0.09463334698893897,0.10567203536620046,0.09463334698893897,-0.01103868837726149,0.10567203536620046,0.8603031544448996,0.8337426643571779,0.8603031544448996,0.026560490087721655,0.8337426643571779,2024-2025,22129.0,63,0
,,25459.0,9,0.7915690866510539,0.7915690866510539,0.0,,eredivisie,eredivisie_2592393,0.5338327314122232,,1.0782828282828283,1.0484815880786509,1.0782828282828283,1.0484815880786509,0.051522248243559714,0.054500582358886995,0.051522248243559714,-0.0029783341153272816,0.054500582358886995,0.10538641686182669,0.10146385013622579,0.10538641686182669,0.003922566725600901,0.10146385013622579,0.8430913348946135,0.8440355675048872,0.8430913348946135,-0.0009442326102736542,0.8440355675048872,2024-2025,25459.0,9,0
,,28900.0,31,0.558918918918919,0.558918918918919,12.0,,eredivisie,eredivisie_2592394,0.8262179300411407,,1.0599694423223833,1.0718109413761587,1.0599694423223833,1.0718109413761587,0.13477477477477479,0.16226093312218298,0.13477477477477479,-0.027486158347408196,0.16226093312218298,0.17153153153153156,0.20733341454501156,0.17153153153153156,-0.03580188301348,0.20733341454501156,0.6936936936936937,0.6304056523328054,0.6936936936936937,0.06328804136088828,0.6304056523328054,2024-2025,28888.0,31,2
,,8770.0,2,0.49546457465064964,0.49546457465064964,3237.0,,eredivisie,eredivisie_2592394,0.8936889557524301,,1.1107782800501063,1.1108500503586192,1.1107782800501063,1.1108500503586192,0.14758519244912968,0.17825970473356928,0.14758519244912968,-0.030674512284439598,0.17825970473356928,0.20936504045109094,0.2093515136987267,0.20936504045109094,1.3526752364240169e-05,0.2093515136987267,0.6430497670997793,0.6123887815677039,0.6430497670997793,0.030660985532075413,0.6123887815677039,2024-2025,5533.0,2,2
,,23320.0,126,0.5588764854159164,0.5588764854159164,2.0,,eredivisie,eredivisie_2592394,0.8382866805991899,,1.0486764095011518,1.1005083514887437,1.0486764095011518,1.1005083514887437,0.12225423118473173,0.18173419559192291,0.12225423118473173,-0.05947996440719118,0.18173419559192291,0.1966150522146201,0.22436320443447275,0.1966150522146201,-0.027748152219852634,0.22436320443447275,0.6811307166006482,0.5939025999736043,0.6811307166006482,0.08722811662704388,0.5939025999736043,2024-2025,23318.0,126,2
,,26638.0,58,0.5667510517106585,0.5667510517106585,0.0,,eredivisie,eredivisie_2592394,0.8245997683406856,,1.0849444319905324,1.0513493999900414,1.0849444319905324,1.0513493999900414,0.12626112207289378,0.16984974602460423,0.12626112207289378,-0.04358862395171045,0.16984974602460423,0.18072670414355388,0.2002439111026913,0.18072670414355388,-0.019517206959137418,0.2002439111026913,0.6930121737835523,0.6299063428727044,0.6930121737835523,0.06310583091084787,0.6299063428727044,2024-2025,26638.0,58,2
,,27353.0,40,0.11932739059967584,-0.11932739059967584,22.0,,eredivisie,eredivisie_2592396,1.0862279537184079,,1.0650555615492503,1.057754010695187,1.0650555615492503,1.057754010695187,0.40822528363047,0.37815975733063706,0.40822528363047,0.030065526299832945,0.37815975733063706,0.3028768233387358,0.27805864509605666,0.3028768233387358,0.024818178242679123,0.27805864509605666,0.28889789303079416,0.3437815975733064,0.28889789303079416,-0.054883704542512235,0.3437815975733064,2024-2025,27331.0,40,1
,,7484.0,8,0.1395362806343104,-0.1395362806343104,73.0,,eredivisie,eredivisie_2592396,1.0784617912401946,,1.1082928907617848,1.10985842504726,1.1082928907617848,1.10985842504726,0.4296612205670351,0.3801754518843924,0.4296612205670351,0.049485768682642706,0.3801754518843924,0.28021383950024026,0.2798185779397547,0.28021383950024026,0.0003952615604855825,0.2798185779397547,0.2901249399327247,0.3400059701758529,0.2901249399327247,-0.04988103024312818,0.3400059701758529,2024-2025,7411.0,8,1
,,22041.0,132,0.08372721134368671,-0.08372721134368671,21.0,,eredivisie,eredivisie_2592396,1.0908658692496207,,1.0796427920539458,1.1006765278387385,1.0796427920539458,1.1006765278387385,0.3924713031735314,0.3833468940221293,0.3924713031735314,0.009124409151402113,0.3833468940221293,0.2987846049966239,0.27120362353207356,0.2987846049966239,0.027580981464550347,0.27120362353207356,0.3087440918298447,0.3454494824457972,0.3087440918298447,-0.036705390615952516,0.3454494824457972,2024-2025,22020.0,132,1
,,25367.0,57,0.1266216917488323,-0.1266216917488323,26.0,,eredivisie,eredivisie_2592396,1.0850134983179456,,1.0800056045957684,1.0504668857174329,1.0800056045957684,1.0504668857174329,0.41152049818370523,0.37926600059353055,0.41152049818370523,0.03225449759017468,0.37926600059353055,0.30358069538142196,0.2681570877435948,0.30358069538142196,0.03542360763782715,0.2681570877435948,0.2848988064348729,0.35257691166287464,0.2848988064348729,-0.06767810522800172,0.35257691166287464,2024-2025,25341.0,57,1
,,29035.0,16,0.15384615384615385,0.15384615384615385,0.0,,eredivisie,eredivisie_2592397,1.0759123422701637,,1.0427807486631016,1.0628403854210304,1.0427807486631016,1.0628403854210304,0.28205128205128205,0.30350808040993305,0.28205128205128205,-0.021456798358650997,0.30350808040993305,0.28205128205128205,0.2688214426487978,0.28205128205128205,0.013229839402484234,0.2688214426487978,0.4358974358974359,0.42767047694126925,0.4358974358974359,0.008226958956166652,0.42767047694126925,2024-2025,29035.0,16,2
,,8912.0,1,0.11006370746361421,0.11006370746361421,8912.0,,eredivisie,eredivisie_2592397,1.0793419956123742,,1.1108234373561632,1.1108234373561632,1.1108234373561632,1.1108234373561632,0.3125809291966644,0.3125809291966644,0.3125809291966644,0.0,0.3125809291966644,0.2647744341430569,0.2647744341430569,0.2647744341430569,0.0,0.2647744341430569,0.4226446366602786,0.4226446366602786,0.4226446366602786,0.0,0.4226446366602786,2024-2025,0.0,1,2
,,23455.0,47,0.15488383712215836,0.15488383712215836,1.0,,eredivisie,eredivisie_2592397,1.0777722844946362,,1.0500360679388812,1.1126100267891312,1.0500360679388812,1.1126100267891312,0.2760429677741694,0.2995958379912288,0.2760429677741694,-0.023552870217059374,0.2995958379912288,0.2930302273295029,0.2682947802906527,0.2930302273295029,0.024735447038850222,0.2682947802906527,0.4309268048963278,0.43210938171811847,0.4309268048963278,-0.0011825768217906818,0.43210938171811847,2024-2025,23454.0,47,2
,,26765.0,31,0.15169595422966897,0.15169595422966897,0.0,,eredivisie,eredivisie_2592397,1.0776996094374924,,1.0828200226564713,1.0496009087558382,1.0828200226564713,1.0496009087558382,0.2798528810788721,0.30245811985493065,0.2798528810788721,-0.022605238776058578,0.30245811985493065,0.2885982836125868,0.26837833170226244,0.2885982836125868,0.020219951910324385,0.26837833170226244,0.43154883530854105,0.42916354844280696,0.43154883530854105,0.002385286865734082,0.42916354844280696,2024-2025,26765.0,31,2
,,27850.0,47,0.533969010727056,0.533969010727056,14.0,,eredivisie,eredivisie_2592398,0.8498926738214052,,1.0689600254817648,1.0599694423223833,1.0689600254817648,1.0599694423223833,0.1439213349225268,0.13477477477477479,0.1439213349225268,0.009146560147752003,0.13477477477477479,0.1781883194278903,0.17153153153153156,0.1781883194278903,0.006656787896358735,0.17153153153153156,0.6778903456495828,0.6936936936936937,0.6778903456495828,-0.015803348044110876,0.6936936936936937,2024-2025,27836.0,47,1
,,22270.0,152,0.5369910151022749,0.5369910151022749,1.0,,eredivisie,eredivisie_2592398,0.8481645361293684,,1.0522186909120168,1.1001880850319308,1.0522186909120168,1.1001880850319308,0.14184668323456315,0.1623099095517344,0.14184668323456315,-0.020463226317171263,0.1623099095517344,0.17931561842859875,0.19759467249776366,0.17931561842859875,-0.018279054069164913,0.19759467249776366,0.678837698336838,0.640095417950502,0.678837698336838,0.03874228038633609,0.640095417950502,2024-2025,22269.0,152,1
,,25592.0,26,0.5164490637347534,0.5164490637347534,0.0,,eredivisie,eredivisie_2592398,0.8669880953484834,,1.0807147830123,1.0503385503385503,1.0807147830123,1.0503385503385503,0.14924411613124888,0.1511228533685601,0.14924411613124888,-0.0018787372373112177,0.1511228533685601,0.18506270400274863,0.1830911492734478,0.18506270400274863,0.0019715547293008284,0.1830911492734478,0.6656931798660023,0.6657859973579922,0.6656931798660023,-9.281749198986056e-05,0.6657859973579922,2024-2025,25592.0,26,1
,,26360.0,29,0.08755942947702061,-0.08755942947702061,63.0,,eredivisie,eredivisie_2592399,1.086514680454374,,1.0529828952857738,1.0683364254792826,1.0529828952857738,1.0683364254792826,0.4041204437400951,0.3820549927641099,0.4041204437400951,0.022065450975985168,0.3820549927641099,0.2793185419968304,0.28364688856729375,0.2793185419968304,-0.004328346570463326,0.28364688856729375,0.3165610142630745,0.3342981186685962,0.3165610142630745,-0.01773710440552173,0.3342981186685962,2024-2025,26297.0,29,2
,,6223.0,3,0.05535311778908264,-0.05535311778908264,713.0,,eredivisie,eredivisie_2592399,1.0884708804906964,,1.113727334607378,1.1139531210428868,1.113727334607378,1.1139531210428868,0.3903851465124774,0.40255777806315624,0.3903851465124774,-0.012172631550678825,0.40255777806315624,0.2745828247641278,0.2745271697494918,0.2745828247641278,5.565501463600242e-05,0.2745271697494918,0.33503202872339477,0.32291505218735195,0.33503202872339477,0.012116976536042823,0.32291505218735195,2024-2025,5510.0,3,2
,,20781.0,84,0.06544502617801046,-0.06544502617801046,1.0,,eredivisie,eredivisie_2592399,1.0903381992151298,,1.077510724569548,1.1140637475569315,1.077510724569548,1.1140637475569315,0.3899432809773124,0.40800668322817507,0.3899432809773124,-0.01806340225086267,0.40800668322817507,0.2855584642233857,0.2679446874931299,0.2855584642233857,0.017613776730255826,0.2679446874931299,0.32449825479930194,0.32404862927869504,0.32449825479930194,0.0004496255206069,0.32404862927869504,2024-2025,20780.0,84,2
,,24110.0,48,0.07578709231445985,-0.07578709231445985,10.0,,eredivisie,eredivisie_2592399,1.0869503367870865,,1.0822850885694562,1.0498577410487513,1.0822850885694562,1.0498577410487513,0.39998743165964934,0.4088025763638138,0.39998743165964934,-0.008815144704164446,0.4088025763638138,0.27581222899516117,0.2683126768810383,0.27581222899516117,0.007499552114122843,0.2683126768810383,0.3242003393451895,0.32288474675514783,0.3242003393451895,0.0013155925900416587,0.32288474675514783,2024-2025,24100.0,48,2
,,28765.0,40,0.6438791732909381,0.6438791732909381,14.0,,eredivisie,eredivisie_2592400,0.7530968187462046,,1.0721590909090908,1.0695267580716497,1.0721590909090908,1.0695267580716497,0.08479067302596716,0.10999917293854934,0.08479067302596716,-0.025208499912582186,0.10999917293854934,0.18653948065712775,0.1869985939955339,0.18653948065712775,-0.00045911333840614743,0.1869985939955339,0.7286698463169052,0.7030022330659168,0.7286698463169052,0.02566761325098843,0.7030022330659168,2024-2025,28751.0,40,0
,,8634.0,7,0.5656697009102731,0.5656697009102731,68.0,,eredivisie,eredivisie_2592400,0.8337025963430624,,1.1096681096681096,1.1084922622690194,1.1096681096681096,1.1084922622690194,0.11703511053315994,0.13878865832697804,0.11703511053315994,-0.021753547793818093,0.13878865832697804,0.20026007802340703,0.20272500654502407,0.20026007802340703,-0.0024649285216170325,0.20272500654502407,0.6827048114434331,0.6584863351279979,0.6827048114434331,0.024218476315435167,0.6584863351279979,2024-2025,8566.0,7,0
,,23185.0,127,0.6288238003630747,0.6288238003630747,7.0,,eredivisie,eredivisie_2592400,0.7721394548448909,,1.0511221234905446,1.1009817671809259,1.0511221234905446,1.1009817671809259,0.08648765816782725,0.14649681528662417,0.08648765816782725,-0.060009157118796924,0.14649681528662417,0.19820088330127075,0.1953290870488322,0.19820088330127075,0.002871796252438552,0.1953290870488322,0.715311458530902,0.6581740976645435,0.715311458530902,0.057137360866358455,0.6581740976645435,2024-2025,23178.0,127,0
,,26505.0,76,0.6366543251430494,0.6366543251430494,0.0,,eredivisie,eredivisie_2592400,0.7579034554197969,,1.079709267110842,1.055875568541949,1.079709267110842,1.055875568541949,0.09261752496353641,0.1229975706791536,0.09261752496353641,-0.030380045715617185,0.1229975706791536,0.1781106249298777,0.18570221455480057,0.1781106249298777,-0.007591589624922873,0.18570221455480057,0.7292718501065858,0.6913002147660459,0.7292718501065858,0.03797163534053993,0.6913002147660459,2024-2025,26505.0,76,0
,,27790.0,22,0.07208209693372891,-0.07208209693372891,20.0,,eredivisie,eredivisie_2592401,1.0891813199040343,,1.0697988175072417,1.0589611685563374,1.0697988175072417,1.0589611685563374,0.39441147378832836,0.3632006498781478,0.39441147378832836,0.03121082391018054,0.3632006498781478,0.28325914935707225,0.27774167343623074,0.28325914935707225,0.005517475920841508,0.27774167343623074,0.32232937685459945,0.3590576766856215,0.32232937685459945,-0.03672829983102205,0.3590576766856215,2024-2025,27770.0,22,2
,,22211.0,88,0.057270649040850774,-0.057270649040850774,6.0,,eredivisie,eredivisie_2592401,1.090869325364142,,1.0481933484886055,1.1015130264779636,1.0481933484886055,1.1015130264779636,0.38624391213597054,0.3660653998263721,0.38624391213597054,0.02017851230959844,0.3660653998263721,0.2847828247689096,0.2751036944149705,0.2847828247689096,0.00967913035393908,0.2751036944149705,0.32897326309511976,0.3588309057586573,0.32897326309511976,-0.02985764266353752,0.3588309057586573,2024-2025,22205.0,88,2
,,25533.0,27,0.06638058200348668,-0.06638058200348668,0.0,,eredivisie,eredivisie_2592401,1.089169705934903,,1.0788717926459632,1.0506696755051297,1.0788717926459632,1.0506696755051297,0.39275177685396273,0.36890462174846866,0.39275177685396273,0.023847155105494067,0.36890462174846866,0.2808770282955612,0.2719354068888712,0.2808770282955612,0.008941621406690026,0.2719354068888712,0.32637119485047605,0.3591599713626601,0.32637119485047605,-0.03278877651218404,0.3591599713626601,2024-2025,25533.0,27,2
,,30040.0,29,0.13461538461538464,0.13461538461538464,3.0,,eredivisie,eredivisie_2592402,1.0811583338324033,,1.0505050505050504,1.0616883116883118,1.0505050505050504,1.0616883116883118,0.2884615384615385,0.3363914373088685,0.2884615384615385,-0.04792989884733001,0.3363914373088685,0.2884615384615385,0.23547400611620792,0.2884615384615385,0.052987532345330574,0.23547400611620792,0.42307692307692313,0.4281345565749235,0.42307692307692313,-0.005057633498000369,0.4281345565749235,2024-2025,30037.0,29,2
,,7189.0,2,0.14660257810793093,0.14660257810793093,57.0,,eredivisie,eredivisie_2592402,1.0796659953845213,,1.1165593286494926,1.114732854864434,1.1165593286494926,1.114732854864434,0.2798776491151409,0.3262094250201198,0.2798776491151409,-0.04633177590497889,0.3262094250201198,0.2936421236617872,0.2803362246266654,0.2936421236617872,0.013305899035121804,0.2803362246266654,0.42648022722307183,0.3934543503532147,0.42648022722307183,0.03302587686985714,0.3934543503532147,2024-2025,7132.0,2,2
,,8577.0,47,0.12760209139147505,0.12760209139147505,1.0,,eredivisie,eredivisie_2592402,1.0834224569276303,,1.0474038334300344,1.0798898071625345,1.0474038334300344,1.0798898071625345,0.28931563295690876,0.336734693877551,0.28931563295690876,-0.04741906092064224,0.336734693877551,0.29376664269470737,0.28061224489795916,0.29376664269470737,0.013154397796748207,0.28061224489795916,0.4169177243483838,0.3826530612244898,0.4169177243483838,0.034264663123894035,0.3826530612244898,2024-2025,8576.0,47,2
,,9496.0,28,0.10584048566045634,0.10584048566045634,7.0,,eredivisie,eredivisie_2592402,1.086093876632969,,1.0828467285652112,1.084146826918512,1.0828467285652112,1.084146826918512,0.3027841741678878,0.33786970289025126,0.3027841741678878,-0.03508552872236348,0.33786970289025126,0.288591166003768,0.2712894967324665,0.288591166003768,0.0173016692713015,0.2712894967324665,0.4086246598283441,0.39084080037728225,0.4086246598283441,0.017783859451061867,0.39084080037728225,2024-2025,9489.0,28,2
,,28990.0,24,0.47368421052631576,0.47368421052631576,13.0,,eredivisie,eredivisie_2592403,0.9097077103274986,,1.0555555555555556,1.0619602899464229,1.0555555555555556,1.0619602899464229,0.15789473684210525,0.18833095916429252,0.15789473684210525,-0.030436222322187262,0.18833095916429252,0.21052631578947367,0.24780389363722696,0.21052631578947367,-0.03727757784775329,0.24780389363722696,0.631578947368421,0.5638651471984806,0.631578947368421,0.06771380016994044,0.5638651471984806,2024-2025,28977.0,24,0
,,6140.0,3,0.45530573073759256,0.45530573073759256,899.0,,eredivisie,eredivisie_2592403,0.9253719889995848,,1.1153757932563653,1.1113993024970146,1.1153757932563653,1.1113993024970146,0.16301069372086646,0.19560144032788798,0.16301069372086646,-0.03259074660702152,0.19560144032788798,0.21867288182067451,0.2349260118820586,0.21867288182067451,-0.016253130061384097,0.2349260118820586,0.618316424458459,0.5694725477900535,0.618316424458459,0.048843876668405506,0.5694725477900535,2024-2025,5241.0,3,0
,,7527.0,76,0.4648326715825297,0.4648326715825297,142.0,,eredivisie,eredivisie_2592403,0.9183032973203713,,1.047534165181224,1.0776487663280117,1.047534165181224,1.0776487663280117,0.15910380034032898,0.17845117845117842,0.15910380034032898,-0.01934737811084944,0.17845117845117842,0.21695972773681224,0.2379349046015713,0.21695972773681224,-0.020975176864759054,0.2379349046015713,0.6239364719228587,0.5836139169472502,0.6239364719228587,0.04032255497560855,0.5836139169472502,2024-2025,7385.0,76,0
,,8452.0,37,0.44617784711388453,0.44617784711388453,57.0,,eredivisie,eredivisie_2592403,0.9280763165413751,,1.0791245791245792,1.0808954640825146,1.0791245791245792,1.0808954640825146,0.17160686427457097,0.18880792771786653,0.17160686427457097,-0.017201063443295556,0.18880792771786653,0.21060842433697347,0.2256484989798893,0.21060842433697347,-0.015040074642915846,0.2256484989798893,0.6177847113884555,0.5855435733022443,0.6177847113884555,0.03224113808621121,0.5855435733022443,2024-2025,8395.0,37,0
,,30040.0,25,0.4196442666947324,-0.4196442666947324,2.0,,eredivisie,eredivisie_2592404,0.9531686965815077,,1.0468386332649322,1.0655141037306641,1.0468386332649322,1.0655141037306641,0.5933273693627322,0.5977796754910334,0.5933273693627322,-0.0044523061283011645,0.5977796754910334,0.23298952796926806,0.22345573583831485,0.23298952796926806,0.009533792130953206,0.22345573583831485,0.1736831026679998,0.17876458867065187,0.1736831026679998,-0.005081486002652069,0.17876458867065187,2024-2025,30038.0,25,2
,,7189.0,2,0.40529622980251345,-0.40529622980251345,352.0,,eredivisie,eredivisie_2592404,0.9518309964098268,,1.1142785696424107,1.1142970927917164,1.1142785696424107,1.1142970927917164,0.598294434470377,0.5789849892780558,0.598294434470377,0.01930944519232125,0.5789849892780558,0.20870736086175942,0.22158684774839174,0.20870736086175942,-0.012879486886632319,0.22158684774839174,0.19299820466786352,0.19942816297355254,0.19299820466786352,-0.006429958305689015,0.19942816297355254,2024-2025,6837.0,2,2
,,8577.0,73,0.4115481261505798,-0.4115481261505798,1.0,,eredivisie,eredivisie_2592404,0.9568351411468503,,1.0507611131270658,1.0798249726519769,1.0507611131270658,1.0798249726519769,0.591112484714925,0.5861240556890214,0.591112484714925,0.0049884290259035735,0.5861240556890214,0.22932315672072992,0.22866074271324788,0.22932315672072992,0.0006624140074820428,0.22866074271324788,0.17956435856434516,0.18521520159773078,0.17956435856434516,-0.005650843033385616,0.18521520159773078,2024-2025,8576.0,73,2
,,9495.0,27,0.3624183811753111,-0.3624183811753111,0.0,,eredivisie,eredivisie_2592404,0.982599268378282,,1.0796215937619498,1.0810176188625469,1.0796215937619498,1.0810176188625469,0.5682518171738328,0.5781589394052881,0.5682518171738328,-0.00990712223145529,0.5781589394052881,0.22591474682764573,0.22290465133697848,0.22591474682764573,0.0030100954906672472,0.22290465133697848,0.20583343599852164,0.19893640925773348,0.20583343599852164,0.006897026740788154,0.19893640925773348,2024-2025,9495.0,27,2
,,29905.0,31,0.34670396033310036,-0.34670396033310036,7.0,,eredivisie,eredivisie_2592405,1.0014253386764378,,1.0696994424044608,1.0644257703081232,1.0696994424044608,1.0644257703081232,0.543512809103045,0.4473684210526316,0.543512809103045,0.09614438805041342,0.4473684210526316,0.25967834212701035,0.27631578947368424,0.25967834212701035,-0.016637447346673884,0.27631578947368424,0.19680884876994467,0.27631578947368424,0.19680884876994467,-0.07950694070373956,0.27631578947368424,2024-2025,29898.0,31,0
,,7055.0,4,0.2832280804817153,-0.2832280804817153,167.0,,eredivisie,eredivisie_2592405,1.0225488322986986,,1.111219910240718,1.1111552823607413,1.111219910240718,1.1111552823607413,0.5232045821706565,0.5389007321617332,0.5232045821706565,-0.015696149991076713,0.5389007321617332,0.2368189161404024,0.23497760384075567,0.2368189161404024,0.0018413122996467357,0.23497760384075567,0.2399765016889411,0.22612166399751113,0.2399765016889411,0.013854837691429978,0.22612166399751113,2024-2025,6888.0,4,0
,,8442.0,43,0.3325387365911801,-0.3325387365911801,2.0,,eredivisie,eredivisie_2592405,1.0052161542296956,,1.0477022977022976,1.0795929721917985,1.0477022977022976,1.0795929721917985,0.5423122765196664,0.5480917267644437,0.5423122765196664,-0.005779450244777329,0.5480917267644437,0.24791418355184744,0.24375658374523945,0.24791418355184744,0.004157599806607987,0.24375658374523945,0.2097735399284863,0.20815168949031684,0.2097735399284863,0.0016218504381694532,0.20815168949031684,2024-2025,8440.0,43,0
,,9365.0,38,0.30936053778333283,-0.30936053778333283,0.0,,eredivisie,eredivisie_2592405,1.0144483400681685,,1.0788343938366896,1.0784623448236248,1.0788343938366896,1.0784623448236248,0.5327162787555316,0.539096568023701,0.5327162787555316,-0.006380289268169359,0.539096568023701,0.24392798027226975,0.23474584734196596,0.24392798027226975,0.009182132930303788,0.23474584734196596,0.2233557409721988,0.2261575846343331,0.2233557409721988,-0.002801843662134318,0.2261575846343331,2024-2025,9365.0,38,0
,,30175.0,36,0.3800548520744588,0.3800548520744588,14.0,,eredivisie,eredivisie_2592406,0.9790943429830821,,1.0588198949644734,1.061563235476279,1.0588198949644734,1.061563235476279,0.18888953725856333,0.34889148191365227,0.18888953725856333,-0.16000194465508893,0.34889148191365227,0.24216607340841456,0.24154025670945162,0.24216607340841456,0.0006258166989629443,0.24154025670945162,0.5689443893330222,0.40956826137689617,0.5689443893330222,0.159376127956126,0.40956826137689617,2024-2025,30161.0,36,0
,,7323.0,4,0.33456075749605474,0.33456075749605474,451.0,,eredivisie,eredivisie_2592406,1.0045266003904307,,1.1163965233732676,1.1143237681996374,1.1163965233732676,1.1143237681996374,0.20831141504471332,0.24721907718884595,0.20831141504471332,-0.03890766214413263,0.24721907718884595,0.24881641241451868,0.25422245048031467,0.24881641241451868,-0.005406038065795982,0.25422245048031467,0.542872172540768,0.4985584723308394,0.542872172540768,0.04431370020992864,0.4985584723308394,2024-2025,6872.0,4,0
,,8704.0,93,0.3863739763421293,0.3863739763421293,1.0,,eredivisie,eredivisie_2592406,0.9751423985482116,,1.0516526268887911,1.081578658124892,1.0516526268887911,1.081578658124892,0.18644790718835308,0.23707037346205498,0.18644790718835308,-0.0506224662737019,0.23707037346205498,0.24073020928116468,0.26044350887380685,0.24073020928116468,-0.019713299592642175,0.26044350887380685,0.5728218835304824,0.5024861176641382,0.5728218835304824,0.07033576586634416,0.5024861176641382,2024-2025,8703.0,93,0
,,9629.0,66,0.3074204946996466,0.3074204946996466,14.0,,eredivisie,eredivisie_2592406,1.0164453117048629,,1.123015873015873,1.0812942031112969,1.123015873015873,1.0812942031112969,0.2226148409893993,0.23413105908972234,0.2226148409893993,-0.01151621810032305,0.23413105908972234,0.24734982332155478,0.24337307458010615,0.24734982332155478,0.003976748741448627,0.24337307458010615,0.5300353356890459,0.5224958663301714,0.5300353356890459,0.0075394693588745065,0.5224958663301714,2024-2025,9615.0,66,0
,,30370.0,23,0.5205992509363295,0.5205992509363295,0.0,,eredivisie,eredivisie_2592407,0.8746496999650313,,1.0595238095238095,1.0676691729323307,1.0595238095238095,1.0676691729323307,0.1348314606741573,0.1971830985915493,0.1348314606741573,-0.06235163791739201,0.1971830985915493,0.2097378277153558,0.26760563380281693,0.2097378277153558,-0.05786780608746114,0.26760563380281693,0.6554307116104868,0.5352112676056339,0.6554307116104868,0.12021944400485296,0.5352112676056339,2024-2025,30370.0,23,1
,,7517.0,2,0.4780558302274283,0.4780558302274283,6515.0,,eredivisie,eredivisie_2592407,0.902161535092087,,1.1100135089496792,1.1108500503586192,1.1100135089496792,1.1108500503586192,0.160873203012094,0.17825970473356928,0.160873203012094,-0.017386501721475267,0.17825970473356928,0.20019776374838363,0.2093515136987267,0.20019776374838363,-0.00915374995034307,0.2093515136987267,0.6389290332395223,0.6123887815677039,0.6389290332395223,0.026540251671818393,0.6123887815677039,2024-2025,1002.0,2,1
,,8907.0,52,0.49152542372881347,0.49152542372881347,2.0,,eredivisie,eredivisie_2592407,0.9001383476603615,,1.0480668756530827,1.0806476083140075,1.0480668756530827,1.0806476083140075,0.14456630109670987,0.15954673084636986,0.14456630109670987,-0.01498042974965999,0.15954673084636986,0.2193419740777667,0.21520256718812678,0.2193419740777667,0.004139406889639929,0.21520256718812678,0.6360917248255233,0.6252507019655035,0.6360917248255233,0.010841022860019867,0.6252507019655035,2024-2025,8905.0,52,1
,,9817.0,37,0.4992570408339573,0.4992570408339573,0.0,,eredivisie,eredivisie_2592407,0.8901776483625958,,1.0827499591544536,1.079278449060427,1.0827499591544536,1.079278449060427,0.14659909001900592,0.178181721755963,0.14659909001900592,-0.03158263173695708,0.178181721755963,0.20754477912803085,0.20821234901820396,0.20754477912803085,-0.0006675698901731086,0.20821234901820396,0.6458561308529632,0.6136059292258329,0.6458561308529632,0.032250201627130326,0.6136059292258329,2024-2025,9817.0,37,1
,,28930.0,17,0.5405405405405406,-0.5405405405405406,46.0,,eredivisie,eredivisie_2592409,0.850365041637124,,1.0571428571428572,1.0599694423223833,1.0571428571428572,1.0599694423223833,0.6756756756756757,0.6936936936936937,0.6756756756756757,-0.018018018018018056,0.6936936936936937,0.1891891891891892,0.17153153153153156,0.1891891891891892,0.017657657657657644,0.17153153153153156,0.13513513513513511,0.13477477477477479,0.13513513513513511,0.0003603603603603289,0.13477477477477479,2024-2025,28884.0,17,1
,,7467.0,89,0.5669251369659204,-0.5669251369659204,1.0,,eredivisie,eredivisie_2592409,0.8305502706515064,,1.048506093084716,1.0771641206423817,1.048506093084716,1.0771641206423817,0.6861423745427175,0.6727272727272727,0.6861423745427175,0.013415101815444808,0.6727272727272727,0.19464038788048516,0.2018181818181818,0.19464038788048516,-0.007177793937696658,0.2018181818181818,0.11921723757679717,0.12545454545454543,0.11921723757679717,-0.0062373078777482605,0.12545454545454543,2024-2025,7466.0,89,1
,,8396.0,20,0.5506741164802578,-0.5506741164802578,21.0,,eredivisie,eredivisie_2592409,0.8462156355314845,,1.0801159058752654,1.082222820478306,1.0801159058752654,1.082222820478306,0.6757858145860542,0.6695827027923464,0.6757858145860542,0.006203111793707805,0.6695827027923464,0.19910248730814928,0.1945313957586185,0.19910248730814928,0.004571091549530781,0.1945313957586185,0.1251116981057965,0.13588590144903498,0.1251116981057965,-0.010774203343238475,0.13588590144903498,2024-2025,8375.0,20,1
,,28720.0,15,0.7020057306590257,-0.7020057306590257,226.0,,eredivisie,eredivisie_2592410,0.6597930763555067,,1.0575757575757576,1.061904761904762,1.0575757575757576,1.061904761904762,0.7879656160458453,0.7533632286995516,0.7879656160458453,0.03460238734629362,0.7533632286995516,0.12607449856733524,0.1569506726457399,0.12607449856733524,-0.03087617407840465,0.1569506726457399,0.08595988538681948,0.08968609865470852,0.08595988538681948,-0.0037262132678890364,0.08968609865470852,2024-2025,28494.0,15,0
,,5873.0,1,0.6459127488352393,-0.6459127488352393,5873.0,,eredivisie,eredivisie_2592410,0.7330592160767375,,1.1122102882984737,1.1122102882984737,1.1122102882984737,1.1122102882984737,0.7492587886488776,0.7492587886488776,0.7492587886488776,0.0,0.7492587886488776,0.14739517153748413,0.14739517153748413,0.14739517153748413,0.0,0.14739517153748413,0.1033460398136383,0.1033460398136383,0.1033460398136383,0.0,0.1033460398136383,2024-2025,0.0,1,0
,,7257.0,54,0.6876193674313178,-0.6876193674313178,6.0,,eredivisie,eredivisie_2592410,0.6854558077084764,,1.0598349533999154,1.0795616105566828,1.0598349533999154,1.0795616105566828,0.773396016538292,0.753090997430029,0.773396016538292,0.02030501910826299,0.753090997430029,0.14082733435473377,0.14940353658692512,0.14082733435473377,-0.008576202232191354,0.14940353658692512,0.08577664910697422,0.09750546598304587,0.08577664910697422,-0.011728816876071649,0.09750546598304587,2024-2025,7251.0,54,0
,,8200.0,28,0.6624505928853754,-0.6624505928853754,14.0,,eredivisie,eredivisie_2592410,0.7146199019435622,,1.0800887978142077,1.0789373814041747,1.0800887978142077,1.0789373814041747,0.758893280632411,0.7414702778754836,0.758893280632411,0.01742300275692743,0.7414702778754836,0.14466403162055336,0.14948997537812167,0.14466403162055336,-0.004825943757568313,0.14948997537812167,0.09644268774703557,0.10903974674639463,0.09644268774703557,-0.012597058999359062,0.10903974674639463,2024-2025,8186.0,28,0
,,19038.0,16,0.47260192559134667,0.47260192559134667,9.0,,eredivisie,eredivisie_2592412,0.9187802797483047,,1.057440925087984,1.0702614379084967,1.057440925087984,1.0702614379084967,0.1454891239748009,0.15572519083969466,0.1454891239748009,-0.010236066864893756,0.15572519083969466,0.23641982645905146,0.233587786259542,0.23641982645905146,0.0028320401995094724,0.233587786259542,0.6180910495661476,0.6106870229007634,0.6180910495661476,0.0074040266653842,0.6106870229007634,2024-2025,19029.0,16,2
,,8826.0,3,0.4493347653595774,0.4493347653595774,430.0,,eredivisie,eredivisie_2592412,0.9320139368169187,,1.1048871452097258,1.1110366196591746,1.1048871452097258,1.1110366196591746,0.1621988909102865,0.18557945198382345,0.1621988909102865,-0.02338056107353695,0.18557945198382345,0.22626745281984967,0.2261458146034029,0.22626745281984967,0.00012163821644675665,0.2261458146034029,0.6115336562698639,0.5882747334127736,0.6115336562698639,0.023258922857090303,0.5882747334127736,2024-2025,8396.0,3,2
,,8852.0,63,0.48875535325904174,0.48875535325904174,7.0,,eredivisie,eredivisie_2592412,0.904453180756519,,1.0496006250676608,1.0803464755077659,1.0496006250676608,1.0803464755077659,0.14220049776900826,0.17141277301631186,0.14220049776900826,-0.029212275247303604,0.17141277301631186,0.22684365120294173,0.231407243572021,0.22684365120294173,-0.004563592369079272,0.231407243572021,0.63095585102805,0.5971799834116671,0.63095585102805,0.03377586761638285,0.5971799834116671,2024-2025,8845.0,63,2
,,9614.0,16,0.4645278817933408,0.4645278817933408,59.0,,eredivisie,eredivisie_2592412,0.9185952248899962,,1.0833835864261827,1.080845114183626,1.0833835864261827,1.080845114183626,0.159143811355126,0.18504038865093284,0.159143811355126,-0.025896577295806827,0.18504038865093284,0.21718449549640725,0.22565901054991808,0.21718449549640725,-0.008474515053510823,0.22565901054991808,0.6236716931484668,0.589300600799149,0.6236716931484668,0.03437109234931779,0.589300600799149,2024-2025,9555.0,16,2
,,17863.0,9,0.14166501092787598,0.14166501092787598,86.0,,eredivisie,eredivisie_2592414,1.0821266021342753,,1.0611427366645583,1.0603935568872456,1.0611427366645583,1.0603935568872456,0.27717067355454006,0.30420841683366734,0.27717067355454006,-0.02703774327912728,0.30420841683366734,0.3039936419630439,0.28577154308617236,0.3039936419630439,0.01822209887687154,0.28577154308617236,0.41883568448241604,0.41002004008016035,0.41883568448241604,0.008815644402255685,0.41002004008016035,2024-2025,17777.0,9,0
,,7654.0,2,0.0986784140969163,0.0986784140969163,1248.0,,eredivisie,eredivisie_2592414,1.0854887512090026,,1.1118730407523512,1.1122236049509293,1.1118730407523512,1.1122236049509293,0.31013215859030835,0.30685999362754296,0.31013215859030835,0.0032721649627653893,0.30685999362754296,0.28105726872246695,0.27495406156841007,0.28105726872246695,0.006103207154056878,0.27495406156841007,0.40881057268722465,0.4181859448040469,0.40881057268722465,-0.009375372116822267,0.4181859448040469,2024-2025,6406.0,2,0
